Instituição;Código;TCB;SR;TD;TC;Cidade;UF;Data;Ativo Total;Carteira de Crédito;Títulos e Valores Mobiliários;Passivo Exigível;Captações;Patrimônio Líquido;Lucro Líquido;Patrimônio de Referência para Comparação com o RWA (e);Índice de Basileia;Índice de Imobilização;Número de Agências;Número de Postos de Atendimento;
ITAU - PRUDENCIAL;1000080099;b1;S1;C;2;SAO PAULO;SP;03/2026;2.834.355.732;1.221.119.971;595.956.814;2.601.903.408;2.150.956.827;232.452.324;12.150.492;230.527.362;14,77%;20,74%;1.508;1.397
BB - PRUDENCIAL;1000080329;b1;S1;C;1;BRASILIA;DF;03/2026;2.605.723.215;1.119.951.054;750.317.686;2.418.710.674;2.072.420.412;187.012.541;3.205.915;195.560.128;14,23%;21,69%;3.954;316
CAIXA ECONÔMICA FEDERAL - PRUDENCIAL;1000080738;b1;S1;C;1;BRASILIA;DF;03/2026;2.357.609.372;1.343.379.156;437.882.800;2.242.274.132;2.044.762.984;115.335.240;3.093.792;153.863.891;15,13%;10,63%;3.011;865
BRADESCO - PRUDENCIAL;1000080075;b1;S1;C;2;OSASCO;SP;03/2026;1.990.625.784;896.215.875;309.197.884;1.813.401.231;1.552.557.362;177.224.553;5.042.823;171.770.701;14,90%;27,72%;2.137;777
SANTANDER - PRUDENCIAL;1000080185;b1;S1;C;3;SAO PAULO;SP;03/2026;1.316.473.089;547.000.497;246.550.857;1.209.425.158;965.175.346;107.047.931;4.081.450;115.779.445;15,15%;15,06%;1.323;2.528
BNDES - PRUDENCIAL;1000081847;b4;S2;C;1;RIO DE JANEIRO;RJ;03/2026;994.384.189;407.446.762;269.654.423;802.648.505;600.010.790;191.735.684;3.441.749;214.593.430;24,09%;0,88%;5;0
BTG PACTUAL - PRUDENCIAL;1000080336;b1;S1;C;2;RIO DE JANEIRO;RJ;03/2026;785.839.960;211.034.838;255.693.824;707.673.081;547.945.217;78.166.879;4.570.396;96.751.380;15,91%;33,63%;68;0
NU PAGAMENTOS - PRUDENCIAL;1000084693;n1;S2;C;3;SAO PAULO;SP;03/2026;341.124.697;147.571.657;71.627.374;319.996.469;219.046.580;21.128.228;1.420.541;26.194.717;15,10%;NA%;6;0
XP - PRUDENCIAL;1000082475;b1;S2;C;2;RIO DE JANEIRO;RJ;03/2026;331.640.225;37.008.824;151.836.273;320.113.525;201.008.602;11.526.699;-33.499;12.659.670;11,93%;46,97%;12;0
SAFRA - PRUDENCIAL;1000080109;b1;S2;C;2;SAO PAULO;SP;03/2026;286.551.369;137.593.165;57.430.199;268.596.471;223.766.389;17.954.899;988.942;27.793.580;17,35%;9,88%;189;3
BCO COOPERATIVO SICREDI - PRUDENCIAL;1000080745;b1;S2;C;2;PORTO ALEGRE;RS;03/2026;228.814.871;48.426.193;52.894.234;223.434.892;196.056.206;5.379.979;62.769;7.837.217;19,40%;1,53%;7;0
BANCO SICOOB - PRUDENCIAL;1000080879;b1;S2;C;2;BRASILIA;DF;03/2026;203.864.292;42.474.028;59.581.933;197.684.402;170.257.751;6.179.890;185.138;6.726.256;17,97%;10,90%;8;0
CITIBANK - PRUDENCIAL;1000080192;b1;S2;C;3;SAO PAULO;SP;03/2026;170.082.679;29.636.811;44.238.825;159.515.171;132.044.090;10.567.508;340.378;10.276.150;13,42%;2,68%;53;8
BANRISUL - PRUDENCIAL;1000080154;b1;S2;C;1;PORTO ALEGRE;RS;03/2026;163.832.837;60.242.720;70.339.840;152.506.007;140.126.929;11.326.829;221.407;12.946.275;17,47%;11,83%;516;43
BANCO C6 - PRUDENCIAL;1000084844;b1;S3;C;2;SAO PAULO;SP;03/2026;152.734.717;94.604.116;38.467.601;145.994.661;109.950.940;6.740.056;598.411;9.265.565;12,95%;13,84%;6;0
VOTORANTIM - PRUDENCIAL;1000080484;b1;S2;C;2;SAO PAULO;SP;03/2026;150.545.971;79.734.143;32.808.784;137.851.764;109.564.294;12.694.207;476.188;14.426.222;15,01%;5,73%;8;3
JP MORGAN CHASE - PRUDENCIAL;1000080116;b1;S3;C;3;SAO PAULO;SP;03/2026;116.702.377;2.701.253;43.637.409;104.822.416;87.008.799;11.879.961;572.112;11.637.554;23,79%;1,38%;9;0
CIELO IP - PRUDENCIAL;1000084710;n4;NA;C;2;BARUERI;SP;03/2026;116.035.691;0;3.728.882;100.802.050;10.701.022;15.233.642;384.831;4.762.904;18,59%;NA%;1;0
MERCADO PAGO IP - PRUDENCIAL;1000084820;n1;S3;C;3;OSASCO;SP;03/2026;112.328.267;30.389.645;4.314.916;106.491.759;66.343.988;5.836.508;-30.454;5.721.485;12,26%;NA%;5;0
INTER - PRUDENCIAL;1000080996;b1;S3;C;2;BELO HORIZONTE;MG;03/2026;97.475.796;44.979.784;27.014.267;90.017.780;73.744.028;7.458.016;337.760;6.326.881;13,98%;13,12%;5;0
BCO DAYCOVAL S.A - PRUDENCIAL;1000081744;b1;S3;C;2;SAO PAULO;SP;03/2026;96.601.817;60.109.399;20.076.645;89.245.194;78.512.416;7.356.622;441.286;10.194.739;13,55%;16,95%;59;0
PAGSEGURO - PRUDENCIAL;1000084813;b1;S3;C;2;SAO PAULO;SP;03/2026;76.100.530;4.084.294;825.392;68.105.105;48.892.947;7.995.424;495.905;4.623.652;14,19%;NA%;5;0
BCO DO NORDESTE DO BRASIL S.A. - PRUDENCIAL;1000081593;b1;S2;C;1;FORTALEZA;CE;03/2026;75.747.871;18.145.187;44.103.799;59.045.074;22.484.396;16.702.797;500.563;17.516.442;15,46%;2,39%;301;1
ABC-BRASIL - PRUDENCIAL;1000080312;b1;S3;C;3;SAO PAULO;SP;03/2026;69.283.221;20.980.129;29.074.934;62.118.251;51.427.562;7.164.970;233.030;8.947.080;15,83%;0,41%;15;0
BCO DA AMAZONIA S.A. - PRUDENCIAL;1000081249;b1;S3;I;1;BELEM;PA;03/2026;64.644.431;39.703.382;18.300.687;57.461.600;14.847.607;7.182.831;47.537;7.170.368;13,00%;2,54%;115;0
VOLKSWAGEN - PRUDENCIAL;1000080202;b2;S3;C;3;SAO PAULO;SP;03/2026;58.038.922;48.315.779;366.353;49.252.628;44.499.848;8.786.294;-111.882;5.850.633;12,82%;0,11%;3;0
BCO RABOBANK INTL BRASIL S.A. - PRUDENCIAL;1000081555;b1;S3;I;3;SAO PAULO;SP;03/2026;56.389.105;38.503.225;7.480.571;50.726.092;46.097.897;5.663.013;110.640;7.449.507;13,48%;0,87%;19;0
STONE IP - PRUDENCIAL;1000084686;n1;S3;C;3;SAO PAULO;SP;03/2026;52.384.965;2.721.892;42.340;42.078.632;20.685.199;10.306.333;2.184.216;2.823.119;14,37%;NA%;5;0
AGIBANK - PRUDENCIAL;1000083694;b1;S3;C;3;CAMPINAS;SP;03/2026;50.210.591;33.197.599;9.458.679;44.791.280;34.109.181;5.419.311;142.071;3.922.531;14,68%;45,63%;4;291
BMG - PRUDENCIAL;1000080178;b1;S3;C;2;SAO PAULO;SP;03/2026;49.511.918;22.659.705;15.885.769;45.270.971;40.905.424;4.240.947;147.092;3.580.035;12,10%;32,24%;35;2
BNP PARIBAS - PRUDENCIAL;1000080673;b1;S3;C;3;SAO PAULO;SP;03/2026;49.055.812;6.481.689;15.670.574;44.371.720;28.928.381;4.684.092;59.703;5.827.888;15,96%;1,34%;2;0
BOFA MERRILL LYNCH - PRUDENCIAL;1000080556;b1;S3;C;3;SAO PAULO;SP;03/2026;46.801.012;2.251.940;12.439.811;39.578.667;26.588.050;7.222.344;306.574;7.165.827;24,96%;1,74%;3;0
PICPAY - PRUDENCIAL;1000088022;b1;S3;C;2;SAO PAULO;SP;03/2026;46.354.749;23.561.966;5.564.763;40.511.676;31.849.550;5.843.072;107.145;4.067.456;16,90%;NA%;7;0
MERCANTIL DO BRASIL - PRUDENCIAL;1000080123;b1;S3;C;2;BELO HORIZONTE;MG;03/2026;40.226.774;23.982.827;3.874.953;37.207.464;31.690.599;3.019.310;273.711;3.267.298;16,03%;31,63%;9;298
BANESTES - PRUDENCIAL;1000080147;b1;S3;C;1;VITORIA;ES;03/2026;40.070.349;12.346.281;18.931.386;37.630.412;36.170.649;2.439.937;90.703;2.064.542;14,04%;25,51%;88;62
BCO CLASSICO S.A. - PRUDENCIAL;1000081665;b1;S3;C;2;RIO DE JANEIRO;RJ;03/2026;38.397.107;0;32.177.838;14.991.460;1.695;23.405.646;-1.162;23.405.646;20,60%;1,45%;2;0
PINE - PRUDENCIAL;1000080374;b1;S3;C;2;SAO PAULO;SP;03/2026;35.767.304;14.236.725;16.375.881;34.008.150;29.244.802;1.759.154;150.793;2.184.184;13,22%;8,65%;5;0
ORIGINAL - PRUDENCIAL;1000080903;b1;S3;C;2;SAO PAULO;SP;03/2026;34.328.597;17.226.865;4.344.745;32.055.237;29.565.852;2.273.360;108.728;3.774.608;16,02%;12,66%;2;0
BOCOM - PRUDENCIAL;1000084624;b1;S3;C;3;SALVADOR;BA;03/2026;32.795.953;16.743.973;9.152.235;31.046.705;28.657.664;1.749.248;122.856;2.728.064;17,30%;0,47%;8;0
MORGAN STANLEY - PRUDENCIAL;1000080628;b1;S3;C;3;SAO PAULO;SP;03/2026;32.480.657;292.045;17.742.099;25.860.709;7.407.216;6.619.948;211.096;6.548.190;23,26%;0,76%;4;0
STELLANTIS - PRUDENCIAL;1000087298;b2;S3;C;3;SAO PAULO;SP;03/2026;32.040.992;27.782.074;715.379;23.589.381;22.732.386;8.451.610;316.893;3.821.968;15,42%;0,17%;4;0
COOPERATIVA CENTRAL DE CRÉDITO DE MINAS GERAIS LTDA. - SICOOB CENTRAL CREDIMINAS;25683434;b3C;S3;I;2;BELO HORIZONTE;MG;03/2026;31.970.633;153.827;15.008.657;30.188.797;870.983;1.781.836;53.451;926.803;17,75%;10,44%;0;0
GOLDMAN SACHS - PRUDENCIAL;1000080714;b2;S3;C;3;SAO PAULO;SP;03/2026;31.160.390;11.370;16.847.629;25.650.114;9.655.735;5.510.276;291.495;5.302.369;30,67%;0,28%;4;0
BD REGIONAL DO EXTREMO SUL - PRUDENCIAL;1000081311;b4;S3;C;1;PORTO ALEGRE;RS;03/2026;29.932.467;23.849.020;3.247.956;24.792.283;22.990.581;5.140.184;143.772;5.091.448;19,65%;0,75%;4;0
PORTO SEGURO - PRUDENCIAL;1000080642;n1;S3;C;2;SAO PAULO;SP;03/2026;27.332.937;20.218.003;1.345.548;25.129.714;6.076.273;2.203.224;87.686;2.699.767;11,60%;7,65%;5;0
BANCO CNH INDUSTRIAL CAPITAL S.A - PRUDENCIAL;1000081407;b2;S3;I;3;CURITIBA;PR;03/2026;26.087.865;23.198.875;1.291;23.378.250;21.569.851;2.709.615;-16.033;3.633.173;15,41%;0,08%;2;0
COOPERATIVA CENTRAL DE CRÉDITO DE SANTA CATARINA E RIO GRANDE DO SUL - SICOOB CENTRAL SC/RS;80160260;b3C;S3;I;2;FLORIANOPOLIS;SC;03/2026;25.376.454;288.614;4.270.199;23.849.669;665.586;1.526.785;46.760;913.725;16,34%;2,74%;0;0
CENTRAL DAS COOPERATIVAS DE ECONOMIA E CREDITO DO ESTADO DE MINAS GERAIS LTDA. - SICOOB CENTRAL CECREMGE;309024;b3C;S3;I;2;BELO HORIZONTE;MG;03/2026;24.662.721;814.960;9.496.744;23.716.479;0;946.242;23.218;520.672;13,12%;1,98%;0;0
BCO FIBRA S.A. - PRUDENCIAL;1000081483;b1;S3;C;2;SAO PAULO;SP;03/2026;24.391.628;8.090.975;12.843.689;23.013.628;21.788.453;1.378.000;76.160;1.209.036;11,49%;17,95%;2;0
BCO CSF S.A. - PRUDENCIAL;1000081610;b2;S3;I;2;SAO PAULO;SP;03/2026;22.661.301;17.914.604;936.577;19.390.234;4.445.321;3.271.067;130.447;2.918.546;15,13%;5,81%;2;0
CREDIT AGRICOLE - PRUDENCIAL;1000080491;b1;S3;C;3;SAO PAULO;SP;03/2026;21.181.690;9.761.144;3.594.889;16.998.138;14.926.651;4.183.552;60.446;4.148.120;26,02%;0,25%;2;0
CLOUDWALK IP - PRUDENCIAL;1000086581;n1;S4;C;2;SAO PAULO;SP;03/2026;20.842.563;520.919;926.456;3.295.522;2.087.367;17.547.041;273.336;2.022.558;31,14%;NA%;2;0
MERCEDES-BENZ - PRUDENCIAL;1000080563;b2;S3;C;3;SAO BERNARDO DO CAMPO;SP;03/2026;20.568.512;19.015.765;307.508;18.147.286;17.298.407;2.421.226;29.240;2.413.159;13,07%;0,46%;4;0
BANK OF CHINA (BRASIL) - PRUDENCIAL;1000080295;b1;S3;C;3;SAO PAULO;SP;03/2026;20.479.137;11.771.429;5.955.432;18.521.656;16.364.507;1.957.481;59.547;2.842.857;13,53%;1,59%;15;1
DEUTSCHE - PRUDENCIAL;1000080532;b1;S3;I;3;SAO PAULO;SP;03/2026;19.964.427;3.581.439;4.045.284;16.920.352;13.463.380;3.044.075;71.791;3.043.195;19,04%;0,72%;2;0
BCO DO EST. DO PA S.A. - PRUDENCIAL;1000081586;b1;S3;I;1;BELEM;PA;03/2026;19.510.051;15.176.409;1.386.443;17.285.863;16.287.928;2.224.188;44.286;2.217.781;16,82%;5,81%;165;34
HONDA - PRUDENCIAL;1000080611;b2;S3;C;3;SAO PAULO;SP;03/2026;18.886.605;10.709.967;4.065.501;12.112.278;8.504.781;6.774.327;103.499;3.078.396;19,52%;0,45%;5;0
COOPERATIVA DE CREDITO CREDICITRUS;54037916;b3S;S3;I;2;BEBEDOURO;SP;03/2026;18.485.899;9.013.443;2.848.880;14.894.124;13.030.629;3.591.775;58.638;3.504.201;28,92%;3,56%;0;127
SCOTIABANK BRASIL - PRUDENCIAL;1000081452;b1;S3;C;3;SAO PAULO;SP;03/2026;18.113.759;2.164.200;4.530.963;14.912.593;13.731.097;3.201.166;90.031;3.118.938;29,55%;1,13%;4;0
COOPERATIVA CENTRAL DE CRÉDITO DO ESTADO DE SÃO PAULO - SICOOB SÃO PAULO;63917579;b3C;S3;I;2;RIBEIRAO PRETO;SP;03/2026;17.968.980;0;6.394.661;17.080.608;781.843;888.372;32.687;549.738;18,89%;1,61%;0;0
SOFISA - PRUDENCIAL;1000080271;b1;S3;C;2;SAO PAULO;SP;03/2026;17.856.202;7.755.445;8.366.531;16.707.057;15.350.286;1.149.145;38.657;1.515.188;17,31%;8,40%;26;0
BR PARTNERS - PRUDENCIAL;1000080934;b2;S4;C;2;SAO PAULO;SP;03/2026;17.796.305;156.875;16.186.222;17.219.131;15.878.034;577.174;-5.257;1.295.176;22,44%;1,64%;2;0
COOPERATIVA CENTRAL DE CRÉDITO COM INTERAÇÃO SOLIDÁRIA - CENTRAL CRESOL BASER;1401771;b3C;S3;I;2;FRANCISCO BELTRAO;PR;03/2026;17.765.649;94.876;3.645.004;17.014.329;10.763.982;751.320;26.417;751.293;15,17%;21,90%;0;0
UBS (BRASIL) - PRUDENCIAL;1000080219;b1;S3;C;3;SAO PAULO;SP;03/2026;17.493.970;3.252.686;1.831.577;12.652.116;4.197.946;4.841.854;-53.558;4.282.978;36,82%;4,54%;13;0
GM - PRUDENCIAL;1000080848;b2;S3;C;3;SAO PAULO;SP;03/2026;16.773.226;13.184.881;69.867;13.911.859;11.849.454;2.861.367;216.626;2.781.743;19,63%;1,14%;3;0
COOPERATIVA DE CREDITO VALE DO ITAJAI - VIACREDI;82639451;b3S;S3;I;2;BLUMENAU;SC;03/2026;16.666.711;8.525.611;660.328;12.988.850;11.979.348;3.677.861;191.960;3.677.861;34,64%;1,29%;0;117
BCO MUFG BRASIL S.A. - PRUDENCIAL;1000081713;b1;S3;I;3;SAO PAULO;SP;03/2026;16.438.805;3.631.065;4.071.292;14.815.150;13.582.811;1.623.655;2.630;1.586.856;25,86%;0,98%;2;0
VOLVO - PRUDENCIAL;1000080769;b2;S3;C;3;CURITIBA;PR;03/2026;16.312.599;14.863.635;15.460;12.225.154;11.729.651;4.087.445;99.445;4.076.427;24,42%;7,71%;3;0
COOPERATIVA CENTRAL DE CRÉDITO UNICRED DO BRASIL - UNICRED DO BRASIL;315557;b3C;S3;I;2;SAO PAULO;SP;03/2026;16.143.094;0;9.466.695;15.424.494;102;718.599;22.356;382.725;23,09%;9,94%;0;1
MIZUHO - PRUDENCIAL;1000080697;b1;S3;I;3;SAO PAULO;SP;03/2026;15.695.361;3.427.092;5.888.558;14.380.256;13.036.997;1.315.105;21.575;1.287.532;20,04%;0,26%;2;0
BANCO HSBC - PRUDENCIAL;1000084741;b1;S3;I;3;SAO PAULO;SP;03/2026;15.263.580;4.899.247;4.639.556;13.717.073;11.565.174;1.546.507;7.284;1.994.372;22,82%;1,63%;2;0
SCANIA - PRUDENCIAL;1000080776;b2;S3;C;3;SAO BERNARDO DO CAMPO;SP;03/2026;15.098.253;14.138.498;3.384;13.394.179;13.053.207;1.704.073;-5.931;1.688.914;12,93%;0,90%;3;0
COOPERATIVA DE CRÉDITO, POUPANÇA E INVESTIMENTO DEXIS - SICREDI DEXIS;79342069;b3S;S3;I;2;MARINGA;PR;03/2026;14.734.907;8.968.643;4.390.873;13.346.247;8.204.196;1.388.660;20.242;1.562.678;15,31%;22,26%;0;114
BCO DES. DE MG S.A. - PRUDENCIAL;1000081328;b4;S3;I;1;BELO HORIZONTE;MG;03/2026;14.662.268;8.490.806;4.331.060;12.209.043;11.031.129;2.453.225;42.251;2.185.829;22,05%;0,93%;2;0
COOPERATIVA CENTRAL DE CREDITO DO ESPIRITO SANTO - SICOOB CENTRAL ES;32428294;b3C;S4;I;2;VITORIA;ES;03/2026;14.319.931;124.827;3.790.577;13.625.633;373.929;694.298;9.173;505.793;15,68%;4,04%;0;0
BCO INBURSA S.A. - PRUDENCIAL;1000081335;b1;S4;I;3;SAO PAULO;SP;03/2026;13.938.457;12.846.593;769.765;12.534.879;12.471.964;1.403.577;8.623;1.405.952;13,46%;0,06%;2;1
BCO DO EST. DE SE S.A. - PRUDENCIAL;1000081634;b1;S4;C;1;ARACAJU;SE;03/2026;13.889.840;5.437.305;3.438.550;12.898.081;11.578.752;991.758;30.564;944.825;13,31%;12,51%;66;7
COOPERATIVA CENTRAL DE CRÉDITO - AILOS;5463212;b3C;S3;I;2;BLUMENAU;SC;03/2026;13.850.321;805.541;9.598.082;12.876.992;2.505.345;973.329;0;532.095;36,07%;6,60%;0;0
COOPERATIVA DE CRÉDITO CONEXÃO - SICOOB CONEXÃO;32430233;b3S;S5;I;2;LINHARES;ES;03/2026;13.652.938;8.277.429;1.091.369;11.002.983;9.303.019;2.649.955;185.662;2.485.677;24,07%;2,91%;0;47
COOPERATIVA DE CRÉDITO, POUPANÇA E INVESTIMENTO OURO VERDE DO MATO GROSSO - SICREDI OURO VERDE MT;26529420;b3S;S3;I;2;LUCAS DO RIO VERDE;MT;03/2026;13.601.422;8.105.163;4.583.786;11.518.423;6.361.003;2.083.000;86.038;2.105.057;18,37%;7,15%;0;40
SICOOB COCRED COOPERATIVA DE CRÉDITO;71328769;b3S;S3;I;2;SERTAOZINHO;SP;03/2026;13.588.072;7.657.881;412.029;11.710.104;10.981.880;1.877.968;24.561;1.805.818;18,76%;5,32%;0;43
PARANÁ BANCO - PRUDENCIAL;1000080233;b1;S4;C;2;CURITIBA;PR;03/2026;13.406.092;9.210.212;2.298.933;12.089.237;11.638.792;1.316.855;23.297;1.106.126;17,21%;6,79%;4;0
COOPERATIVA DE CRÉDITO, POUPANÇA E INVESTIMENTO VALE DO PIQUIRI ABCD - SICREDI VALE DO PIQUIRI ABCD PR/SP;81099491;b3S;S4;I;2;PALOTINA;PR;03/2026;13.340.415;7.616.526;4.396.885;12.133.830;8.382.368;1.206.585;613;1.394.066;15,35%;12,08%;0;99
COOPERATIVA DE CRÉDITO, POUPANÇA E INVESTIMENTO CAMPOS GERAIS, GRANDE CURITIBA, VALE DO RIBEIRA E FORÇA DOS VENTOS - SICREDI CAMPOS GERAIS E GRANDE CURITIBA PR/SP;81466286;b3S;S4;I;2;PONTA GROSSA;PR;03/2026;13.128.811;7.484.059;5.076.553;11.731.907;8.614.164;1.396.904;71.309;1.465.278;16,89%;11,91%;0;66
BCO DE LAGE LANDEN BRASIL S.A. - PRUDENCIAL;1000081421;b2;S3;I;3;PORTO ALEGRE;RS;03/2026;13.015.662;11.282.155;0;11.964.413;10.873.515;1.051.249;-36.977;1.503.356;13,16%;4,75%;3;0
COOPERATIVA DE CRÉDITO, POUPANÇA E INVESTIMENTO VANGUARDA - SICREDI VANGUARDA PR/SP/RJ;78414067;b3S;S4;I;2;MEDIANEIRA;PR;03/2026;12.715.860;7.015.816;4.495.396;11.195.956;7.699.704;1.519.904;59.343;1.690.955;20,29%;23,40%;0;102
COOPERATIVA DE CRÉDITO SICREDI SERRANA RS/ES;90608712;b3S;S4;I;2;CARLOS BARBOSA;RS;03/2026;12.675.176;6.194.352;5.141.716;11.336.985;8.798.887;1.338.191;63.645;1.400.474;17,17%;13,05%;0;53
BCO TOYOTA DO BRASIL S.A. - PRUDENCIAL;1000081562;b2;S3;C;3;SAO PAULO;SP;03/2026;12.489.254;10.631.254;0;11.186.919;10.479.615;1.302.335;58.183;1.295.308;12,63%;5,68%;3;0
COOPERATIVA DE CRÉDITO DE LIVRE ADMISSÃO DE ASSOCIADOS - SICOOB MAXICRÉDITO;78825270;b3S;S4;I;2;CHAPECO;SC;03/2026;11.380.047;7.487.560;176.556;10.035.890;8.436.998;1.344.158;54.585;1.354.871;15,79%;6,39%;0;103
COOPERATIVA DE CRÉDITO, POUPANÇA E INVESTIMENTO SICREDI PIONEIRA RS - SICREDI PIONEIRA RS;91586982;b3S;S4;I;2;NOVA PETROPOLIS;RS;03/2026;11.358.937;5.955.694;4.320.892;10.104.352;8.252.392;1.254.584;50.287;1.244.806;18,25%;8,02%;0;59
NEON PAGAMENTOS IP - PRUDENCIAL;1000085702;n1;S4;C;2;SAO PAULO;SP;03/2026;11.211.845;6.158.195;2.299.485;9.830.681;6.432.966;1.381.164;38.101;827.069;13,93%;NA%;5;0
APE POUPEX - PRUDENCIAL;1000081184;n1;S3;I;2;BRASILIA;DF;03/2026;11.111.609;5.199.559;1.156.545;3.423.122;3.283.569;7.688.486;45.471;1.763.338;58,12%;1,41%;61;0
SEM PARAR IP - PRUDENCIAL;1000086158;n1;S5;C;3;SAO PAULO;SP;03/2026;10.638.995;205.261;3.037.794;5.125.784;1.386.146;5.513.211;254.529;NI;NI%;NA%;3;0
SISPRIME DO BRASIL - COOPERATIVA DE CRÉDITO;2398976;b3S;S4;I;2;LONDRINA;PR;03/2026;10.605.314;5.640.756;3.915.711;8.710.695;8.522.469;1.894.619;86.209;1.876.558;22,70%;4,84%;0;50
COOPERATIVA DE CRÉDITO, POUPANÇA E INVESTIMENTO UNIÃO - SICREDI UNIAO RS/ES;88894548;b3S;S4;I;2;SANTA ROSA;RS;03/2026;10.299.324;6.274.775;3.231.737;9.026.319;5.538.211;1.273.005;48.645;1.251.284;16,15%;10,80%;0;75
COOPERATIVA DE CRÉDITO, POUPANÇA E INVESTIMENTO DO CENTRO SUL DO MATO GROSSO DO SUL E BAHIA - SICREDI CENTRO-SUL MS/BA;26408161;b3S;S4;I;2;DOURADOS;MS;03/2026;10.061.076;6.239.051;2.731.514;8.660.735;5.589.664;1.400.341;22.274;1.404.854;19,52%;11,20%;0;63
BANCO DIGIMAIS - PRUDENCIAL;1000081799;b1;S4;C;3;SAO PAULO;SP;03/2026;10.027.112;1.571.477;3.295.484;9.223.144;8.477.598;803.968;-108.355;1.160.926;11,67%;42,51%;3;0
COOPERATIVA DE CRÉDITO, POUPANÇA E INVESTIMENTO DO SUDOESTE MT/PA - SICREDI SUDOESTE MT/PA;32995755;b3S;S4;I;2;TANGARA DA SERRA;MT;03/2026;9.994.787;5.115.770;3.731.208;8.728.950;6.155.994;1.265.837;70.069;1.326.240;18,66%;11,63%;0;101
COOPERATIVA DE CRÉDITO DE LIVRE ADMISSÃO CENTRO BRASILEIRA LTDA.;37395399;b3S;S5;I;2;GOIANIA;GO;03/2026;9.954.340;6.266.533;122.337;8.814.624;8.098.825;1.139.716;3.493;NI;NI%;NI%;0;114
SICOOB CREDICOM - COOPERATIVA DE ECONOMIA E CREDITO MUTUO DOS MEDICOS E PROFISSIONAIS DA AREA DE SAUDE DO BRASIL LTDA.;42898825;b3S;S5;I;2;BELO HORIZONTE;MG;03/2026;9.835.287;4.791.714;210.974;8.432.877;7.787.615;1.402.410;44.319;1.280.598;23,63%;1,14%;0;55
BCO SUMITOMO MITSUI BRASIL S.A. - PRUDENCIAL;1000081720;b1;S3;C;3;SAO PAULO;SP;03/2026;9.773.719;1.931.496;3.049.871;7.847.959;6.740.622;1.925.760;-25.152;1.997.570;26,80%;1,57%;2;0
FACTA S.A. CFI - PRUDENCIAL;1000083704;n1;S4;C;2;PORTO ALEGRE;RS;03/2026;9.371.757;4.395.215;4.079.964;8.649.456;7.663.480;722.301;18.762;859.236;19,56%;0,71%;4;0
COOPERATIVA DE CRÉDITO, POUPANÇA E INVESTIMENTO UNIÃO DOS ESTADOS DE MATO GROSSO DO SUL, TOCANTINS E OESTE DA BAHIA - SICREDI UNIÃO MS/TO E OESTE DA BA;24654881;b3S;S4;I;2;CAMPO GRANDE;MS;03/2026;9.115.724;5.459.878;2.520.082;8.108.174;4.652.164;1.007.550;34.675;1.074.025;16,65%;7,90%;0;60
CREFISA S.A. CFI - PRUDENCIAL;1000083632;b1;S4;C;2;SAO PAULO;SP;03/2026;9.036.390;4.588.866;1.589.022;1.979.137;922.348;7.057.253;111.171;6.919.820;49,81%;1,08%;6;1.195
SOCIETE GENERALE - PRUDENCIAL;1000080264;b1;S4;I;3;SAO PAULO;SP;03/2026;8.823.356;174.144;1.212.021;7.085.793;3.343.333;1.737.563;42.786;1.737.563;26,48%;0,34%;2;0
BANCO PACCAR - PRUDENCIAL;1000084899;b2;S4;I;3;PONTA GROSSA;PR;03/2026;8.642.136;7.675.368;0;5.775.769;5.615.300;2.866.367;22.732;2.887.505;35,71%;0,01%;2;0
COOPERATIVA DE CRÉDITO, POUPANÇA E INVESTIMENTO UNIÃO DE ESTADOS RIO GRANDE DO SUL, SANTA CATARINA E MINAS GERAIS - SICREDI UNIESTADOS;87780268;b3S;S4;I;2;ERECHIM;RS;03/2026;8.492.768;4.502.423;3.322.961;7.546.557;5.403.429;946.210;33.106;1.024.680;17,53%;10,62%;0;71
BS2 - PRUDENCIAL;1000080422;b1;S3;C;2;BELO HORIZONTE;MG;03/2026;8.448.485;3.140.759;1.742.647;7.451.578;5.859.700;996.907;10.141;778.501;13,12%;33,38%;4;0
COOPERATIVA DE CRÉDITO, POUPANÇA E INVESTIMENTO SORRISO - SICREDI CELEIRO MT/RR;26555235;b3S;S4;I;2;SORRISO;MT;03/2026;8.135.694;3.089.418;4.368.086;6.871.162;4.876.806;1.264.531;76.724;1.257.645;25,98%;15,53%;0;23
INDUSTRIAL DO BRASIL - PRUDENCIAL;1000080477;b1;S4;C;2;SAO PAULO;SP;03/2026;8.085.664;5.577.691;1.353.481;7.350.350;6.371.566;735.314;12.810;1.065.380;17,48%;17,79%;12;0
COOPERATIVA CENTRAL DE CRÉDITO DE GOIÁS, DISTRITO FEDERAL E TOCANTINS LTDA. - SICOOB NOVA CENTRAL;33416108;b3C;S4;I;2;GOIANIA;GO;03/2026;8.006.613;129.718;3.612.994;7.217.515;0;789.099;15.281;165.949;13,82%;6,26%;0;1
COOPERATIVA DE CRÉDITO DE LIVRE ADMISSÃO DE ASSOCIADOS SÃO MIGUEL DO OESTE - SICOOB SÃO MIGUEL SC/PR/RS;81607046;b3S;S4;I;2;SAO MIGUEL D'OESTE;SC;03/2026;7.957.768;4.658.513;105.756;7.117.577;5.722.909;840.192;35.631;852.638;14,76%;4,75%;0;67
FISERV DO BRASIL IP - PRUDENCIAL;1000086457;n1;S4;C;3;SAO PAULO;SP;03/2026;7.948.674;40.525;1.949;6.205.001;2.583.423;1.743.673;26.483;594.594;16,84%;NA%;3;0
COOPERATIVA DE CRÉDITO E INVESTIMENTO DO SUDOESTE  DA AMAZÔNIA LTDA - SICOOB CREDISUL;3632872;b3S;S5;I;2;VILHENA;RO;03/2026;7.781.577;5.197.288;124.972;6.476.579;5.277.333;1.304.998;59.291;1.262.837;19,67%;6,66%;0;47
CENTRAL SICOOB UNI DE COOPERATIVAS DE CRÉDITO;4243780;b3C;S4;I;2;GOIANIA;GO;03/2026;7.630.470;133.077;1.714.942;7.299.771;6.073;330.698;12.977;245.697;14,15%;21,13%;0;0
COOPERATIVA DE CRÉDITO, POUPANÇA E INVESTIMENTO PLANALTO - SICREDI PLANALTO RS/MG;88038260;b3S;S4;I;2;CRUZ ALTA;RS;03/2026;7.520.086;5.307.289;1.632.156;6.149.035;2.522.683;1.371.051;1.082;1.366.589;19,32%;2,57%;0;41
COOPERATIVA CENTRAL DE CRÉDITO E INVESTIMENTO COM INTERAÇÃO SOLIDÁRIA - CENTRAL CRESOL SICOPER;21198087;b3C;S4;I;2;PASSO FUNDO;RS;03/2026;7.392.298;20.529;1.419.867;7.114.841;4.446.259;277.457;6.548;277.457;14,59%;2,86%;0;0
CENTRAL DAS COOPERATIVAS DE CREDITO UNICOOB - SICOOB CENTRAL UNICOOB;5036532;b3C;S4;I;2;MARINGA;PR;03/2026;7.354.353;0;4.001.131;6.895.378;12.516;458.975;20.670;198.388;13,93%;38,87%;0;0
COOPERATIVA DE CRÉDITO SUL-SERRANA DO ESPÍRITO SANTO;815319;b3S;S5;I;2;VENDA NOVA DO IMIGRANTE;ES;03/2026;7.326.862;4.549.208;630.926;6.055.793;5.506.624;1.271.069;74.201;1.191.755;21,65%;3,71%;0;43
CONFEDERAÇÃO NACIONAL DAS COOPERATIVAS CENTRAIS DE CRÉDITO E ECONOMIA FAMILIAR E SOLIDÁRIA - CRESOL CONFEDERAÇÃO;10398952;b3C;S3;I;2;FRANCISCO BELTRAO;PR;03/2026;7.157.364;77.989;2.108.696;6.947.707;1.139.094;209.657;12.298;203.988;18,50%;2,98%;0;0
HAITONG - PRUDENCIAL;1000080666;b2;S4;C;3;SAO PAULO;SP;03/2026;6.900.114;189.176;5.892.416;6.371.714;6.122.879;528.401;-9.432;225.774;23,73%;2,95%;6;0
COOPERATIVA DE CRÉDITO SICOOB METROPOLITANO;3459850;b3S;S5;I;2;MARINGA;PR;03/2026;6.801.983;3.774.391;90.129;6.001.298;5.317.811;800.685;31.872;773.681;18,87%;4,12%;0;91
COOPERATIVA DE CRÉDITO, POUPANÇA E INVESTIMENTO DA REGIÃO DOS VALES - SICREDI REGIÃO DOS VALES RS;89126130;b3S;S4;I;2;ENCANTADO;RS;03/2026;6.753.945;1.874.093;4.301.060;5.312.650;4.653.463;1.441.294;63.907;1.437.212;41,90%;2,50%;0;21
OMNI - PRUDENCIAL;1000080460;b1;S4;C;2;SAO PAULO;SP;03/2026;6.715.218;4.360.794;575.634;5.806.674;5.358.917;908.544;-18.171;843.763;15,45%;4,60%;9;0
COOPERATIVA DE CRÉDITO ARACOOP LTDA. - SICOOB ARACOOP;3320525;b3S;S5;I;2;ARAGUARI;MG;03/2026;6.423.482;4.386.178;87.247;5.711.809;4.163.475;711.673;-50.339;637.283;13,37%;10,53%;0;37
COOPERATIVA DE CRÉDITO, POUPANÇA E INVESTIMENTO NORTE MATO-GROSSENSE E OESTE PARAENSE - SICREDI GRANDES RIOS MT/PA/AM;37442605;b3S;S4;I;2;COLIDER;MT;03/2026;6.377.378;3.149.486;2.346.477;5.465.547;3.793.017;911.832;32.434;1.015.418;22,43%;7,49%;0;52
COOPERATIVA DE CRÉDITO ALIANÇA - SICREDI ALIANÇA;87795639;b3S;S4;I;2;MARAU;RS;03/2026;6.300.308;3.245.378;2.372.985;5.626.853;3.988.299;673.454;32.258;767.715;18,48%;15,16%;0;63
COOPERATIVA CENTRAL DE CRÉDITO E ECONOMIA COM INTERAÇÃO SOLIDÁRIA - CRESOL CENTRAL BRASIL;7202627;b3C;S4;I;2;CHAPECO;SC;03/2026;6.296.634;36.768;1.968.225;5.952.477;3.459.597;344.157;3.039;344.157;21,20%;0,82%;0;0
MIDWAY S.A. - SCFI - PRUDENCIAL;1000083553;n1;S4;I;2;SAO PAULO;SP;03/2026;6.207.709;4.721.548;186.812;4.918.924;988.597;1.288.785;36.299;1.243.876;18,56%;0,10%;2;0
COOPERATIVA CENTRAL DE CRÉDITO DO NORTE DO BRASIL - SICOOB NORTE;3502131;b3C;S4;I;2;PORTO VELHO;RO;03/2026;6.100.878;0;1.239.394;5.719.716;23.207;381.162;13.717;272.392;21,07%;0,67%;0;0
REALIZE SCFI - PRUDENCIAL;1000084703;n1;S4;I;3;PORTO ALEGRE;RS;03/2026;6.076.128;5.056.649;349.259;4.967.035;1.097.838;1.109.093;54.021;934.508;18,65%;0,31%;2;0
COOPERATIVA DE CRÉDITO DE LIVRE ADMISSÃO DE ASSOCIADOS DO VALE DO CANOINHAS - SICOOB CREDICANOINHAS/SC;78834975;b3S;S5;I;2;CANOINHAS;SC;03/2026;6.051.141;3.755.430;83.965;5.411.681;4.228.616;639.461;44.391;599.154;15,16%;6,11%;0;43
BANCO TRATON BRASIL S.A. - PRUDENCIAL;1000088534;b2;S4;I;3;SAO PAULO;SP;03/2026;6.002.868;4.508.211;0;4.855.953;4.816.680;1.146.915;10.889;952.045;18,57%;0,55%;2;0
COOPERATIVA DE CREDITO, POUPANÇA E INVESTIMENTO ALIANÇA - SICREDI ALIANÇA PR/SP;79052122;b3S;S4;I;2;MARECHAL CANDIDO RONDON;PR;03/2026;5.841.822;4.025.307;1.262.622;5.306.032;3.331.221;535.790;-374;635.195;14,69%;19,06%;0;36
COOPERATIVA DE CRÉDITO, POUPANÇA E INVESTIMENTO CONEXÃO - SICREDI CONEXÃO;87733770;b3S;S4;I;2;RODEIO BONITO;RS;03/2026;5.796.990;3.846.167;1.586.777;5.045.102;3.628.313;751.888;19.138;770.733;16,38%;6,36%;0;66
COOPERATIVA DE CRÉDITO SUL DO ESPÍRITO SANTO - SICOOB SUL;32467086;b3S;S5;I;2;CACHOEIRO DE ITAPEMIRIM;ES;03/2026;5.678.155;2.282.922;539.392;4.631.894;4.315.916;1.046.261;60.748;976.244;29,86%;2,39%;0;42
PEFISA S.A. - PRUDENCIAL;1000080305;n1;S4;I;2;SAO PAULO;SP;03/2026;5.629.297;3.149.193;366.450;4.606.093;2.643.851;1.023.204;-36.629;523.904;12,45%;0,81%;2;0
COOPERATIVA DE CRÉDITO DO VALE DO ITAJAÍ E LITORAL CATARINENSE - SICREDI VALE LITORAL SC;10348181;b3S;S4;I;2;ITAPEMA;SC;03/2026;5.540.828;3.204.753;1.788.900;4.818.491;4.060.908;722.337;57.184;742.158;19,75%;10,33%;0;40
GENIAL - PRUDENCIAL;1000080941;b1;S4;C;2;RIO DE JANEIRO;RJ;03/2026;5.504.426;396.895;2.660.384;5.339.398;4.391.861;165.028;-47.721;191.846;8,87%;38,00%;11;2
COOPERATIVA DE CRÉDITO DE LIVRE ADMISSÃO DO CENTRO SUL RONDONIENSE - SICOOB CREDIP.;2015588;b3S;S5;I;2;PIMENTA BUENO;RO;03/2026;5.491.726;2.804.258;119.423;4.672.897;3.797.563;818.829;27.421;779.345;20,02%;3,09%;0;48
COOPERATIVA DE CRÉDITO DE LIVRE ADMISSÃO DO SUDOESTE GOIANO;24795049;b3S;S5;I;2;RIO VERDE;GO;03/2026;5.491.721;2.668.297;260.822;3.962.738;3.485.377;1.528.983;26.660;1.313.493;38,53%;3,36%;0;34
RODOBENS - PRUDENCIAL;1000080855;b1;S4;C;2;SAO PAULO;SP;03/2026;5.490.567;2.312.313;933.066;3.706.981;2.872.393;1.783.586;60.540;874.802;15,97%;29,05%;7;0
COOPERATIVA DE CRÉDITO, POUPANÇA E INVESTIMENTO INTERESTADOS - SICREDI INTERESTADOS;90497256;b3S;S4;I;2;PELOTAS;RS;03/2026;5.483.409;2.677.585;1.928.369;4.776.339;3.430.233;707.070;32.456;702.339;20,03%;11,48%;0;41
WARREN CCVM LTDA - PRUDENCIAL;1000082664;n2;S4;C;2;PORTO ALEGRE;RS;03/2026;5.466.761;0;73.886;5.388.379;5.317.655;78.382;-1.395;25.186;9,49%;12,39%;4;0
COOPERATIVA DE CRÉDITO, POUPANÇA E INVESTIMENTO DO ARAGUAIA E XINGU - SICREDI ARAXINGU;33021064;b3S;S4;I;2;CANARANA;MT;03/2026;5.432.582;3.277.752;833.859;4.812.673;2.903.899;619.909;-24.934;716.507;15,97%;10,59%;0;30
IFOOD PAGO IP - PRUDENCIAL;1000087346;n1;S5;C;2;OSASCO;SP;03/2026;5.413.285;60.653;18.507;4.994.819;2.768.788;418.466;97.625;310.701;66,03%;NA%;3;0
COOPERATIVA DE CRÉDITO, POUPANÇA E INVESTIMENTO DA REGIÃO ALTOS DA SERRA - SICREDI ALTOS DA SERRA RS/SC;92555150;b3S;S4;I;2;TAPEJARA;RS;03/2026;5.387.582;3.556.618;1.499.321;4.763.886;2.726.876;623.695;16.758;684.494;16,06%;12,89%;0;43
COOPERATIVA CENTRAL DE CRÉDITO, POUPANÇA E INVESTIMENTO DO SUL E SUDESTE - CENTRAL SICREDI SUL/SUDESTE;87437687;b3C;S4;I;2;PORTO ALEGRE;RS;03/2026;5.200.063;0;3.630.660;2.565.193;10.054;2.634.870;0;378.647;25,39%;0,56%;0;0
COOPERATIVA DE CRÉDITO, POUPANÇA E INVESTIMENTO OURO BRANCO - SICREDI OURO BRANCO RS/MG;87853206;b3S;S4;I;2;TEUTONIA;RS;03/2026;5.188.856;2.906.415;1.817.968;4.479.939;3.493.758;708.916;50.001;702.205;19,94%;8,87%;0;37
NOVO BCO CONTINENTAL S.A. - BM - PRUDENCIAL;1000081768;b1;S4;I;3;PORTO ALEGRE;RS;03/2026;5.067.963;4.288.840;128.863;4.794.960;4.635.808;273.003;-3.359;327.760;12,12%;2,16%;2;0
CREDICOAMO CREDITO RURAL COOPERATIVA;81723108;b3S;S4;I;2;CAMPO MOURAO;PR;03/2026;5.031.747;2.703.535;146.246;3.285.227;3.051.569;1.746.520;75.037;1.745.452;59,14%;0,02%;0;52
COOPERATIVA DE CRÉDITO, POUPANÇA E INVESTIMENTO DO NORTE E NORDESTE DE SANTA CATARINA - SICREDI NORTE SC;2843443;b3S;S4;I;2;JOINVILLE;SC;03/2026;5.016.657;2.488.816;2.065.379;4.306.016;3.805.844;710.641;42.990;718.491;23,31%;5,62%;0;42
COOPERATIVA DE CRÉDITO, POUPANÇA E INVESTIMENTO DAS REGIÕES CENTRO DO RS E MG - SICREDI REGIÃO CENTRO RS/MG;95594941;b3S;S4;I;2;SANTA MARIA;RS;03/2026;5.008.965;2.950.582;1.480.089;4.331.168;2.878.675;677.797;28.526;672.764;20,65%;8,11%;0;52
COOPERATIVA DE CRÉDITO, POUPANÇA E INVESTIMENTO FRONTEIRAS DO PARANÁ, SANTA CATARINA E SÃO PAULO - SICREDI FRONTEIRAS PR/SC/SP;82527557;b3S;S4;I;2;CAPANEMA;PR;03/2026;5.004.027;3.061.002;1.595.868;4.462.642;3.094.180;541.384;-10.532;635.205;17,03%;15,57%;0;48
DM SCFI - PRUDENCIAL;1000083467;n1;S4;C;2;SAO JOSE DOS CAMPOS;SP;03/2026;4.959.054;3.210.068;240.228;4.108.338;2.101.751;850.715;-540;606.844;15,52%;0,06%;5;0
COOPERATIVA DE CRÉDITO, POUPANÇA E INVESTIMENTO CELEIRO CENTRO OESTE - SICREDI CELEIRO CENTRO OESTE;3566655;b3S;S4;I;2;SAO GABRIEL DO OESTE;MS;03/2026;4.844.321;2.592.256;1.619.795;4.071.889;2.399.369;772.432;-4.426;770.645;20,50%;10,82%;0;37
COOPERATIVA DE CRÉDITO, POUPANÇA E INVESTIMENTO DA REGIÃO DA PRODUÇÃO - SICREDI REGIÃO DA PRODUÇÃO RS/SC/MG;89468565;b3S;S4;I;2;SARANDI;RS;03/2026;4.813.201;2.666.915;1.603.249;4.368.820;3.204.841;444.381;-20.116;536.552;15,77%;15,45%;0;44
COOPERATIVA DE CRÉDITO SICOOB ENGECRED LTDA.;4388688;b3S;S4;I;2;GOIANIA;GO;03/2026;4.794.150;1.989.096;82.687;4.194.102;3.833.770;600.048;13.807;624.532;20,71%;3,85%;0;13
RENDIMENTO - PRUDENCIAL;1000080659;b1;S4;C;2;SAO PAULO;SP;03/2026;4.737.601;365.350;812.279;4.148.679;3.112.010;588.923;68.211;420.874;13,40%;12,55%;16;1
COOPERATIVA DE CRÉDITO COOPERMAIS - SICOOB COOPERMAIS;31804966;b3S;S5;I;2;SANTA MARIA DE JETIBA;ES;03/2026;4.683.576;2.292.185;391.951;4.001.550;3.585.741;682.027;52.149;628.733;20,26%;4,27%;0;26
COOPERATIVA DE CRÉDITO, POUPANÇA E INVESTIMENTO DE LAJEADO - SICREDI INTEGRAÇÃO RS/MG;91159764;b3S;S4;I;2;LAJEADO;RS;03/2026;4.680.461;2.172.517;1.687.372;3.968.762;3.299.190;711.698;56.849;707.411;22,45%;13,44%;0;42
QI SCD - PRUDENCIAL;1000084882;n1;S4;C;3;SAO PAULO;SP;03/2026;4.677.641;195.582;716.530;3.532.116;3.079.062;1.145.525;123.644;1.232.317;34,24%;2,11%;4;0
COOPERATIVA DE CRÉDITO E INVESTIMENTO DE LIVRE ADMISSÃO AGROEMPRESARIAL - SICREDI AGROEMPRESARIAL PR/SP;79457883;b3S;S4;I;2;MANDAGUARI;PR;03/2026;4.653.900;2.378.720;1.985.767;4.197.501;3.244.157;456.400;21.180;574.261;21,53%;8,69%;0;43
COOPERATIVA DE CRÉDITO, POUPANÇA E INVESTIMENTO DE IBIRAIARAS - SICREDI IBIRAIARAS RS/MG;89990501;b3S;S4;I;2;IBIRAIARAS;RS;03/2026;4.623.770;2.588.684;1.688.825;3.896.934;2.642.374;726.836;21.598;718.793;23,88%;7,79%;0;43
SHPP BRASIL IP - PRUDENCIAL;1000086275;n1;S4;C;3;SAO PAULO;SP;03/2026;4.622.563;23.544;1.456.458;4.242.309;1.291.581;380.254;53.002;380.254;18,78%;NA%;5;0
AF PARANÁ - PRUDENCIAL;1000081115;n1;S4;C;1;CURITIBA;PR;03/2026;4.617.195;1.709.196;1.348.622;804.312;489.884;3.812.883;60.542;1.542.448;115,90%;0,03%;2;0
COOPERATIVA DE CRÉDITO, POUPANÇA E INVESTIMENTO SUL RIOGRANDENSE - SICREDI ORIGENS RS;92796564;b3S;S4;I;2;PORTO ALEGRE;RS;03/2026;4.509.125;2.060.935;2.042.529;4.062.087;3.411.795;447.038;22.182;525.924;19,59%;9,75%;0;32
COOPERATIVA DE CRÉDITO, POUPANÇA E INVESTIMENTO IGUAÇU - SICREDI IGUAÇU PR/SC E REGIÃO METROPOLITANA DE CAMPINAS/SP;84974278;b3S;S4;I;2;SAO JOAO;PR;03/2026;4.504.227;2.700.909;1.324.068;3.946.932;2.813.803;557.295;21.907;621.105;17,71%;12,27%;0;40
COOPERATIVA DE CRÉDITO, POUPANÇA E INVESTIMENTO SOMA PR/SC/SP - SICREDI SOMA;82065285;b3S;S4;I;2;MARIOPOLIS;PR;03/2026;4.482.135;2.594.304;1.513.569;4.045.680;2.861.245;436.455;11.997;443.580;15,92%;14,86%;0;48
YAMAHA MOTOR - PRUDENCIAL;1000080721;b1;S4;C;3;SAO PAULO;SP;03/2026;4.481.574;3.030.584;1.454;3.877.613;3.464.297;603.961;21.388;611.460;17,80%;0,64%;3;0
COOPERATIVA DE CRÉDITO UNICRED UNIÃO LTDA - UNICRED UNIÃO;74114042;b3S;S4;I;2;ITAJAI;SC;03/2026;4.425.762;2.196.887;58.795;4.096.093;3.855.294;329.668;-4.344;340.229;14,12%;14,72%;0;32
COOPERATIVA DE CRÉDITO DE LIVRE ADMISSÃO DO CENTRO NORTE BRASILEIRO;2282709;b3S;S5;I;2;ANAPOLIS;GO;03/2026;4.418.527;2.714.029;60.436;3.897.403;3.585.979;521.124;17.034;552.779;17,38%;9,62%;0;59
INTESA SANPAOLO BRASIL S.A. - PRUDENCIAL;1000084057;b1;S4;I;3;SAO PAULO;SP;03/2026;4.392.935;1.105.472;385.125;3.165.714;2.810.739;1.227.221;20.822;1.239.069;37,39%;0,34%;2;0
COOPERATIVA DE CRÉDITO, POUPANÇA E INVESTIMENTO SICREDI EVOLUÇÃO - SICREDI EVOLUÇÃO;35571249;b3S;S4;I;2;JOAO PESSOA;PB;03/2026;4.349.571;2.195.463;1.622.301;3.714.177;3.183.738;635.394;31.351;636.556;28,86%;7,62%;0;34
COOPERATIVA DE CRÉDITO, POUPANÇA E INVESTIMENTO VALE DO CERRADO - SICREDI VALE DO CERRADO;32983165;b3S;S4;I;2;CAMPO VERDE;MT;03/2026;4.320.159;3.007.736;713.980;3.824.795;2.109.123;495.363;-11.850;634.489;16,70%;5,86%;0;25
COOPERATIVA DE CRÉDITO UNICRED VALOR CAPITAL LTDA - UNICRED VALOR CAPITAL;74064502;b3S;S5;I;2;FLORIANOPOLIS;SC;03/2026;4.317.100;2.023.606;94.052;3.824.356;3.575.459;492.744;15.963;517.333;21,18%;3,14%;0;22
COOPERATIVA DE CRÉDITO, POUPANÇA E INVESTIMENTO ESSÊNCIA RS/ES - SICREDI ESSÊNCIA;87733077;b3S;S4;I;2;ITAQUI;RS;03/2026;4.307.082;2.495.933;1.541.636;3.617.916;2.254.439;689.166;27.217;695.489;23,26%;7,32%;0;27
COOPERATIVA DE CRÉDITO, POUPANÇA E INVESTIMENTO NOVOS HORIZONTES - SICREDI NOVOS HORIZONTES PR/SP/RJ;7206072;b3S;S4;I;2;ARAPOTI;PR;03/2026;4.305.003;2.684.656;1.095.639;3.874.785;2.660.165;430.218;29.405;483.997;17,00%;11,36%;0;31
COOPERATIVA DE CRÉDITO DE LIVRE ADMISSÃO DO OESTE MINEIRO LTDA. - SICOOB CREDICOPA;71297899;b3S;S5;I;2;PATOS DE MINAS;MG;03/2026;4.270.339;2.450.577;67.262;3.791.901;3.032.857;478.438;-80.648;452.002;15,67%;23,24%;0;57
BCO CARGILL S.A. - PRUDENCIAL;1000081414;b1;S4;I;3;SAO PAULO;SP;03/2026;4.176.066;2.853.999;314.323;3.229.121;3.172.858;946.944;19.902;953.740;163,19%;0,00%;2;0
COOPERATIVA DE CRÉDITO, POUPANÇA E INVESTIMENTO REGIÕES DAS CULTURAS - SICREDI DAS CULTURAS RS/MG;90729369;b3S;S4;I;2;IJUI;RS;03/2026;4.154.810;2.246.973;1.569.929;3.501.869;2.458.097;652.941;23.012;672.404;23,26%;18,94%;0;34
AF DESENVOLVE SP S.A. - PRUDENCIAL;1000081153;n1;S4;I;1;SAO PAULO;SP;03/2026;4.130.876;2.372.744;1.498.987;587.623;432.155;3.543.253;77.947;2.948.760;63,34%;0,94%;1;0
ANDBANK - PRUDENCIAL;1000081256;b1;S4;C;3;SAO PAULO;SP;03/2026;4.116.908;2.737.628;705.444;3.852.345;3.649.023;264.563;-6.890;260.231;11,03%;0,87%;6;2
COOPERATIVA DE CRÉDITO, POUPANÇA E INVESTIMENTO DO SUL DO ESTADO DE SANTA CATARINA - SICREDI SUL SC;3793242;b3S;S4;I;2;CRICIUMA;SC;03/2026;4.107.462;1.896.366;1.885.377;3.752.124;3.093.508;355.338;19.433;371.032;16,68%;10,30%;0;30
COOPERATIVA DE CRÉDITO, POUPANÇA E INVESTIMENTO DO PLANALTO CENTRAL - SICREDI PLANALTO CENTRAL;10736214;b3S;S4;I;2;CRISTALINA;GO;03/2026;4.096.484;2.327.121;1.417.875;3.717.692;2.468.211;378.792;-16.007;462.861;15,80%;13,27%;0;36
BCO TRIANGULO S.A. - PRUDENCIAL;1000081438;b1;S4;C;2;UBERLANDIA;MG;03/2026;4.078.179;1.899.962;195.661;3.546.100;2.342.702;532.079;-5.617;374.254;14,31%;8,98%;2;0
COOPERATIVA DE CRÉDITO, POUPANÇA E INVESTIMENTO UNIVALES - SICREDI UNIVALES MT/RO;70431630;b3S;S4;I;2;JUINA;MT;03/2026;4.019.280;2.251.625;1.353.101;3.391.041;2.251.950;628.239;13.668;690.504;23,64%;14,73%;0;46
COOPERATIVA DE CRÉDITO DE LIVRE ADMISSÃO DO MÉDIO PIRACICABA, CIRCUITO DO OURO, GRANDE BH E RIO GRANDE DO NORTE LTDA. -  SICOOB CREDIMEPI;1644264;b3S;S5;I;2;JOAO MONLEVADE;MG;03/2026;3.976.396;1.909.483;50.031;3.458.951;3.330.540;517.445;23.842;492.396;24,20%;5,54%;0;33
BMW - PRUDENCIAL;1000080635;n1;S4;C;3;SAO PAULO;SP;03/2026;3.938.777;3.668.253;0;3.209.298;3.041.234;729.480;28.558;729.289;20,85%;0,09%;4;0
COOPERATIVA DE CRÉDITO, POUPANÇA E INVESTIMENTO INTEGRAÇÃO DE ESTADOS DO RIO GRANDE DO SUL, SANTA CATARINA E MINAS GERAIS - SICREDI INTEGRAÇÃO DE ESTADOS RS/SC/MG;87781530;b3S;S4;I;2;PASSO FUNDO;RS;03/2026;3.905.052;2.558.848;1.141.267;3.449.658;2.289.705;455.394;11.244;495.831;17,57%;6,91%;0;39
COOPERATIVA DE CRÉDITO DE LIVRE ADMISSÃO DE ASSOCIADOS DO ALTO URUGUAI CATARINENSE - SICOOB CREDIAUC;78840071;b3S;S5;I;2;CONCORDIA;SC;03/2026;3.894.233;2.141.836;63.027;3.429.413;2.650.282;464.820;11.659;425.250;16,80%;5,56%;0;32
BCO LUSO BRASILEIRO S.A. - PRUDENCIAL;1000081706;b1;S4;I;3;SAO PAULO;SP;03/2026;3.731.249;2.813.290;41.731;3.433.363;3.089.436;297.886;-23.595;485.153;16,20%;13,70%;2;0
BADESUL DESENVOLVIMENTO AF/RS - PRUDENCIAL;1000081029;n1;S4;I;1;PORTO ALEGRE;RS;03/2026;3.710.232;2.804.730;645.854;2.549.431;2.463.677;1.160.801;15.543;1.059.668;29,04%;2,26%;2;0
COOPERATIVA CENTRAL DE CRÉDITO, POUPANÇA E INVESTIMENTO DOS ESTADOS DO PARANÁ, SÃO PAULO E RIO DE JANEIRO - CENTRAL SICREDI PR/SP/RJ;80230774;b3C;S4;I;2;CURITIBA;PR;03/2026;3.708.107;0;2.435.475;1.784.155;16.324;1.923.951;0;316.019;27,38%;1,06%;0;0
COOPERATIVA DE CREDITO E INVESTIMENTO COM INTERACAO SOLIDARIA PIONEIRA - CRESOL PIONEIRA;971300;b3S;S5;I;2;DOIS VIZINHOS;PR;03/2026;3.696.752;2.797.815;45.978;3.225.897;2.040.673;470.855;27.477;478.095;17,28%;6,73%;0;66
OURIBANK - PRUDENCIAL;1000081012;b1;S4;I;2;SAO PAULO;SP;03/2026;3.689.497;1.432.803;1.373.353;3.218.637;2.408.496;470.860;98.378;426.752;17,87%;0,90%;2;0
COOPERFORTE COOPERATIVA DE CRÉDITO E INVESTIMENTOS LTDA;1658426;b3S;S5;I;2;BRASILIA;DF;03/2026;3.658.567;2.333.630;1.286.875;2.871.603;2.810.035;786.964;14.312;787.500;24,85%;2,80%;0;3
COOPERATIVA DE CRÉDITO UNICRED CENTRO-SUL LTDA - UNICRED CENTRO-SUL;75847;b3S;S5;I;2;CRICIUMA;SC;03/2026;3.634.375;1.807.746;61.766;3.303.743;3.082.697;330.632;10.468;336.617;16,25%;6,63%;0;20
COOPERATIVA DE CRÉDITO, POUPANÇA E INVESTIMENTO RAÍZES - SICREDI RAÍZES RS/SC/MG;88099247;b3S;S4;I;2;CAMPO NOVO;RS;03/2026;3.541.309;2.147.523;1.103.286;2.896.521;2.033.443;644.787;30.509;636.889;24,88%;11,65%;0;47
ADYEN DO BRASIL IP - PRUDENCIAL;1000087401;n4;NA;I;3;SAO PAULO;SP;03/2026;3.526.958;0;174.639;2.710.227;222.507;816.731;39.807;770.366;15,88%;NA%;1;0
COOPERATIVA DE ECONOMIA E CREDITO MUTUO DOS MEDICOS DE PORTO ALEGRE LTDA-UNICRED PORTO ALEGRE;94433109;b3S;S5;I;2;PORTO ALEGRE;RS;03/2026;3.465.829;1.965.731;63.628;3.070.453;2.808.268;395.376;28.392;406.400;18,75%;7,99%;0;36
RANDON - PRUDENCIAL;1000080800;b2;S4;C;2;CAXIAS DO SUL;RS;03/2026;3.430.176;2.509.049;141.913;2.835.179;2.373.566;594.998;28.129;509.372;12,57%;0,99%;3;0
CREDSYSTEM IP - PRUDENCIAL;1000085441;n1;S4;C;2;BARUERI;SP;03/2026;3.413.505;2.578.041;225.127;2.902.753;8.557;510.751;44.338;449.559;15,36%;NA%;2;0
COOPERATIVA DE CRÉDITO, POUPANÇA E INVESTIMENTO PROGRESSO - SICREDI PROGRESSO PR/SP;76059997;b3S;S4;I;2;TOLEDO;PR;03/2026;3.393.206;2.160.372;815.581;3.013.100;1.996.733;380.106;4.670;433.985;16,46%;13,38%;0;26
COOPERATIVA DE CRÉDITO AGROCREDI LTDA. - SICOOB AGROCREDI;42873828;b3S;S4;I;2;GUAXUPE;MG;03/2026;3.377.942;828.391;91.245;2.608.333;2.287.418;769.609;41.710;769.604;45,60%;6,15%;0;27
COOPERATIVA DE CRÉDITO, POUPANÇA E INVESTIMENTO DE CAMPO GRANDE E REGIÃO - SICREDI CAMPO GRANDE MS/GO;3042597;b3S;S4;I;2;CAMPO GRANDE;MS;03/2026;3.368.344;2.399.672;647.537;2.944.246;1.622.048;424.098;-12.383;482.549;16,93%;8,33%;0;24
BCO ABN AMRO CLEARING - PRUDENCIAL;1000081579;b1;S4;C;3;SAO PAULO;SP;03/2026;3.366.665;0;825.569;2.747.224;1.530.851;619.441;11.376;616.388;62,61%;0,66%;4;0
COOPERATIVA DE CRÉDITO CREDIVAR LTDA. - SICOOB CREDIVAR;25798596;b3S;S5;I;2;VARGINHA;MG;03/2026;3.359.338;1.746.469;75.132;2.874.318;2.419.948;485.020;15.346;445.247;21,30%;6,99%;0;31
COOPERATIVA DE CRÉDITO, POUPANÇA E INVESTIMENTO BOTUCARAÍ - SICREDI BOTUCARAÍ RS/MG;87900601;b3S;S4;I;2;SOLEDADE;RS;03/2026;3.357.442;2.445.875;619.119;2.885.179;1.856.201;472.263;15.531;483.670;16,05%;15,38%;0;39
COOPERATIVA DE CRÉDITO, POUPANÇA E INVESTIMENTO CENTRO SUL - SICREDI CENTRO SUL PR/SC/RJ;78907607;b3S;S4;I;2;PRUDENTOPOLIS;PR;03/2026;3.321.184;2.176.456;866.326;2.878.415;1.740.540;442.769;16.129;443.158;17,69%;16,75%;0;37
COOPERATIVA DE CREDITO CREDIROCHAS - SICOOB CREDIROCHAS;3358914;b3S;S5;I;2;CACHOEIRO DE ITAPEMIRIM;ES;03/2026;3.279.675;1.616.327;61.789;2.921.051;2.796.660;358.624;17.689;324.663;17,25%;7,93%;0;29
COOPERATIVA DE CRÉDITO, POUPANÇA E INVESTIMENTO INTEGRAÇÃO DO SUL DE MATO GROSSO, AMAPÁ E PARÁ - SICREDI INTEGRAÇÃO MT/AP/PA;26549311;b3S;S4;I;2;RONDONOPOLIS;MT;03/2026;3.276.461;1.619.673;1.017.618;2.869.913;2.003.890;406.547;3.024;416.575;18,41%;28,09%;0;23
SUMUP IP - PRUDENCIAL;1000085238;n1;S4;C;3;SAO PAULO;SP;03/2026;3.181.981;30.145;74.189;967.423;435.700;2.214.559;5.301;402.865;25,51%;NA%;3;0
COOPERATIVA DE CRÉDITO, POUPANÇA E INVESTIMENTO PARANAPANEMA SERRANA PR/SP/RJ - SICREDI PARANAPANEMA SERRANA PR/SP/RJ;79086997;b3S;S4;I;2;CAMBARA;PR;03/2026;3.169.385;1.930.562;728.260;2.928.544;1.979.596;240.842;-4.354;301.489;14,25%;26,95%;0;47
COOPERATIVA DE CRÉDITO ROTA DAS TERRAS - SICREDI   ROTA DAS TERRAS;87510475;b3S;S4;I;2;TAPERA;RS;03/2026;3.156.510;2.103.390;865.078;2.789.549;1.312.507;366.961;-10.194;413.008;16,50%;14,00%;0;28
BANCO AFINZ BM - PRUDENCIAL;1000083539;b1;S4;C;2;SOROCABA;SP;03/2026;3.154.912;1.392.116;213.814;3.014.657;2.262.858;140.255;-47.841;205.372;12,42%;1,34%;3;1
COOPERATIVA DE CRÉDITO DE LIVRE ADMISSÃO DO PONTAL DO TRIANGULO LTDA - SICOOB CREDIPONTAL;26178533;b3S;S5;I;2;ITUIUTABA;MG;03/2026;3.146.123;2.139.181;32.824;2.845.524;1.743.706;300.599;-2.346;281.002;13,34%;2,60%;0;10
COOPERATIVA DE CRÉDITO, POUPANÇA E INVESTIMENTO DO CERRADO DE GOIÁS - SICREDI CERRADO GO;6332931;b3S;S4;I;2;GOIANIA;GO;03/2026;3.144.869;1.982.112;750.634;2.871.001;1.784.157;273.868;126;396.574;17,15%;8,32%;0;30
99PAY IP - PRUDENCIAL;1000087793;n1;S5;C;3;SAO PAULO;SP;03/2026;3.070.574;3.260;1.448.812;2.861.059;2.420.185;209.516;2.788;206.813;54,01%;NA%;3;0
COOPERATIVA DE CRÉDITO, POUPANÇA E INVESTIMENTO CAMINHO DAS ÁGUAS RS - SICREDI CAMINHO DAS ÁGUAS RS;95213211;b3S;S4;I;2;ROLANTE;RS;03/2026;3.055.460;1.693.302;1.069.501;2.816.108;2.153.398;239.352;3.548;287.910;16,71%;8,85%;0;27
VORTX DTVM - PRUDENCIAL;1000084538;n1;S4;C;2;SAO PAULO;SP;03/2026;3.052.026;0;37.923;2.949.448;2.858.063;102.578;15.443;93.820;26,07%;4,51%;7;0
COOPERATIVA DE CRÉDITO DE LIVRE ADMISSÃO DE ASSOCIADOS SUL CATARINENSE - SICOOB CREDISULCA SC;81367880;b3S;S5;I;2;TURVO;SC;03/2026;3.047.469;1.317.162;50.019;2.597.758;2.254.667;449.711;28.734;417.217;26,78%;3,86%;0;29
COOPERATIVA DE CRÉDITO SICOOB VALE SUL;2466552;b3S;S5;I;2;FRANCISCO BELTRAO;PR;03/2026;3.039.109;2.008.164;39.980;2.694.230;1.896.865;344.879;20.380;334.255;14,09%;13,58%;0;50
COOPERATIVA DE CRÉDITO, POUPANÇA E INVESTIMENTO RIO PARANÁ - SICREDI RIO PARANÁ;81206039;b3S;S4;I;2;NOVA LONDRINA;PR;03/2026;2.994.094;1.838.998;868.254;2.553.134;1.768.156;440.960;25.821;443.845;23,25%;11,82%;0;37
BCO KDB BRASIL S.A. - PRUDENCIAL;1000081603;b1;S4;I;3;SAO PAULO;SP;03/2026;2.989.781;508.865;2.308.236;2.447.453;2.329.043;542.327;15.910;504.574;42,20%;0,41%;2;0
COOPERATIVA DE CRÉDITO, POUPANÇA E INVESTIMENTO NORTE SUL - SICREDI NORTE SUL;79063574;b3S;S4;I;2;SANTO ANTONIO DA PLATINA;PR;03/2026;2.911.786;1.667.872;979.274;2.627.311;1.590.882;284.475;-107;335.707;17,81%;15,25%;0;34
COOPERATIVA DE CRÉDITO, POUPANÇA E INVESTIMENTO SUL MINAS DO RIO GRANDE DO SUL E MINAS GERAIS - SICREDI SUL MINAS RS/MG.;87784088;b3S;S4;I;2;ESTACAO;RS;03/2026;2.909.094;1.900.263;790.296;2.611.011;1.490.004;298.083;1.222;349.505;14,13%;21,07%;0;30
COOPERATIVA DE CRÉDITO DE LIVRE ADMISSÃO DE ASSOCIADOS DO VALE DO VINHO - SICOOB VALE DO VINHO;81016131;b3S;S5;I;2;VIDEIRA;SC;03/2026;2.908.195;1.477.957;60.489;2.606.747;2.026.694;301.448;6.248;279.473;16,13%;4,55%;0;34
COOPERATIVA DE CRÉDITO, POUPANÇA E INVESTIMENTO DO NOROESTE DE MATO GROSSO, ACRE E AMAZONAS - SICREDI BIOMAS;33022690;b3S;S4;I;2;ARAPUTANGA;MT;03/2026;2.905.458;1.954.486;600.529;2.546.934;1.600.354;358.524;-1.668;438.242;15,71%;24,42%;0;36
CORA SCFI - PRUDENCIAL;1000085317;n1;S5;I;2;SAO PAULO;SP;03/2026;2.896.494;274.282;1.976.577;2.663.533;2.381.491;232.961;7.597;191.319;30,09%;0,01%;2;0
COOPERATIVA DE CRÉDITO, POUPANÇA E INVESTIMENTO TERRA DOS PINHEIRAIS DO PARANÁ E NOROESTE PAULISTA - SICREDI PLANALTO DAS ÁGUAS PR/SP;77984870;b3S;S4;I;2;GUARAPUAVA;PR;03/2026;2.888.579;1.831.772;708.804;2.623.051;1.580.023;265.528;-7.736;303.406;14,60%;15,71%;0;28
COOPERATIVA DE CREDITO DE LIVRE ADMISSÃO DO SUL DE MINAS LTDA - SICOOB CREDIVASS;1604998;b3S;S5;I;2;SAO GONCALO DO SAPUCAI;MG;03/2026;2.874.813;1.119.465;61.950;2.496.021;2.189.291;378.792;21.605;346.798;22,59%;8,71%;0;44
COOPERATIVA DE CRÉDITO, POUPANÇA E INVESTIMENTO CONFIANÇA - SICREDI CONFIANÇA;89049738;b3S;S4;I;2;TRES DE MAIO;RS;03/2026;2.874.107;1.688.471;868.228;2.220.037;1.538.803;654.070;24.002;658.673;31,04%;12,91%;0;26
COOPERATIVA DE CRÉDITO SICOOB OURO VERDE;5582619;b3S;S5;I;2;LONDRINA;PR;03/2026;2.851.616;1.886.318;45.383;2.554.133;2.267.088;297.482;14.933;289.100;16,33%;4,79%;0;56
COOPERATIVA DE CREDITO DE LIVRE ADMISSÃO DE ASSOCIADOS ITAIPU SICOOB CREDITAIPU;81014060;b3S;S5;I;2;PINHALZINHO;SC;03/2026;2.849.297;1.802.515;66.049;2.483.050;1.806.688;366.248;-3.732;331.583;17,15%;9,54%;0;24
MAGALUPAY IP - PRUDENCIAL;1000085348;n1;S5;C;2;BARUERI;SP;03/2026;2.829.936;93.838;445.682;2.126.488;184.297;703.448;14.940;NI;NI%;NA%;3;0
COOPERATIVA DE CRÉDITO E INVESTIMENTO COM INTERAÇÃO SOLIDÁRIA FRONTEIRAS PR/SC/SP/ES - CRESOL FRONTEIRAS PR/SC/SP/ES;5276770;b3S;S5;I;2;REALEZA;PR;03/2026;2.824.963;2.196.719;44.094;2.467.518;1.309.666;357.444;9.138;363.427;16,61%;14,29%;0;43
DOCK IP - PRUDENCIAL;1000084789;n4;NA;C;2;BARUERI;SP;03/2026;2.802.432;22.765;111.356;2.610.478;1.913.664;191.954;-8.539;NI;NI%;NA%;1;0
COOPERATIVA DE CRÉDITO, POUPANÇA E INVESTIMENTO DO VALE DO RIO PARDO - SICREDI VALE DO RIO PARDO RS;95424891;b3S;S4;I;2;SANTA CRUZ DO SUL;RS;03/2026;2.777.560;1.517.360;1.126.001;2.282.726;1.681.708;494.834;24.722;491.072;26,88%;7,37%;0;15
COOPERATIVA DE CRÉDITO, POUPANÇA E INVESTIMENTO NOSSA TERRA - SICREDI NOSSA TERRA PR/SP;81192106;b3S;S4;I;2;CAFELANDIA;PR;03/2026;2.771.649;1.686.520;762.988;2.501.063;1.586.503;270.586;-1.651;333.888;17,00%;13,99%;0;30
COOPERATIVA DE CRÉDITO GERAÇÕES - SICREDI GERAÇÕES RS/MG;88471024;b3S;S4;I;2;CACHOEIRA DO SUL;RS;03/2026;2.767.700;1.855.914;650.782;2.369.879;1.548.806;397.821;18.797;426.143;19,04%;11,92%;0;31
COOPERATIVA DE CRÉDITO SUL - SICOOB SUL;5888589;b3S;S5;I;2;CURITIBA;PR;03/2026;2.717.095;1.963.622;37.008;2.376.611;2.066.933;340.484;12.621;334.655;19,04%;3,61%;0;38
COOPERATIVA DE CRÉDITO DE LIVRE ADMISSÃO DE ASSOCIADOS AURIVERDE -  SICOOB - CREDIAL SC/RS;78858107;b3S;S5;I;2;CUNHA PORA;SC;03/2026;2.717.001;996.982;56.100;2.241.036;1.870.466;475.965;20.606;435.237;25,38%;6,52%;0;18
COOPERATIVA DE CRÉDITO E INVESTIMENTO COM INTERAÇÃO SOLIDÁRIA RAIZ - CRESOL RAIZ;17343510;b3S;S5;I;2;FREDERICO WESTPHALEN;RS;03/2026;2.702.799;2.181.073;42.047;2.385.866;1.313.942;316.933;7.745;316.933;14,68%;9,24%;0;56
ASAAS GESTAO FINANCEIRA IP - PRUDENCIAL;1000085771;n1;S4;C;2;JOINVILLE;SC;03/2026;2.693.601;2.435;1.152.255;2.311.476;1.171.676;382.125;4.959;347.856;60,32%;NA%;3;0
COOPERATIVA DE CRÉDITO DOS TRANSPORTES, CORREIOS E LOGÍSTICA DO BRASIL - TRANSPOCRED;8075352;b3S;S5;I;2;FLORIANOPOLIS;SC;03/2026;2.678.324;2.176.504;58.893;2.393.118;1.499.183;285.206;-7.774;290.947;14,64%;2,32%;0;58
PAYPAL DO BRASIL IP - PRUDENCIAL;1000085018;n4;NA;I;3;SAO PAULO;SP;03/2026;2.671.580;0;538.622;2.086.253;213.743;585.327;3.325;585.327;71,12%;NA%;1;0
BMP SCMEPP LTDA - PRUDENCIAL;1000083292;n1;S5;C;2;SAO PAULO;SP;03/2026;2.659.930;84.700;0;2.392.868;1.577.958;267.062;34.844;NI;NI%;NI%;4;0
COOPERATIVA DE CRÉDITO LITORÂNEA;85291086;b3S;S5;I;2;JACINTO MACHADO;SC;03/2026;2.656.789;1.387.238;46.053;2.243.984;2.004.398;412.805;24.203;381.744;21,90%;12,62%;0;16
BBVA BRASIL BI S.A. - PRUDENCIAL;1000081366;b2;S4;I;3;SAO PAULO;SP;03/2026;2.651.923;914.557;101.772;1.550.086;1.361.994;1.101.837;-6.095;1.045.946;84,59%;1,38%;2;0
CREDISIS - CENTRAL DE COOPERATIVAS DE CRÉDITO LTDA.;4632856;b3C;S4;I;2;JI-PARANA;RO;03/2026;2.621.348;94.390;1.822.942;2.457.154;459.707;164.194;7.074;143.696;25,56%;6,49%;0;0
COOPERATIVA DE CRÉDITO, POUPANÇA E INVESTIMENTO SEMENTES DO SUL - SICREDI SEMENTES DO SUL;87900411;b3S;S4;I;2;ESPUMOSO;RS;03/2026;2.619.979;1.802.577;607.007;2.014.441;1.025.840;605.538;20.461;603.283;25,43%;8,44%;0;25
COOPERATIVA DE CRÉDITO, POUPANÇA E INVESTIMENTO CENTRO SERRA - SICREDI CENTRO SERRA RS;87067757;b3S;S4;I;2;AGUDO;RS;03/2026;2.600.782;1.160.120;1.249.436;1.923.534;1.287.093;677.247;26.115;674.188;41,76%;5,83%;0;16
COOPERATIVA CENTRAL DE ECONOMIA E CRÉDITO SICOOB UNIMAIS RIO LTDA.;14568725;b3C;S4;I;2;RIO DE JANEIRO;RJ;03/2026;2.600.021;46.354;913.647;2.348.491;0;251.530;5.639;88.678;13,86%;5,63%;0;2
COOPERATIVA DE CRÉDITO SICOOB PRIMAVERA - SICOOB PRIMAVERA;5241619;b3S;S5;I;2;PRIMAVERA DO LESTE;MT;03/2026;2.585.851;1.896.411;40.347;2.303.525;1.815.341;282.326;2.030;271.792;12,58%;18,97%;0;35
BBC S.A. - PRUDENCIAL;1000084480;b1;S4;C;2;SAO PAULO;SP;03/2026;2.578.302;2.188.625;81.856;2.315.459;2.255.318;262.843;2.222;236.263;11,44%;2,59%;3;0
COOPERATIVA DE CRÉDITO DE EMPRESÁRIOS - SICOOB/TRANSCREDI;4247370;b3S;S5;I;2;CONCORDIA;SC;03/2026;2.498.570;1.488.290;148.041;2.047.972;2.006.369;450.598;20.987;423.343;22,67%;2,26%;0;5
COOPERATIVA DE CRÉDITO PRO;44469161;b3S;S4;I;2;GUARIBA;SP;03/2026;2.492.763;1.245.015;524.986;2.040.659;1.902.099;452.104;11.103;417.564;24,28%;3,14%;0;12
COOPERATIVA DE CRÉDITO, POUPANÇA E INVESTIMENTO GRANDES LAGOS DO PARANÁ E LITORAL PAULISTA - SICREDI GRANDES LAGOS PR/SP;81115149;b3S;S4;I;2;LARANJEIRAS DO SUL;PR;03/2026;2.477.064;1.315.184;918.685;2.212.986;1.520.139;264.078;4.564;277.565;17,50%;39,46%;0;32
COOPERATIVA DE CRÉDITO E INVESTIMENTO COM INTERAÇÃO SOLIDÁRIA TRADIÇÃO - CRESOL TRADIÇÃO;4350225;b3S;S5;I;2;FRANCISCO BELTRAO;PR;03/2026;2.475.204;1.866.808;31.382;2.207.381;1.385.017;267.823;3.784;275.832;15,21%;13,87%;0;30
COOPERATIVA DE CRÉDITO DE LIVRE ADMISSÃO DO VALE - SICOOB CREDIVALE/SC;86829827;b3S;S5;I;2;BRACO DO NORTE;SC;03/2026;2.467.617;1.424.071;46.378;2.168.862;1.671.757;298.755;13.698;283.566;18,31%;7,39%;0;17
COOPERATIVA DE CRÉDITO DOS MÉDICOS, PROFISSIONAIS DA SAÚDE E EMPRESÁRIOS - UNICRED RAÍZES;36900256;b3S;S5;I;2;CUIABA;MT;03/2026;2.455.916;1.491.524;44.649;2.142.218;1.913.443;313.698;37.716;314.526;19,82%;9,27%;0;17
COOPERATIVA DE CRÉDITO E ECONOMIA COM INTERAÇÃO SOLIDÁRIA - CRESOL NOROESTE;2663426;b3S;S5;I;2;CONSTANTINA;RS;03/2026;2.449.116;1.778.716;82.776;2.142.496;1.077.220;306.620;13.130;306.576;16,81%;5,44%;0;37
COOPERATIVA DE CRÉDITO DE LIVRE ADMISSÃO DA REGIÃO CENTRAL E OESTE MINEIRO LTDA. - SICOOB DIVICRED;1736516;b3S;S5;I;2;DIVINOPOLIS;MG;03/2026;2.435.895;919.127;29.435;2.149.382;2.101.948;286.513;8.597;282.504;25,11%;8,43%;0;29
COOPERATIVA DE CRÉDITO E INVESTIMENTO COM INTERAÇÃO SOLIDÁRIA DO VALE EUROPEU - CRESOL VALE EUROPEU;7512780;b3S;S5;I;2;AGUAS MORNAS;SC;03/2026;2.419.230;1.572.004;22.748;2.034.727;1.415.951;384.504;18.245;385.779;23,97%;7,66%;0;52
BANCO BARI DE INVESTIMENTO E FINANCI. - PRUDENCIAL;1000080893;b1;S4;C;2;CURITIBA;PR;03/2026;2.409.643;1.977.671;155.205;2.199.952;2.084.409;209.690;9.593;188.720;20,78%;1,44%;4;0
COOPERATIVA DE CRÉDITO - SICREDI EXPANSÃO;41180092;b3S;S4;I;2;MACEIO;AL;03/2026;2.392.524;1.288.249;861.793;2.012.708;1.689.228;379.816;18.152;382.953;27,10%;18,25%;0;26
COOPERATIVA DE CRÉDITO SUL-LITORÂNEA DO ESPÍRITO SANTO;32474884;b3S;S5;I;2;ALFREDO CHAVES;ES;03/2026;2.388.804;824.196;232.389;2.086.305;1.947.462;302.499;16.459;270.739;19,69%;7,13%;0;18
FLASH TECNOLOGIA IP - PRUDENCIAL;1000087315;n4;NA;I;2;SAO PAULO;SP;03/2026;2.378.712;41.621;770.458;2.153.881;1.916.686;224.831;-1.103;148.801;65,45%;NA%;1;0
COOPERATIVA DE CRÉDITO, POUPANÇA E INVESTIMENTO DA REGIÃO CENTRO OESTE PAULISTA - SICREDI CENTRO OESTE PAULISTA;4463602;b3S;S4;I;2;MARILIA;SP;03/2026;2.358.036;1.143.488;969.732;2.176.557;1.758.981;181.480;-1.784;208.748;16,83%;26,85%;0;27
COOPERATIVA DE CRÉDITO DE LIVRE ADMISSÃO DE ASSOCIADOS OESTE CATARINENSE;78825023;b3S;S5;I;2;PALMITOS;SC;03/2026;2.350.628;1.248.479;32.317;2.091.879;1.510.659;258.749;5.894;237.254;16,43%;8,99%;0;20
COOPERATIVA DE CRÉDITO, POUPANÇA E INVESTIMENTO INTEGRAÇÃO - SICREDI INTEGRAÇÃO PR/SC;81054686;b3S;S4;I;2;LAPA;PR;03/2026;2.344.381;1.039.096;1.183.324;2.070.351;1.484.888;274.030;14.547;270.954;21,20%;7,11%;0;29
BNY MELLON - PRUDENCIAL;1000080910;b1;S4;C;3;RIO DE JANEIRO;RJ;03/2026;2.332.853;0;361.052;1.763.028;1.615.126;569.825;5.098;536.457;63,22%;5,72%;5;0
BCO DES. DO ES S.A. - PRUDENCIAL;1000081304;b4;S4;I;1;VITORIA;ES;03/2026;2.332.492;645.777;851.815;1.730.606;856.659;601.886;11.974;551.912;51,57%;0,86%;2;0
COOPERATIVA DE CRÉDITO DE LIVRE ADMISSÃO DA UNIÃO DOS VALES DO PIRANGA E MATIPÓ LTDA. - SICOOB UNIÃO DOS VALES;1060307;b3S;S5;I;2;RAUL SOARES;MG;03/2026;2.327.029;1.040.211;136.395;2.092.907;1.797.242;234.122;10.649;203.289;15,74%;17,12%;0;39
PAGUEVELOZ IP - PRUDENCIAL;1000086505;n4;NA;C;3;BLUMENAU;SC;03/2026;2.326.295;264.769;1.061.391;428.123;113.330;1.898.172;52.243;1.874.005;126,47%;NA%;1;0
COOPERATIVA DE CRÉDITO UNICRED DESBRAVADORA LTDA - UNICRED DESBRAVADORA;1039011;b3S;S5;I;2;CHAPECO;SC;03/2026;2.313.265;1.478.269;38.724;2.062.668;1.883.659;250.597;5.166;251.796;16,09%;13,54%;0;21
COOPERATIVA DE CRÉDITO, POUPANÇA E INVESTIMENTO DO RIO GRANDE DO NORTE - SICREDI RIO GRANDE DO NORTE;70038237;b3S;S4;I;2;NATAL;RN;03/2026;2.311.416;1.239.159;827.856;2.040.590;1.779.381;270.825;26.624;269.313;20,85%;7,20%;0;11
COOPERATIVA DE CRÉDITO DA REGIÃO MERIDIONAL DO BRASIL - SICOOB UNICOOB MERIDIONAL;5392810;b3S;S5;I;2;TOLEDO;PR;03/2026;2.283.912;1.387.768;33.858;2.014.318;1.759.178;269.594;2.519;264.993;18,32%;9,52%;0;33
COOPERATIVA DE CRÉDITO, POUPANÇA E INVESTIMENTO VALOR SUSTENTÁVEL - SICREDI VALOR SUSTENTÁVEL PR/SP;81706616;b3S;S4;I;2;JANDAIA DO SUL;PR;03/2026;2.283.862;1.516.684;440.342;2.058.376;1.118.092;225.486;-3.636;278.321;14,47%;38,46%;0;23
COOPERATIVA DE CRÉDITO E INVESTIMENTO COM INTERAÇÃO SOLIDÁRIA CENTRO SUL - CRESOL CENTRO SUL;2910987;b3S;S5;I;2;ERECHIM;RS;03/2026;2.276.544;1.631.761;26.432;1.968.781;1.308.158;307.763;3.928;312.165;19,34%;5,68%;0;32
COOPERATIVA DE CRÉDITO CREDILIVRE LTDA. - SICOOB CREDILIVRE;41697103;b3S;S5;I;2;MANHUACU;MG;03/2026;2.266.793;1.112.664;69.675;1.834.484;1.465.839;432.309;24.355;395.233;31,37%;6,32%;0;21
COOPERATIVA DE CRÉDITO DE LIVRE ADMISSÃO DA ZONA DA MATA LTDA   SICOOB COOPEMATA;2335109;b3S;S5;I;2;CATAGUASES;MG;03/2026;2.263.759;1.320.204;33.989;1.943.687;1.838.078;320.072;3.009;307.718;23,35%;3,89%;0;31
COOPERATIVA DE CRÉDITO DO NORTE CATARINENSE E SUL PARANAENSE - SICOOB CREDINORTE;81011686;b3S;S5;I;2;MAFRA;SC;03/2026;2.245.614;1.234.915;81.479;1.971.972;1.492.363;273.641;7.699;250.080;18,01%;9,92%;0;17
BCO GUANABARA S.A. - PRUDENCIAL;1000081672;b1;S4;C;2;RIO DE JANEIRO;RJ;03/2026;2.215.618;1.107.909;573.657;1.912.555;1.883.436;303.063;20.083;305.350;18,40%;4,64%;3;0
COOPERATIVA CENTRAL DE CRÉDITO, POUPANÇA E INVESTIMENTO DO CENTRO NORTE DO BRASIL - CENTRAL SICREDI CENTRO NORTE;33667205;b3C;S4;I;2;CUIABA;MT;03/2026;2.193.970;0;1.274.434;931.542;0;1.262.429;848;130.540;19,35%;44,92%;0;0
COOPERATIVA DE CRÉDITO DE LIVRE ADMISSÃO DA REGIÃO DO CIRCUITO CAMPOS DAS VERTENTES LTDA - SICOOB COPERMEC;2232383;b3S;S5;I;2;CLAUDIO;MG;03/2026;2.184.283;1.016.152;27.826;1.875.979;1.777.951;308.304;15.468;291.227;24,54%;6,27%;0;22
COOPERATIVA DE CRÉDITO DE LIVRE ADMISSÃO DO ALTO VALE DO ITAJAÍ - VIACREDI ALTO VALE;16779741;b3S;S5;I;2;IBIRAMA;SC;03/2026;2.184.045;1.332.445;54.460;1.879.429;1.733.171;304.617;12.171;304.765;21,33%;7,71%;0;30
COOPERATIVA DE CRÉDITO COCRE;54401286;b3S;S4;I;2;PIRACICABA;SP;03/2026;2.133.757;742.422;189.785;1.877.245;1.700.502;256.512;6.513;255.771;21,57%;12,78%;0;26
BANCO PAULISTA - PRUDENCIAL;1000080381;b1;S4;C;2;SAO PAULO;SP;03/2026;2.126.856;955.948;486.427;1.974.409;1.759.281;152.447;-12.363;131.379;10,59%;3,05%;2;0
BANCO TOPÁZIO S.A. - PRUDENCIAL;1000081517;b1;S4;I;3;PORTO ALEGRE;RS;03/2026;2.126.086;97.908;550.340;1.839.699;1.651.482;286.386;1.882;274.106;24,41%;4,58%;2;0
EDENRED SOLUCOES E IP AHA - PRUDENCIAL;1000084916;n4;NA;C;3;BARUERI;SP;03/2026;2.117.121;421.125;143.006;1.668.344;220.041;448.777;56.752;111.587;8,51%;NA%;4;0
COOPERATIVA DE CRÉDITO E INVESTIMENTO COM INTERAÇÃO SOLIDÁRIA UNIÃO DOS VALES - CRESOL UNIÃO DOS VALES;5231945;b3S;S5;I;2;IVAIPORA;PR;03/2026;2.109.655;1.736.188;34.231;1.831.400;941.650;278.255;14.807;291.682;16,36%;9,26%;0;44
COOPERATIVA DE CREDITO CREDICERIPA - SICOOB CREDICERIPA;966246;b3S;S4;I;2;ITAI;SP;03/2026;2.074.944;979.922;54.777;1.814.584;1.640.507;260.360;9.264;262.019;20,65%;12,68%;0;33
COOPERATIVA DE ECONOMIA E CRÉDITO MÚTUO UNICRED PREMIUM CAPITAL - UNICRED PREMIUM CAPITAL;1635462;b3S;S5;I;2;LAJEADO;RS;03/2026;2.046.829;1.200.321;42.521;1.810.282;1.646.599;236.547;421;243.115;18,29%;11,86%;0;29
COOPERATIVA DE CRÉDITO, POUPANÇA E INVESTIMENTO VALE DO JAGUARI E ZONA DA MATA - SICREDI VALE DO JAGUARI E ZONA DA MATA RS/MG;87780284;b3S;S4;I;2;SANTIAGO;RS;03/2026;2.036.013;1.346.034;572.653;1.604.483;964.738;431.530;11.015;428.172;24,45%;5,78%;0;29
SICOOB MANTIQUEIRA - COOPERATIVA DE CRÉDITO DE LIVRE ADMISSÃO;71698674;b3S;S5;I;2;TAUBATE;SP;03/2026;2.021.671;1.300.251;46.135;1.802.746;1.723.336;218.925;5.150;231.686;16,85%;6,80%;0;34
COOPERATIVA DE CRÉDITO CREDIGUAÇU - SICOOB CREDIGUAÇU;67960229;b3S;S4;I;2;DESCALVADO;SP;03/2026;2.017.872;798.976;92.066;1.735.981;1.697.270;281.891;8.530;289.187;25,98%;11,68%;0;36
COOPERATIVA DE CRÉDITO ALTO VALE DO ITAJAÍ - SICOOB ALTO VALE;80959612;b3S;S5;I;2;RIO DO SUL;SC;03/2026;2.016.587;957.324;45.866;1.768.261;1.445.641;248.325;13.182;229.792;20,08%;9,28%;0;29
AF DO ESTADO DE SC S.A. - PRUDENCIAL;1000081074;n1;S4;C;1;FLORIANOPOLIS;SC;03/2026;2.014.055;1.509.403;267.733;835.269;759.496;1.178.786;20.276;997.651;66,48%;0,14%;2;0
COOPERATIVA DE CRÉDITO DE LIVRE ADMISSÃO DA REGIÃO METROPOLITANA DE GOIÂNIA LTDA.;7599206;b3S;S5;I;2;GOIANIA;GO;03/2026;1.974.036;1.086.368;122.143;1.497.931;1.300.834;476.104;-9.092;372.896;26,85%;5,54%;0;12
SICREDI VEREDAS COOPERATIVA DE CREDITO;72257793;b3S;S4;I;2;FORTALEZA;CE;03/2026;1.956.825;681.356;1.011.481;1.679.543;1.438.147;277.282;16.573;275.368;34,96%;8,48%;0;26
S3 CACEIS BRASIL DTVM - PRUDENCIAL;1000086622;n2;S4;I;3;SAO PAULO;SP;03/2026;1.936.018;0;157.349;958.842;319.275;977.176;56.100;634.062;59,60%;0,03%;2;0
COOPERATIVA DE CRÉDITO E INVESTIMENTO LIBERDADE - SICREDI LIBERDADE;88530142;b3S;S4;I;2;BAGE;RS;03/2026;1.929.406;1.137.421;662.054;1.587.120;951.874;342.285;11.504;340.298;25,44%;12,30%;0;22
CENTRAL DAS COOPERATIVAS DE CRÉDITO DOS ESTADOS DE MATO GROSSO, MATO GROSSO DO SUL E DO MUNICÍPIO DE CACOAL/RO - SICOOB CENTRAL RONDON;106180;b3C;S4;I;2;CUIABA;MT;03/2026;1.926.368;3.959;791.439;1.772.807;144;153.561;-173;73.683;16,76%;38,62%;0;2
COOPERATIVA DE CRÉDITO DE LIVRE ADMISSÃO DE ASSOCIADOS DO PLANALTO CATARINENSE SICOOB CREDIPLANALTO SC/RS;1389651;b3S;S5;I;2;PAPANDUVA;SC;03/2026;1.920.310;1.335.768;23.727;1.710.589;1.494.050;209.721;7.071;202.451;14,31%;11,85%;0;20
CAIXA GERAL - PRUDENCIAL;1000080927;b1;S4;C;3;SAO PAULO;SP;03/2026;1.900.660;825.006;600.429;1.603.295;1.571.232;297.364;-5.066;281.353;21,44%;0,90%;4;0
COOPERATIVA DE CRÉDITO UNICRED EVOLUÇÃO LTDA. - UNICRED EVOLUÇÃO;1727929;b3S;S5;I;2;PATOS DE MINAS;MG;03/2026;1.891.729;1.115.752;25.069;1.726.923;1.530.241;164.806;4.841;166.541;13,40%;11,02%;0;32
CENTRAL DAS COOPERATIVAS DE CRÉDITO DO ESTADO DE SÃO PAULO - SICOOB CENTRAL CECRESP;62931522;b3C;S4;I;2;SAO PAULO;SP;03/2026;1.861.388;6.575;1.258.716;1.481.219;1.350.792;380.168;10.537;90.962;35,27%;12,57%;0;0
CELCOIN IP - PRUDENCIAL;1000085960;n1;S4;C;3;BARUERI;SP;03/2026;1.844.693;23.763;449.371;1.490.980;951.778;353.713;-20.205;232.601;16,43%;NA%;4;0
COOPERATIVA DE CRÉDITO COOPERAÇÃO - SICREDI COOPERAÇÃO;87779625;b3S;S4;I;2;NAO-ME-TOQUE;RS;03/2026;1.843.613;1.118.443;613.203;1.500.221;921.372;343.393;13.230;341.038;23,29%;6,96%;0;27
COOPERATIVA DE CRÉDITO DA AMAZÔNIA - SICOOB AMAZÔNIA;5203605;b3S;S5;I;2;BURITIS;RO;03/2026;1.841.828;1.297.942;44.262;1.584.267;1.261.524;257.561;5.916;245.030;17,34%;15,00%;0;28
CREDISIS PRIMACREDI COOPERATIVA DE CRÉDITO;26563270;b3S;S5;I;2;PRIMAVERA DO LESTE;MT;03/2026;1.841.337;1.320.658;42.564;1.652.247;1.410.552;189.090;-19.383;188.999;13,23%;28,75%;0;9
ASA SCFI - PRUDENCIAL;1000086608;n1;S5;I;2;SAO PAULO;SP;03/2026;1.821.775;737.303;887.174;1.531.793;1.456.518;289.982;-39.381;143.791;21,67%;0,00%;2;0
COOPERATIVA DE ECONOMIA E CRÉDITO MÚTUO UNICRED INTEGRAÇÃO LTDA.;73750424;b3S;S5;I;2;CAXIAS DO SUL;RS;03/2026;1.793.909;878.181;34.958;1.636.894;1.511.667;157.015;-736;160.333;15,16%;12,40%;0;21
DLOCAL BRASIL INSTITUIÇÃO DE PAGAMENTO - PRUDENCIA;1000087133;n4;NA;I;3;SAO PAULO;SP;03/2026;1.793.367;0;11.884;1.631.063;237.092;162.304;2.129;155.716;29,21%;NA%;1;0
HP FINANCIAL SERVICES AM S.A - PRUDENCIAL;1000082987;n1;S4;I;3;BARUERI;SP;03/2026;1.792.112;1.627.630;0;533.273;312.885;1.258.838;30.864;1.258.838;94,82%;0,00%;4;0
COOPERATIVA DE CRÉDITO DE LIVRE ADMISSÃO SICOOB ARENITO PARANÁ / SÃO PAULO;7026923;b3S;S5;I;2;UMUARAMA;PR;03/2026;1.791.115;936.091;21.614;1.616.187;1.345.279;174.928;9.387;171.626;17,14%;12,91%;0;37
COOPERATIVA DE CRÉDITO DE LIVRE ADMISSÃO DA PARAÍBA - SICOOB PARAÍBA;11907520;b3S;S5;I;2;CAMPINA GRANDE;PB;03/2026;1.786.978;1.033.862;64.612;1.447.694;1.383.270;339.284;20.622;325.821;33,58%;6,04%;0;11
COOPERATIVA DE CRÉDITO COOPACREDI LTDA. - SICOOB COOPACREDI;65229254;b3S;S5;I;2;PATROCINIO;MG;03/2026;1.783.847;1.045.270;60.268;1.473.278;1.112.779;310.569;11.158;278.496;21,23%;19,21%;0;21
COOPERATIVA DE CRÉDITO UNICRED VALE LTDA - UNICRED VALE;73443863;b3S;S5;I;2;BLUMENAU;SC;03/2026;1.780.476;1.014.372;32.313;1.629.462;1.508.364;151.014;-21.855;156.213;14,03%;12,14%;0;18
COOPERATIVA CENTRAL DE CRÉDITO DA BAHIA LTDA - SICOOB CENTRAL BA;34148882;b3C;S4;I;2;SALVADOR;BA;03/2026;1.778.531;18.388;350.796;1.604.293;112.471;174.238;3.274;67.317;17,12%;7,11%;0;0
COOPERATIVA DE CRÉDITO E INVESTIMENTO COM INTERAÇÃO SOLIDÁRIA UNIÃO - CRESOL UNIÃO;2446089;b3S;S5;I;2;CORONEL VIVIDA;PR;03/2026;1.775.484;1.399.405;29.634;1.571.328;847.149;204.156;-5.501;204.128;15,04%;8,19%;0;21
LEASEPLAN AM S.A. - PRUDENCIAL;1000082963;n1;S4;I;3;SAO PAULO;SP;03/2026;1.765.310;0;0;1.449.138;1.133.193;316.172;-98.573;309.951;15,22%;3,48%;2;0
SENFFNET IP - PRUDENCIAL;1000083670;b1;S4;C;2;CURITIBA;PR;03/2026;1.756.810;1.560.545;15.661;1.354.352;850.953;402.458;5.523;231.779;15,40%;NA%;3;0
SWAP IP - PRUDENCIAL;1000086732;n4;NA;I;3;SAO PAULO;SP;03/2026;1.754.538;65.403;225.052;1.649.498;790.243;105.040;7.015;92.606;14,99%;NA%;1;0
COOPERATIVA DE CRÉDITO UNICRED DO ESTADO DE SÃO PAULO LTDA.;71884498;b3S;S5;I;2;CAMPINAS;SP;03/2026;1.748.914;943.334;37.891;1.495.832;1.389.504;253.082;9.786;252.983;23,84%;4,76%;0;34
QISTA S.A. CFI - PRUDENCIAL;1000085506;n1;S4;C;2;SAO PAULO;SP;03/2026;1.737.153;441.452;1.159.765;1.637.662;1.321.088;99.491;-19.124;225.305;15,56%;0,00%;2;0
WISE BRASIL CC - PRUDENCIAL;1000085647;n2;S4;C;3;SAO PAULO;SP;03/2026;1.734.381;0;17.474;1.559.378;962.422;175.003;11.001;148.107;11,89%;65,37%;3;0
BANCO MONEO S.A. - PRUDENCIAL;1000081500;b2;S4;I;2;CAXIAS DO SUL;RS;03/2026;1.732.942;1.636.242;859;1.400.956;1.340.782;331.986;11.562;333.414;18,40%;0,09%;2;0
RECARGAPAY IP - PRUDENCIAL;1000085898;n1;S4;C;3;SAO PAULO;SP;03/2026;1.727.029;340.686;648.994;1.536.222;1.154.073;190.807;7.706;187.040;16,98%;NA%;3;0
COOPERATIVA DE CRÉDITO CREDICOCAPEC;67096909;b3S;S4;I;2;FRANCA;SP;03/2026;1.723.124;923.200;102.582;1.403.345;1.170.854;319.778;11.969;319.756;28,00%;2,27%;0;10
COOPERATIVA DE CRÉDITO SAROM;66402207;b3S;S5;I;2;SAO ROQUE DE MINAS;MG;03/2026;1.712.122;802.979;17.354;1.519.236;1.229.276;192.887;1.534;182.126;18,50%;19,18%;0;30
COOPERATIVA DE CRÉDITO E INVESTIMENTO SICOOB CENTRO;8044854;b3S;S5;I;2;JI-PARANA;RO;03/2026;1.694.517;872.174;44.773;1.430.975;1.052.856;263.542;10.609;255.662;21,42%;9,31%;0;21
COOPERATIVA DE CRÉDITO DE LIVRE ADMISSÃO DE ITAÚNA E REGIÃO LTDA - SICOOB CENTRO-OESTE;66463407;b3S;S5;I;2;ITAUNA;MG;03/2026;1.662.521;807.582;23.255;1.456.754;1.420.183;205.767;6.814;190.265;20,94%;2,40%;0;9
COOPERATIVA DE ECONOMIA E CRÉDITO MÚTUO UNICRED ELEVA LTDA.;95163002;b3S;S5;I;2;SANTO ANGELO;RS;03/2026;1.658.436;961.340;29.509;1.503.697;1.393.974;154.739;1.255;159.339;14,86%;14,22%;0;18
STATE STREET BRASIL - PRUDENCIAL;1000081627;b1;S4;I;3;SAO PAULO;SP;03/2026;1.647.486;0;962.406;935.995;893.935;711.491;2.388;708.857;225,70%;0,23%;2;0
AGROLEND SCFI - PRUDENCIAL;1000085867;n1;S5;I;2;SAO PAULO;SP;03/2026;1.646.318;763.669;857.298;1.126.051;1.123.511;520.267;18.111;520.267;44,96%;0,02%;2;0
COOPERATIVA DE CRÉDITO E INVESTIMENTO COM INTERAÇÃO SOLIDÁRIA INTEGRAÇÃO - CRESOL INTEGRAÇÃO;7268499;b3S;S5;I;2;TOLEDO;PR;03/2026;1.641.106;1.227.894;23.228;1.430.791;826.640;210.316;3.317;210.294;17,08%;10,20%;0;31
COOPERATIVA DE CRÉDITO, CAPTAÇÃO, POUPANÇA E SOLUÇÕES FINANCEIRAS SICOOB CREDICAPITAL;4529074;b3S;S5;I;2;CASCAVEL;PR;03/2026;1.611.230;981.412;34.505;1.439.339;1.183.529;171.892;1.865;160.055;15,28%;8,10%;0;25
COOPERATIVA DE CRÉDITO E INVESTIMENTO COM INTERAÇÃO SOLIDÁRIA VANGUARDA - CRESOL VANGUARDA;3965737;b3S;S5;I;2;CHAPECO;SC;03/2026;1.605.359;1.191.375;24.099;1.466.777;837.174;138.582;-87;140.946;11,84%;13,13%;0;23
COOPERATIVA DE CRÉDITO CREDINOR LTDA - SICOOB CREDINOR;21866694;b3S;S5;I;2;MONTES CLAROS;MG;03/2026;1.593.668;696.394;30.305;1.355.548;1.240.677;238.120;13.515;223.715;25,35%;16,82%;0;33
COOPERATIVA DE CREDITO CREDISUDESTE LTDA. - SICOOB CREDISUDESTE;22656789;b3S;S5;I;2;MURIAE;MG;03/2026;1.587.717;696.155;52.657;1.418.369;1.064.916;169.348;-559;141.243;15,99%;15,16%;0;26
EBANX IP - PRUDENCIAL;1000085094;n4;NA;I;2;CURITIBA;PR;03/2026;1.578.498;0;0;1.450.708;1.423.233;127.790;25.638;123.861;74,25%;NA%;1;0
COOPERATIVA DE CRÉDITO CREDIVERTENTES LTDA. - SICOOB CREDIVERTENTES;22724710;b3S;S5;I;2;SAO TIAGO;MG;03/2026;1.578.458;632.258;25.449;1.331.392;1.277.437;247.065;8.189;233.579;26,77%;7,08%;0;22
IUGU IP - PRUDENCIAL;1000085434;n4;NA;C;2;SAO PAULO;SP;03/2026;1.554.883;0;87.440;1.359.071;419.107;195.812;-1.517;39.666;15,49%;NA%;1;0
COOPERATIVA DE CRÉDITO INTEGRADO - SICOOB INTEGRADO;7122321;b3S;S5;I;2;PATO BRANCO;PR;03/2026;1.552.660;945.619;19.501;1.391.944;1.228.153;160.717;1.006;158.014;16,63%;16,60%;0;44
CHG-MERIDIAN DO BRASIL AM S.A. - PRUDENCIAL;1000082994;n1;S4;I;3;BARUERI;SP;03/2026;1.551.021;278.988;0;1.383.187;997.767;167.834;-11.777;161.659;11,68%;1,57%;2;0
COOPERATIVA DE CRÉDITO E INVESTIMENTO COM INTERAÇÃO SOLIDÁRIA DA AMAZÔNIA - CRESOL AMAZÔNIA;10520232;b3S;S5;I;2;JI-PARANA;RO;03/2026;1.544.264;1.242.175;30.463;1.351.459;565.999;192.804;6.588;195.122;16,59%;7,84%;0;22
COOPERATIVA DE CRÉDITO DE LIVRE ADMISSÃO DE ASSOCIADOS - SICOOB CREDICARU SC/RS;694389;b3S;S5;I;2;SAO JOSE DO CERRITO;SC;03/2026;1.541.194;1.043.996;30.269;1.265.441;791.494;275.753;7.029;255.021;23,91%;3,54%;0;15
BCO ARBI S.A. - PRUDENCIAL;1000081201;b1;S4;I;2;RIO DE JANEIRO;RJ;03/2026;1.539.337;422.571;193.522;1.443.296;1.381.793;96.041;-9.231;64.992;9,56%;19,44%;5;0
BANCO B3 - PRUDENCIAL;1000081225;b1;S4;C;2;SAO PAULO;SP;03/2026;1.537.798;0;204.356;1.297.917;1.269.216;239.881;18.490;238.400;139,54%;0,68%;3;0
COOPERATIVA DE CRÉDITO CREDINTER LTDA. - SICOOB CREDINTER;24048910;b3S;S5;I;2;GUARANESIA;MG;03/2026;1.524.771;907.806;42.413;1.324.485;1.139.819;200.286;-9.523;186.890;17,47%;9,17%;0;19
STARA FINANCEIRA S.A. - CFI - PRUDENCIAL;1000083711;n1;S4;I;2;NAO-ME-TOQUE;RS;03/2026;1.518.136;1.374.845;122.186;1.260.206;1.251.263;257.930;3.061;257.650;12,89%;0,86%;2;0
COOPERATIVA DE CRÉDITO CREDICAF LTDA - SICOOB CREDICAF;25395435;b3S;S5;I;2;LAJINHA;MG;03/2026;1.501.627;759.643;75.754;1.264.859;947.172;236.768;3.017;206.594;21,00%;9,54%;0;20
CENTRAL DAS COOPERATIVAS DE CRÉDITO DO NORDESTE - SICOOB CENTRAL NE;70116611;b3C;S4;I;2;JOAO PESSOA;PB;03/2026;1.488.932;7.526;432.413;1.393.166;113.579;95.766;3.809;89.656;21,95%;3,71%;0;2
COOPERATIVA DE CRÉDITO DE LIVRE ADMISSÃO DE ASSOCIADOS ITAPIRANGA - SICOOB CREDITAPIRANGA SC/RS;78483310;b3S;S5;I;2;ITAPIRANGA;SC;03/2026;1.478.235;833.466;20.337;1.328.654;836.593;149.582;3.627;135.535;14,25%;7,92%;0;11
COOPERATIVA DE CRÉDITO DE LIVRE ADMISSÃO DO NORTE DE MATO GROSSO - SICOOB NORTE MT;23623636;b3S;S5;I;2;SINOP;MT;03/2026;1.475.834;990.197;26.767;1.308.417;1.181.826;167.417;8.498;163.528;14,91%;14,71%;0;27
COOPERATIVA DE CRÉDITO E ECONOMIA COM INTERAÇÃO SOLIDÁRIA DO PLANALTO SERRA SUL DO RIO GRANDE DO SUL - CRESOL PLANALTO SERRA SUL;5863726;b3S;S5;I;2;SANANDUVA;RS;03/2026;1.470.289;1.073.556;41.781;1.309.219;755.618;161.070;5.971;160.638;14,86%;10,26%;0;29
COOPERATIVA DE CRÉDITO DE LIVRE ADMISSÃO DO CENTRO NORTE DOS ESTADOS DE MATO GROSSO E MATO GROSSO DO SUL - SICOOB UNIÃO MT/MS;3326437;b3S;S5;I;2;CUIABA;MT;03/2026;1.465.858;1.010.968;31.067;1.333.855;1.118.317;132.003;-24.642;117.418;9,50%;30,67%;0;29
ICBC DO BRASIL BM S.A. - PRUDENCIAL;1000081830;b1;S4;I;3;SAO PAULO;SP;03/2026;1.463.101;93.666;1.056.643;1.312.932;1.007.618;150.169;-9.598;406.526;89,84%;0,16%;2;0
COOPERATIVA DE CRÉDITO NOSSOCRÉDITO LTDA - SICOOB NOSSOCRÉDITO;22760839;b3S;S5;I;2;SAO SEBASTIAO DO PARAISO;MG;03/2026;1.453.935;675.670;26.605;1.232.912;1.118.270;221.024;7.600;208.407;25,51%;11,39%;0;11
COOPERATIVA DE POUPANÇA E CRÉDITO DO VALE DO RIO DOCE LTDA - SICOOB CREDIRIODOCE;25606237;b3S;S5;I;2;GOVERNADOR VALADARES;MG;03/2026;1.439.696;461.299;27.747;1.256.882;1.165.644;182.814;9.830;169.680;24,49%;12,05%;0;28
BCO KEB DO BRASIL SA - PRUDENCIAL;1000081232;b1;S4;I;3;SAO PAULO;SP;03/2026;1.436.488;176.719;324.490;1.225.233;1.207.160;211.255;4.076;212.771;62,94%;0,57%;2;0
COOPERATIVA DE CRÉDITO E INVESTIMENTO COM INTERAÇÃO SOLIDÁRIA DE MINAS GERAIS - CRESOL MINAS GERAIS;8624548;b3S;S5;I;2;MURIAE;MG;03/2026;1.428.337;976.247;20.163;1.279.140;784.099;149.197;568;150.833;15,77%;14,36%;0;31
COOPERATIVA DE CRÉDITO DE LIVRE ADMISSÃO DE ASSOCIADOS NOVA TRENTO   SICOOB TRENTOCREDI SC;2641969;b3S;S5;I;2;NOVA TRENTO;SC;03/2026;1.415.516;715.360;124.532;1.159.814;1.137.323;255.702;15.507;242.879;29,24%;10,09%;0;17
STARK SCD - PRUDENCIAL;1000085513;n1;S4;C;2;SAO PAULO;SP;03/2026;1.401.893;47.428;34.182;1.134.076;890.114;267.817;4.386;267.795;20,94%;9,90%;2;0
COOPERATIVA DE CREDITO COOPLIVRE;49389307;b3S;S5;I;2;CAPIVARI;SP;03/2026;1.401.433;686.535;37.299;1.226.030;1.093.076;175.403;2.616;168.402;20,40%;21,09%;0;21
COOPERATIVA DE CRÉDITO CREDCOOPER LTDA - SICOOB CREDCOOPER;19449602;b3S;S5;I;2;CARATINGA;MG;03/2026;1.400.852;641.288;44.863;1.190.688;899.377;210.164;4.326;186.304;23,56%;5,37%;0;11
COOPERATIVA DE CRÉDITO, POUPANÇA E INVESTIMENTO DO NOROESTE DO ESTADO DE SÃO PAULO - SICREDI NOROESTE SP;3065046;b3S;S4;I;2;SAO JOSE DO RIO PRETO;SP;03/2026;1.397.533;656.947;600.764;1.257.036;930.293;140.496;10.986;145.349;20,11%;14,67%;0;20
BANCO IBM S.A. - PRUDENCIAL;1000081689;b2;S4;I;2;RIO DE JANEIRO;RJ;03/2026;1.395.469;798.302;0;878.159;585.083;517.310;2.256;402.928;58,85%;0,03%;2;0
COOPERATIVA DE CRÉDITO CREDIUNA LTDA - SICOOB CREDIUNA;64237530;b3S;S5;I;2;ITAUNA;MG;03/2026;1.389.413;551.195;29.574;1.136.912;1.015.851;252.500;20.832;239.299;31,70%;8,27%;0;10
COOPERATIVA DE CRÉDITO DE LIVRE ADMISSÃO TRÊS FRONTEIRAS - SICOOB TRÊS FRONTEIRAS;4876393;b3S;S5;I;2;FOZ DO IGUACU;PR;03/2026;1.386.753;844.239;17.505;1.236.747;1.047.204;150.006;5.053;146.764;16,76%;6,71%;0;21
EMPRESA BRASILEIRA DE BENEFICIOS E PAGAMENTOS IP -;1000087834;n4;NA;I;2;SAO PAULO;SP;03/2026;1.386.225;29.720;1.276.634;1.317.813;520.640;68.412;-4.445;66.766;14,82%;NA%;1;0
COOPERATIVA DE CRÉDITO DE LIVRE ADMISSÃO DE ASSOCIADOS VALE DO CHAPECOZINHO - SICOOB VALCREDI SUL;2090126;b3S;S5;I;2;PASSOS MAIA;SC;03/2026;1.371.895;922.877;21.451;1.235.806;1.007.484;136.089;2.390;130.788;13,44%;8,88%;0;19
COOPERATIVA DE CRÉDITO E INVESTIMENTO COM INTERAÇÃO SOLIDÁRIA ESSÊNCIA - CRESOL ESSÊNCIA;6031727;b3S;S5;I;2;SANTO CRISTO;RS;03/2026;1.348.079;907.204;17.275;1.202.563;756.179;145.516;2.394;149.106;16,11%;8,07%;0;23
STRIPE BRASIL IP PRUDENCIAL;1000086251;n4;NA;I;3;SAO PAULO;SP;03/2026;1.347.045;0;64.721;1.269.535;0;77.510;4.650;77.510;17,44%;NA%;1;0
BANCO KOMATSU DO BRASIL - PRUDENCIAL;1000084576;b2;S4;I;3;SAO PAULO;SP;03/2026;1.334.195;1.221.984;0;1.088.340;935.151;245.856;9.365;247.341;17,44%;0,19%;2;0
COOPERATIVA DE CRÉDITO CREDISETE LTDA. - SICOOB CREDISETE;22753982;b3S;S5;I;2;SETE LAGOAS;MG;03/2026;1.318.332;456.980;22.657;1.165.214;1.127.984;153.118;4.008;142.212;21,96%;17,67%;0;14
BULLLA IP - PRUDENCIAL;1000084985;n1;S4;C;2;SAO PAULO;SP;03/2026;1.313.213;658.135;75.571;581.270;285.509;731.943;35.515;122.780;10,70%;NA%;5;0
COOPERATIVA DE CRÉDITO E INVESTIMENTO COM INTERAÇÃO SOLIDÁRIA TRIUNFO - CRESOL TRIUNFO;8560508;b3S;S5;I;2;SAO JOAO DO TRIUNFO;PR;03/2026;1.310.767;987.158;17.526;1.174.182;748.067;136.585;6.559;141.068;15,12%;9,63%;0;15
COOPERATIVA DE CRÉDITO DOS PROFISSIONAIS DA ÁREA DA SAÚDE E DE LIVRE ADMISSÃO LTDA - UNICRED ALIANÇA;70937271;b3S;S5;I;2;UBERLANDIA;MG;03/2026;1.306.909;765.496;23.855;1.174.708;1.055.459;132.201;8.303;132.189;15,63%;9,52%;0;27
HS FINANCEIRA - PRUDENCIAL;1000083522;n1;S4;C;2;DOIS IRMAOS;RS;03/2026;1.269.231;235.355;32.112;975.375;136.749;293.856;58.978;285.841;15,06%;3,56%;3;0
CREDISIS JICRED - COOPERATIVA DE CRÉDITO DE LIVRE ADMISSÃO JICRED;2309070;b3S;S5;I;2;JI-PARANA;RO;03/2026;1.269.049;712.331;41.606;1.050.969;886.672;218.081;8.960;218.057;24,14%;5,58%;0;26
COOPERATIVA DE CRÉDITO DE LIVRE ADMISSÃO DO ESTADO DE SÃO PAULO - SICOOB PAULISTA;10262276;b3S;S5;I;2;PRESIDENTE PRUDENTE;SP;03/2026;1.264.936;814.845;28.529;1.131.007;1.049.308;133.930;7.310;119.475;15,93%;4,76%;0;22
COOPERATIVA DE CRÉDITO DA FOZ DO RIO ITAJAÍ AÇU - CREDIFOZ;9512539;b3S;S5;I;2;ITAJAI;SC;03/2026;1.262.232;917.830;40.276;1.044.514;882.963;217.718;4.203;217.714;22,25%;7,93%;0;25
COOPERATIVA DE CRÉDITO CREDICARPA LTDA. - SICOOB CREDICARPA;23949522;b3S;S5;I;2;CARMO DO PARANAIBA;MG;03/2026;1.256.742;670.000;38.875;1.027.704;748.407;229.038;3.720;208.319;26,38%;13,58%;0;5
COOPERATIVA DE CRÉDITO CREDISG LTDA. - SICOOB CREDISG;3645752;b3S;S5;I;2;SAO GOTARDO;MG;03/2026;1.249.290;726.245;44.053;1.016.284;637.772;233.007;-1.602;209.551;27,84%;3,04%;0;2
COOPERATIVA DE CRÉDITO DE LIVRE ADMISSÃO DA REGIÃO DE FRUTAL LTDA.   SICOOB FRUTAL;71419600;b3S;S5;I;2;FRUTAL;MG;03/2026;1.247.805;788.298;41.236;1.063.054;757.855;184.750;6.227;164.217;20,62%;5,61%;0;8
BANCO SEMEAR - PRUDENCIAL;1000081380;b1;S4;I;2;BELO HORIZONTE;MG;03/2026;1.241.350;623.531;181.554;1.132.087;1.091.366;109.263;-1.340;109.068;12,93%;1,22%;2;0
CREDISIS CREDIARI - COOPERATIVA DE CRÉDITO LTDA.;3222753;b3S;S5;I;2;ARIQUEMES;RO;03/2026;1.241.116;751.906;61.296;872.261;803.090;368.856;6.189;368.486;41,06%;8,01%;0;18
COOPERATIVA DE CRÉDITO CREDIBOM LTDA. - SICOOB CREDIBOM;21670187;b3S;S5;I;2;BOM DESPACHO;MG;03/2026;1.234.044;462.602;28.840;1.049.601;968.624;184.443;6.885;173.515;27,23%;7,57%;0;7
COOPERATIVA DE CRÉDITO, POUPANÇA E INVESTIMENTO DE ARARAQUARA E REGIÃO - SICREDI MORADA DO SOL SP;73113243;b3S;S4;I;2;ARARAQUARA;SP;03/2026;1.232.081;704.114;453.309;1.125.525;854.539;106.557;2.083;125.734;17,54%;15,01%;0;11
DESENBAHIA AG FOMENTO BAHIA SA - PRUDENCIAL;1000081067;n1;S4;I;1;SALVADOR;BA;03/2026;1.224.251;639.875;445.436;341.747;218.991;882.505;8.265;551.010;72,98%;6,10%;2;0
OLIVEIRA TRUST DTVM S.A. - PRUDENCIAL;1000084040;n2;S4;I;2;RIO DE JANEIRO;RJ;03/2026;1.224.084;0;326.697;1.121.897;1.026.586;102.187;26.023;91.067;10,55%;3,55%;3;0
COOPERATIVA DE CRÉDITO DE LIVRE ADMISSÃO DE ASSOCIADOS VALE DO RIO DO PEIXE - SICOOB CREDIRIO SC;78865995;b3S;S5;I;2;JOACABA;SC;03/2026;1.217.749;599.132;17.360;1.105.784;923.392;111.965;-4.230;103.032;13,85%;8,73%;0;10
COOPERATIVA DE CRÉDITO E INVESTIMENTO COM INTERAÇÃO SOLIDÁRIA PROGRESSO - CRESOL PROGRESSO;2448310;b3S;S5;I;2;CASCAVEL;PR;03/2026;1.214.504;916.778;16.720;1.069.116;642.840;145.388;2.885;145.372;15,61%;6,20%;0;17
BPCE EQUIPMENT AM - PRUDENCIAL;1000088390;n1;S4;I;3;BARUERI;SP;03/2026;1.195.415;947.238;187.158;896.052;800.106;299.363;-1.876;115.244;11,53%;1,64%;2;0
COOPERATIVA DE CRÉDITO NOROESTE DE MINAS LTDA. - SICOOB NOROESTE DE MINAS;86564051;b3S;S5;I;2;UNAI;MG;03/2026;1.187.004;777.415;63.557;1.047.261;780.715;139.743;-2.049;124.395;13,99%;7,42%;0;6
COOPERATIVA DE CRÉDITO E INVESTIMENTO COM INTERAÇÃO SOLIDÁRIA NORTE PARANAENSE - CRESOL NORTE PARANAENSE;7925729;b3S;S5;I;2;LONDRINA;PR;03/2026;1.184.527;853.467;11.890;1.064.837;755.705;119.690;-6.616;119.688;13,54%;5,32%;0;20
COOPERATIVA DE CRÉDITO CREDIFOR LTDA - SICOOB CREDIFOR;41931445;b3S;S5;I;2;FORMIGA;MG;03/2026;1.184.457;424.323;27.584;1.075.097;996.433;109.361;2.842;94.544;14,78%;17,47%;0;8
COOPERATIVA DE CRÉDITO DE LIVRE ADMISSÃO UNIÃO E NEGÓCIOS - SICOOB INTEGRAÇÃO;8742188;b3S;S5;I;2;CUIABA;MT;03/2026;1.176.451;815.438;19.457;1.052.596;945.969;123.855;-4.079;123.473;13,07%;20,19%;0;25
COOPERATIVA DE CRÉDITO DE LIVRE ADMISSÃO DE PERNAMBUCO - SICOOB PERNAMBUCO;3732359;b3S;S5;I;2;SAO JOSE DO EGITO;PE;03/2026;1.171.851;845.594;40.916;1.028.190;917.220;143.661;3.308;141.500;17,56%;16,15%;0;43
COOPERATIVA DE CRÉDITO CREDIVALE LTDA - SICOOB CREDIVALE;25387655;b3S;S5;I;2;TEOFILO OTONI;MG;03/2026;1.146.248;353.607;26.792;978.198;889.992;168.050;8.283;154.380;29,91%;9,64%;0;26
WORLDPAY DO BRASIL IP - PRUDENCIAL;1000086110;n4;NA;I;3;SAO PAULO;SP;03/2026;1.126.994;0;223.451;804.259;0;322.735;22.513;322.859;125,44%;NA%;1;0
COOPERATIVA DE CRÉDITO E INVESTIMENTO COM INTERAÇÃO SOLIDÁRIA LIDERANÇA - CRESOL LIDERANÇA;2934201;b3S;S5;I;2;CHOPINZINHO;PR;03/2026;1.122.749;843.807;20.396;958.301;478.228;164.449;-722;166.367;19,94%;8,27%;0;19
COOPERATIVA DE CRÉDITO E INVESTIMENTO COM INTERAÇÃO SOLIDÁRIA DO RIO GRANDE DO SUL - CRESOL RIO GRANDE DO SUL;6139650;b3S;S5;I;2;BENTO GONCALVES;RS;03/2026;1.118.151;825.057;16.504;995.449;617.099;122.702;-626;122.702;15,47%;15,20%;0;23
COOPERATIVA DE CREDITO NOSSO - SICOOB NOSSO;59869560;b3S;S5;I;2;ADAMANTINA;SP;03/2026;1.112.219;450.122;32.953;979.369;869.883;132.850;1.995;119.533;21,82%;20,30%;0;19
COOPERATIVA DE CRÉDITO, POUPANÇA E INVESTIMENTO SICREDI SERIGY - SICREDI SERIGY SE/BA;2923389;b3S;S4;I;2;ARACAJU;SE;03/2026;1.106.491;405.369;580.425;976.118;873.252;130.373;8.494;130.961;29,87%;12,22%;0;12
CARUANA SCFI - PRUDENCIAL;1000083591;n1;S4;I;2;SAO PAULO;SP;03/2026;1.102.189;886.632;18.980;977.346;968.568;124.842;-4.013;125.088;12,07%;0,86%;2;0
COOPERATIVA DE CRÉDITO DO NORTE CATARINENSE - ACREDICOOP;3461243;b3S;S5;I;2;JOINVILLE;SC;03/2026;1.095.882;853.914;27.277;961.950;808.235;133.932;-651;143.395;17,36%;7,47%;0;23
COOPERATIVA DE CRÉDITO EVOLUA;10311218;b3S;S5;I;2;FRANCISCO BELTRAO;PR;03/2026;1.086.074;878.332;28.480;941.159;583.333;144.915;-3.772;147.393;16,45%;10,51%;0;20
COOPERATIVA DE CRÉDITO DE LIVRE ADMISSÃO DO VALE DO PARANAPANEMA;1637949;b3S;S5;I;2;PRESIDENTE PRUDENTE;SP;03/2026;1.083.074;341.052;39.734;920.244;846.605;162.830;4.011;155.629;29,48%;7,20%;0;15
COOPERATIVA DE ECONOMIA E CRÉDITO MÚTUO DOS PROFISSIONAIS DA SAÚDE DA REGIÃO DA ALTA MOGIANA - SICOOB CREDIMOGIANA;69346856;b3S;S5;I;2;FRANCA;SP;03/2026;1.081.304;790.567;138.874;961.503;870.998;119.801;-4.989;107.116;12,97%;4,72%;0;9
COOPERATIVA DE CRÉDITO POUPANÇA E INVESTIMENTO DA ALTA NOROESTE DE SÃO PAULO - SICREDI ALTA NOROESTE SP;4484490;b3S;S4;I;2;BIRIGUI;SP;03/2026;1.079.429;562.746;422.755;984.973;816.096;94.455;-223;115.051;20,41%;11,33%;0;12
COOPERATIVA DE CRÉDITO E INVESTIMENTO COM INTERAÇÃO SOLIDÁRIA GRANDES LAGOS PR/SP - CRESOL GRANDES LAGOS PR/SP;6126780;b3S;S5;I;2;GUARAPUAVA;PR;03/2026;1.073.179;834.427;15.981;962.122;601.237;111.057;-3.974;111.196;12,47%;18,65%;0;18
SICREDI RECIFE - COOPERATIVA DE CRÉDITO, POUPANÇA E INVESTIMENTO SICREDI RECIFE;70241658;b3S;S4;I;2;RECIFE;PE;03/2026;1.072.371;458.384;473.442;967.353;791.703;105.018;622;108.587;20,37%;4,60%;0;6
COOPERATIVA CENTRAL DE CRÉDITO, POUPANÇA E INVESTIMENTO DE MATO GROSSO DO SUL, GOIÁS, DISTRITO FEDERAL E TOCANTINS - CENTRAL SICREDI BRASIL CENTRAL;33737818;b3C;S4;I;2;GOIANIA;GO;03/2026;1.066.055;0;786.104;481.033;0;585.022;2.251;135.846;49,58%;1,01%;0;0
COOPERATIVA DE CRÉDITO ORIGINAL - SICOOB ORIGINAL;81292278;b3S;S5;I;2;SAO LOURENCO D'OESTE;SC;03/2026;1.065.562;544.793;21.391;867.858;669.135;197.705;4.605;182.564;25,39%;9,74%;0;13
COOPERATIVA DE CRÉDITO DOS PROFISSIONAIS DOS CREAS E DEMAIS ÁREAS TECNOLÓGICAS - CREDCREA;5979692;b3S;S5;I;2;FLORIANOPOLIS;SC;03/2026;1.062.733;594.848;28.918;912.225;848.769;150.508;-947;153.240;22,03%;13,29%;0;24
COOPERATIVA DE CREDITO DE LIVRE ADMISSAO DO CENTRO NORDESTE MINEIRO LTDA - SICOOB CREDICENM;2173447;b3S;S5;I;2;GUANHAES;MG;03/2026;1.054.577;384.491;11.743;925.810;897.716;128.767;5.363;122.977;24,69%;14,20%;0;25
COOPERATIVA DE CRÉDITO E INVESTIMENTO COM INTERAÇÃO SOLIDÁRIA HORIZONTE - CRESOL HORIZONTE;5277312;b3S;S5;I;2;UNIAO DA VITORIA;PR;03/2026;1.051.735;803.603;12.608;919.278;617.773;132.457;-2.334;134.253;17,09%;14,93%;0;23
COOPERATIVA DE CRÉDITO UNIQUE BR;73647935;b3S;S5;I;2;CAMPO GRANDE;MS;03/2026;1.050.875;641.684;11.806;888.348;837.396;162.527;-922;161.402;21,99%;7,62%;0;18
COOPERATIVA DE CRÉDITO E INVESTIMENTO COM INTERAÇÃO SOLIDÁRIA ORIGENS - CRESOL ORIGENS;5220243;b3S;S5;I;2;SARANDI;RS;03/2026;1.050.748;810.341;13.000;949.810;591.285;100.938;3.992;101.434;12,72%;13,69%;0;18
NATURA &CO PAY SCD;1000086598;n1;S5;I;2;SAO PAULO;SP;03/2026;1.049.961;645.568;289.882;445.975;0;603.986;8.494;535.817;51,95%;0,00%;2;0
COOPERATIVA DE CRÉDITO E CAPTAÇÃO SICOOB UNICIDADES;3047549;b3S;S5;I;2;RIO VERDE;GO;03/2026;1.039.637;594.613;11.160;885.971;684.983;153.666;-7.718;149.988;18,96%;14,74%;0;13
COOPERATIVA DE CRÉDITO CREDIPEU LTDA.  - SICOOB CREDIPEU;66262643;b3S;S5;I;2;POMPEU;MG;03/2026;1.033.010;357.847;31.689;893.017;762.957;139.993;9.650;123.054;21,30%;4,26%;0;2
COOPERATIVA DE CRÉDITO DE LIVRE ADMISSÃO E DOS TRANSPORTADORES RODOVIÁRIOS DE VEÍCULOS - SICOOB CREDCEG;7789195;b3S;S5;I;2;SAO BERNARDO DO CAMPO;SP;03/2026;1.029.961;640.549;368.524;813.640;800.164;216.320;11.135;165.494;24,86%;3,45%;0;2
COOPERATIVA DE CRÉDITO DE LIVRE ADMISSÃO DE  LAGOA DA PRATA E REGIÃO LTDA.   SICOOB LAGOACRED GERAIS;1739375;b3S;S5;I;2;LAGOA DA PRATA;MG;03/2026;1.024.585;477.214;17.025;834.602;733.661;189.983;8.646;181.195;29,72%;5,51%;0;3
COOPERATIVA DE CRÉDITO CREDICOPE LTDA. - SICOOB CREDICOPE;38588174;b3S;S5;I;2;CONSELHEIRO PENA;MG;03/2026;1.020.362;346.293;27.752;875.587;770.280;144.775;6.479;129.880;26,48%;7,20%;0;19
SICOOB UNIMAIS METROPOLITANA - COOPERATIVA DE CRÉDITO DE LIVRE ADMISSÃO;259231;b3S;S5;I;2;SANTOS;SP;03/2026;992.521;734.047;29.565;859.418;833.045;133.104;6.878;117.974;16,27%;6,39%;0;26
COOPERATIVA DE CRÉDITO DE LIVRE ADMISSÃO DA REGIÃO DE  PARÁ DE MINAS LTDA - SICOOB CREDIRURAL;25387713;b3S;S5;I;2;PARA DE MINAS;MG;03/2026;990.782;388.444;11.354;870.301;851.882;120.481;6.855;115.304;23,28%;10,90%;0;7
COOPERATIVA DE CRÉDITO DE PRODUTORES RURAIS E DE LIVRE ADMISSÃO DO TRIÂNGULO LTDA    SICOOB CREDITRIL;41669227;b3S;S5;I;2;UBERLANDIA;MG;03/2026;985.123;286.656;52.100;798.608;780.874;186.514;6.422;141.226;31,80%;13,28%;0;9
COOPERATIVA DE CRÉDITO DE LIVRE ADMISSÃO DO VALE DO PARANAÍBA LTDA.;24799033;b3S;S5;I;2;QUIRINOPOLIS;GO;03/2026;971.489;636.173;79.584;699.018;563.910;272.471;4.275;197.963;28,18%;6,11%;0;16
COOPERATIVA DE CRÉDITO E INVESTIMENTO COM INTERAÇÃO SOLIDÁRIA CONEXÃO - CRESOL CONEXÃO;11969853;b3S;S5;I;2;MEDIANEIRA;PR;03/2026;961.158;701.356;13.330;860.411;511.406;100.747;-1.626;100.744;14,20%;8,61%;0;16
COOPERATIVA DE CRÉDITO SICOOB CREDSEGURO LTDA.;2935307;b3S;S5;I;2;GOIANIA;GO;03/2026;957.863;413.716;21.037;723.878;668.354;233.985;-1.273;221.081;43,25%;2,96%;0;11
COOPERATIVA DE CRÉDITO DE LIVRE ADMISSÃO DE ASSOCIADOS NOVOS CAMPOS - SICOOB NOVOS CAMPOS;78862083;b3S;S5;I;2;CAMPOS NOVOS;SC;03/2026;945.870;571.006;23.347;838.375;644.717;107.495;284;97.880;15,34%;15,32%;0;13
COOPERATIVA DE CRÉDITO DE LIVRE ADMISSÃO DE BELO HORIZONTE E CIDADES POLO DO ESTADO DE MINAS GERAIS LTDA. - SICOOB NOSSACOOP;1760242;b3S;S5;I;2;BELO HORIZONTE;MG;03/2026;945.722;551.165;15.666;845.180;816.826;100.541;-1.471;100.221;15,73%;15,92%;0;32
BANCO XCMG BRASIL - PRUDENCIAL;1000085300;b2;S4;I;3;POUSO ALEGRE;MG;03/2026;940.390;834.346;30.603;673.457;621.561;266.933;3.134;266.933;27,67%;0,07%;2;0
COOPERATIVA DE CRÉDITO DE LIVRE ADMISSÃO CREDINOVA LTDA. - SICOOB CREDINOVA;1667766;b3S;S5;I;2;NOVA SERRANA;MG;03/2026;937.975;345.483;12.816;802.926;726.716;135.049;3.087;127.198;26,68%;5,55%;0;9
COOPERATIVA DE CRÉDITO SICOOB EXTREMO SUL LTDA.;2447120;b3S;S5;I;2;TEIXEIRA DE FREITAS;BA;03/2026;937.303;341.295;142.208;721.780;645.554;215.523;9.644;132.628;29,30%;7,31%;0;11
COOPERATIVA DE CREDITO DE LIVRE ADMISSAO DO VALE DO AÇO LTDA - SICOOB VALE DO AÇO;19869338;b3S;S5;I;2;IPATINGA;MG;03/2026;930.093;296.796;24.109;790.417;763.047;139.676;4.290;127.213;26,82%;15,07%;0;24
COOPERATIVA DE CRÉDITO DE LIVRE ADMISSÃO DA REGIÃO LESTE DA BACIA DO RIO DOCE LTDA   SICOOB CREDILESTE;5158093;b3S;S5;I;2;CARATINGA;MG;03/2026;920.631;598.736;12.026;780.442;719.860;140.188;6.929;133.471;22,22%;16,60%;0;4
COOPERATIVA DE CRÉDITO MÚTUO DOS ADVOGADOS DE SANTA CATARINA;5861932;b3S;S5;I;2;SAO JOSE;SC;03/2026;918.442;277.598;26.853;797.253;783.750;121.189;5.078;111.764;26,19%;4,94%;0;15
COOPERATIVA DE CRÉDITO RURAL COOPAVEL;76461557;b3S;S5;I;2;CASCAVEL;PR;03/2026;916.334;459.639;410.001;603.314;581.217;313.020;13.799;322.010;37,71%;0,20%;0;2
COOPERATIVA DE CRÉDITO UNIÃO CENTRO OESTE LTDA. - SICOOB UNIÃO CENTRO OESTE;26178111;b3S;S5;I;2;LAGOA DA PRATA;MG;03/2026;908.599;343.788;21.360;752.043;661.936;156.555;2.364;145.050;28,76%;16,76%;0;6
UNIPRIME PIONEIRA COOPERATIVA DE CRÉDITO;1286361;b3S;S5;I;2;TOLEDO;PR;03/2026;897.120;537.753;10.404;822.813;810.983;74.307;-11.053;76.473;12,90%;23,95%;0;18
COOPERATIVA DE CRÉDITO DE LIVRE ADMISSÃO SICOOB UNIMAIS CENTRO LESTE PAULISTA - SICOOB UNIMAIS CENTRO LESTE PAULISTA;1259518;b3S;S5;I;2;RIO CLARO;SP;03/2026;895.168;625.826;25.660;771.238;754.042;123.930;-912;115.917;19,04%;9,87%;0;12
COOPERATIVA DE CRÉDITO CREDPLUS LTDA. - SICOOB CREDPLUS;25536764;b3S;S5;I;2;LUZ;MG;03/2026;890.794;400.536;68.936;790.908;748.274;99.885;3.694;86.448;NI%;23,76%;0;19
COOPERATIVA DE CRÉDITO MÚTUO DOS EMPREGADOS DA EMBRAER- SICOOB COOPEREMB;46642294;b3S;S5;I;2;SAO JOSE DOS CAMPOS;SP;03/2026;889.933;526.360;325.314;432.375;393.302;457.559;8.580;416.848;59,26%;2,73%;0;26
COOPERATIVA DE CRÉDITO DA REGIÃO DO CONTESTADO - CIVIA;10218474;b3S;S5;I;2;SAO BENTO DO SUL;SC;03/2026;887.197;675.750;21.568;770.436;652.364;116.761;3.929;126.031;17,56%;5,60%;0;20
COOPERATIVA DE CRÉDITO DE LIVRE ADMISSÃO DO VALE DO ARAGUAIA LTDA.;24830879;b3S;S5;I;2;MINEIROS;GO;03/2026;885.402;423.502;18.691;529.842;497.286;355.560;9.037;337.695;61,60%;3,62%;0;4
CSILATINA A.M. S.A. - PRUDENCIAL;1000082970;n1;S4;I;3;BARUERI;SP;03/2026;880.133;490.890;22.341;753.220;516.054;126.913;-2.567;126.860;25,28%;0,50%;2;0
COOPERATIVA DE CRÉDITO DO CENTRO SUL MINEIRO LTDA. - SICOOB CENTRO SUL MINEIRO;71238232;b3S;S5;I;2;CARMOPOLIS DE MINAS;MG;03/2026;878.935;384.628;86.421;723.526;635.271;155.409;12.554;142.931;29,99%;4,01%;0;14
COOPERATIVA DE CRÉDITO CREDIFIEMG LTDA. - SICOOB CREDIFIEMG;7469260;b3S;S5;I;2;BELO HORIZONTE;MG;03/2026;878.720;258.919;12.488;761.855;751.088;116.866;6.161;113.098;35,25%;1,07%;0;0
COOPERATIVA DE CRÉDITO SICOOB UNI SUDESTE;86389236;b3S;S5;I;2;UBA;MG;03/2026;865.063;393.416;23.233;777.960;733.905;87.103;-2.203;83.169;16,54%;6,37%;0;31
NAIP IP - PRUDENCIAL;1000088802;n4;NA;I;2;BARUERI;SP;03/2026;859.708;47.199;0;629.867;494.882;229.841;20.575;109.841;104,43%;NA%;1;0
COOPERATIVA DE CRÉDITO SICOOB 3 COLINAS;4013172;b3S;S5;I;2;FRANCA;SP;03/2026;857.447;522.370;74.955;770.127;704.353;87.321;-1.290;70.918;12,59%;8,89%;0;11
COOPERATIVA DE CRÉDITO CENTRO LESTE NORTE MARANHENSE - SICOOB CENTROLESTE;9403026;b3S;S5;I;2;GRAJAU;MA;03/2026;850.517;658.571;28.071;695.193;502.770;155.324;4.761;154.136;22,85%;10,34%;0;26
BANCO TRAVELEX - PRUDENCIAL;1000080783;b1;S4;C;3;SAO PAULO;SP;03/2026;848.025;27.047;204.285;557.305;252.689;290.719;1.048;164.612;12,87%;8,38%;23;0
COOPERATIVA DE CRÉDITO DE LIVRE ADMISSÃO DO TOCANTINS LTDA;26960328;b3S;S5;I;2;PARAISO DO NORTE DO TOCANTINS;TO;03/2026;845.130;446.929;25.311;722.336;632.117;122.794;3.484;102.200;19,40%;9,85%;0;16
COOPERATIVA DE CRÉDITO CREDIJEQUITINHONHA LTDA. - SICOOB CREDIJEQUITINHONHA;71243034;b3S;S5;I;2;CAPELINHA;MG;03/2026;843.839;261.011;15.923;681.507;625.986;162.332;6.553;155.234;41,63%;13,96%;0;25
AGENCIA FOMENTO EST RJ S.A. - PRUDENCIAL;1000081139;n1;S4;C;1;RIO DE JANEIRO;RJ;03/2026;842.222;278.875;424.123;240.560;100.933;601.662;7.115;481.871;98,27%;0,71%;1;0
COOPERATIVA DE CRÉDITO COOCRELIVRE;53935029;b3S;S4;I;2;ORLANDIA;SP;03/2026;836.099;283.813;46.870;551.473;500.708;284.625;3.526;284.476;57,11%;2,93%;0;13
SICOOB AC CREDI - COOPERATIVA DE CRÉDITO DE LIVRE ADMISSÃO DO LESTE E NORDESTE MINEIRO LTDA.;1559914;b3S;S5;I;2;GOVERNADOR VALADARES;MG;03/2026;835.232;300.688;20.823;721.810;672.264;113.422;6.797;97.647;22,72%;22,31%;0;19
COOPERATIVA DE CRÉDITO CREDIARA LTDA - SICOOB CREDIARA;66398496;b3S;S5;I;2;ARAXA;MG;03/2026;831.983;487.287;21.869;707.784;579.269;124.199;-3.546;112.278;20,93%;13,13%;0;10
COOPERATIVA DE CRÉDITO CREDIMATA LTDA. - SICOOB CREDIMATA;1152097;b3S;S5;I;2;VOLTA GRANDE;MG;03/2026;829.339;330.823;19.997;707.028;626.275;122.311;2.134;112.080;25,43%;10,57%;0;19
MAF-BRL TRUST - PRUDENCIAL;1000084277;n2;S4;C;2;SAO PAULO;SP;03/2026;812.010;0;40.427;696.554;680.083;115.456;14.859;96.102;22,17%;20,45%;4;0
COOPERATIVA DE CRÉDITO E INVESTIMENTO COM INTERAÇÃO SOLIDÁRIA TRANSFORMAÇÃO - CRESOL TRANSFORMAÇÃO;4261151;b3S;S5;I;2;DONA EMMA;SC;03/2026;805.520;561.429;9.794;708.469;447.870;97.051;482;98.605;17,02%;14,50%;0;25
COOPERATIVA DE CREDITO DE LIVRE ADMISSAO DE PARA DE MINAS LTDA - SICOOB ASCICRED;1009908;b3S;S5;I;2;PARA DE MINAS;MG;03/2026;799.260;231.819;10.056;707.594;686.851;91.667;5.018;86.301;24,09%;17,11%;0;4
SIMPALA CFI - PRUDENCIAL;1000085070;n1;S4;C;2;PORTO ALEGRE;RS;03/2026;792.734;292.481;134.268;738.726;687.430;54.008;2.128;86.045;10,08%;2,67%;3;0
COOPERATIVA DE CRÉDITO SICOOB ALIANÇA;6174009;b3S;S5;I;2;APUCARANA;PR;03/2026;780.539;427.522;17.738;675.305;559.393;105.234;909;99.765;22,06%;7,31%;0;30
COOPERATIVA DE CRÉDITO E INVESTIMENTO COM INTERAÇÃO SOLIDÁRIA COOPERAR - CRESOL COOPERAR;5983995;b3S;S5;I;2;HUMAITA;RS;03/2026;779.124;580.081;11.464;699.572;410.423;79.552;-3.343;79.552;13,63%;11,48%;0;20
COOPERATIVA DE CRÉDITO COPERSUL LTDA - SICOOB COPERSUL;18966739;b3S;S5;I;2;TRES PONTAS;MG;03/2026;777.112;262.517;25.767;689.639;554.931;87.473;1.864;73.817;17,90%;11,94%;0;4
BCO TRICURY S.A. - PRUDENCIAL;1000081696;b2;S4;I;2;SAO PAULO;SP;03/2026;772.002;317.682;2.428;542.802;530.920;229.200;6.424;229.149;45,81%;0,21%;2;0
COOPERATIVA DE CRÉDITO E INVESTIMENTO COM INTERAÇÃO SOLIDÁRIA ATIVA - CRESOL ATIVA;7946451;b3S;S5;I;2;TANGARA;SC;03/2026;770.452;598.778;9.868;681.397;421.501;89.055;657;92.878;14,95%;13,65%;0;23
BCO WOORI BANK DO BRASIL S.A. - PRUDENCIAL;1000081823;b1;S4;I;3;SAO PAULO;SP;03/2026;769.609;55.182;332.930;713.888;708.598;55.720;-5.368;51.671;43,38%;0,77%;2;0
FATOR - PRUDENCIAL;1000080350;b1;S4;C;2;SAO PAULO;SP;03/2026;763.951;92.865;521.131;554.011;526.287;209.941;14.736;147.548;18,37%;13,14%;3;0
MIRAE ASSET (BRASIL) CCTVM - PRUDENCIAL;1000082932;n2;S4;I;3;SAO PAULO;SP;03/2026;760.627;0;403.259;366.218;223.803;394.410;5.905;393.004;120,63%;1,07%;2;0
UNIPRIME CENTRAL NACIONAL - CENTRAL NACIONAL DE COOPERATIVA DE CREDITO;3046391;b3C;S4;I;2;LONDRINA;PR;03/2026;757.957;0;464.559;730.151;3.609;27.807;22;18.058;15,15%;25,25%;0;3
COOPERATIVA DE CRÉDITO SICOOB MÉDIO OESTE;7318874;b3S;S5;I;2;ASSIS CHATEAUBRIAND;PR;03/2026;746.615;467.240;13.158;640.883;534.405;105.732;3.035;101.727;19,66%;10,18%;0;10
COOPERATIVA DE CRÉDITO - CREDICOMIN;9590601;b3S;S5;I;2;LAGES;SC;03/2026;741.084;467.532;18.209;650.570;548.036;90.513;-864;90.652;18,58%;3,37%;0;12
COOPERATIVA DE CRÉDITO DE LIVRE ADMISSÃO DE SANTO ANTÔNIO DO MONTE LTDA.   SICOOB CREDIMONTE;41707258;b3S;S5;I;2;SANTO ANTONIO DO MONTE;MG;03/2026;740.141;449.975;17.935;655.178;552.047;84.963;734;76.566;15,74%;11,04%;0;8
OPEA SCD - PRUDENCIAL;1000085269;n1;S5;I;3;SAO PAULO;SP;03/2026;737.386;0;20.777;717.820;691.849;19.566;276;19.566;17,25%;0,00%;2;0
FITS IP - PRUDENCIAL;1000085726;n1;S5;C;2;SAO PAULO;SP;03/2026;733.539;0;19.320;635.971;586.054;97.569;3.930;24.875;20,27%;NA%;3;0
DEUTSCHE SPARKASSEN LEASING DO BRASIL - PRUDENCIAL;1000084545;b2;S4;I;3;SAO PAULO;SP;03/2026;731.598;657.597;0;645.192;593.153;86.407;-7.170;96.045;13,92%;0,08%;2;0
EFI S.A. IP - PRUDENCIAL;1000084978;n1;S4;C;2;OURO PRETO;MG;03/2026;728.496;87.149;32.252;655.615;581.615;72.881;7.843;54.970;13,45%;NA%;3;0
COOPERATIVA DE CRÉDITO E ECONOMIA COM INTERAÇÃO SOLIDÁRIA CRESOL EVOLUÇÃO;2844024;b3S;S5;I;2;DIONISIO CERQUEIRA;SC;03/2026;718.943;518.855;22.260;636.312;372.279;82.631;2.965;82.561;14,85%;13,16%;0;13
COOPERATIVA DE CREDITO DE LIVRE ADMISSAO DE RUBIATABA E REGIAO LTDA;73422792;b3S;S5;I;2;RUBIATABA;GO;03/2026;717.142;247.229;33.216;574.347;490.000;142.795;3.300;112.173;28,30%;6,62%;0;13
QUERO-QUERO VERDECARD IP - PRUDENCIAL;1000085678;n4;NA;I;2;CACHOEIRINHA;RS;03/2026;713.074;332.942;96.563;593.036;17.852;120.039;9.281;79.598;22,81%;NA%;1;0
COOPERATIVA DE CRÉDITO E INVESTIMENTO COM INTERAÇÃO SOLIDÁRIA ALTO VALE - CRESOL ALTO VALE;7465539;b3S;S5;I;2;WITMARSUM;SC;03/2026;712.613;583.693;11.274;600.573;360.354;112.040;209;113.634;19,40%;7,90%;0;19
COOPERATIVA DE CRÉDITO DE LIVRE ADMISSÃO DE ASSOCIADOS DO MEIO OESTE CATARINENSE - SICOOB CREDIMOC SC;80959638;b3S;S5;I;2;XANXERE;SC;03/2026;708.412;282.101;139.497;594.710;546.943;113.702;2.255;104.910;23,30%;16,81%;0;4
CLARA IP - PRUDENCIAL;1000087205;n4;NA;I;3;SAO PAULO;SP;03/2026;707.944;373.731;96.676;685.668;174.322;22.277;401;22.207;7,77%;NA%;1;0
COOPERATIVA DE CRÉDITO E INVESTIMENTO COM INTERAÇÃO SOLIDÁRIA VALE DAS ÁGUAS PR/MG - CRESOL VALE DAS ÁGUAS PR/MG;4663561;b3S;S5;I;2;LARANJEIRAS DO SUL;PR;03/2026;707.085;569.985;11.406;580.841;289.738;126.243;3.185;126.225;22,58%;4,94%;0;17
COOPERATIVA DE CRÉDITO DE LIVRE ADMISSÃO CENTRO OESTE LTDA.;7502031;b3S;S5;I;2;GOIANESIA;GO;03/2026;701.911;512.482;30.347;529.415;455.001;172.495;5.614;147.842;28,45%;2,83%;0;10
COOPERATIVA DE CRÉDITO DE LIVRE ADMISSÃO DA GRANDE GOIÂNIA LTDA.;10209619;b3S;S5;I;2;GOIANIA;GO;03/2026;698.479;439.493;45.326;550.916;503.347;147.563;-68;117.953;22,90%;6,81%;0;6
COOPERATIVA DE CRÉDITO ARACREDI LTDA. - SICOOB ARACREDI;68987;b3S;S5;I;2;ARAGUARI;MG;03/2026;697.924;424.843;26.793;611.367;397.129;86.557;-2.845;73.071;14,85%;12,29%;0;13
COOPERATIVA DE CRÉDITO CREDINACIONAL LTDA. - SICOOB CREDINACIONAL;25420696;b3S;S5;I;2;ABAETE;MG;03/2026;692.869;231.565;19.894;603.348;524.494;89.522;1.152;81.162;23,40%;8,25%;0;12
COOPERATIVA DE CRÉDITO CREDIVERDE LTDA. - SICOOB CREDIVERDE;25528753;b3S;S5;I;2;DIVINOPOLIS;MG;03/2026;690.986;262.716;9.641;571.108;544.114;119.878;5.329;115.881;33,45%;8,23%;0;15
CONFEDERACAO NACIONAL DAS COOPERATIVAS DO SICOOB LTDA;4891850;b3C;NA;I;2;BRASILIA;DF;03/2026;687.661;0;129.500;233.175;0;454.485;51.923;NI;NI%;NI%;0;0
VR - PRUDENCIAL;1000080408;b1;S4;C;2;SAO PAULO;SP;03/2026;678.594;68.176;0;628.170;561.940;50.424;3.105;50.574;67,24%;0,03%;4;0
COOPERATIVA DE CREDITO DE LIVRE ADMISSÃO DO VALE DO SÃO PATRICIO LTDA.;968602;b3S;S5;I;2;GOIANESIA;GO;03/2026;674.066;421.352;30.971;529.932;424.293;144.135;-5.095;119.148;25,81%;7,37%;0;5
COOPERATIVA DE CRÉDITO GUARANICREDI LTDA. - SICOOB GUARANICREDI;26014175;b3S;S5;I;2;GUARANI;MG;03/2026;673.795;187.359;14.068;611.717;568.677;62.078;2.894;55.072;18,40%;16,39%;0;9
COOPERATIVA DE CRÉDITO DE LIVRE ADMISSÃO DA REGIÃO CENTRAL DE RONDÔNIA   SICOOB OUROCREDI;2144899;b3S;S5;I;2;OURO PRETO DO OESTE;RO;03/2026;670.187;359.389;21.954;530.883;406.789;139.303;5.936;135.199;31,62%;3,35%;0;15
COOPERATIVA DE CRÉDITO E ECONOMIA COM INTERAÇÃO SOLIDÁRIA - CRESOL ALIANÇA;7412987;b3S;S5;I;2;CHAPECO;SC;03/2026;669.641;463.486;20.079;593.530;397.103;76.111;366;76.098;15,61%;17,16%;0;15
COOPERATIVA DE CRÉDITO E ECONOMIA COM INTERAÇÃO SOLIDÁRIA - CRESOL INTERAÇÃO;8055016;b3S;S5;I;2;XAVANTINA;SC;03/2026;667.466;435.422;24.427;572.669;332.537;94.797;5.565;94.747;18,76%;3,78%;0;11
CREDI SHOP S.A. - PRUDENCIAL;1000084923;n1;S5;C;2;TERESINA;PI;03/2026;667.044;425.835;226.653;363.415;0;303.629;4.089;292.784;28,75%;NA%;3;0
COOPERATIVA DE CRÉDITO  DE FRONTEIRAS  LTDA. - SICOOB FRONTEIRAS;3612764;b3S;S5;I;2;CACOAL;RO;03/2026;666.876;487.984;13.652;576.874;498.022;90.002;634;84.110;14,18%;14,28%;0;23
COOPERATIVA DE CRÉDITO E INVESTIMENTO COM INTERAÇÃO SOLIDÁRIA CONFIANÇA - CRESOL CONFIANÇA;7252614;b3S;S5;I;2;PAIM FILHO;RS;03/2026;658.442;475.076;16.118;586.108;283.984;72.335;1.208;74.902;14,65%;5,09%;0;16
COOPERATIVA DE CREDITO DO MERCADO IMOBILIÁRIO - SICOOB IMOB.VC;14913919;b3S;S5;I;2;BELO HORIZONTE;MG;03/2026;655.669;124.880;7.248;570.477;559.301;85.192;6.307;81.586;40,26%;1,21%;0;4
COOPERATIVA DE CRÉDITO CREDICAMPO LTDA.- SICOOB CREDICAMPO;21661202;b3S;S5;I;2;ENTRE RIOS DE MINAS;MG;03/2026;654.767;345.579;9.888;533.305;500.631;121.461;4.482;117.027;27,58%;19,97%;0;13
SICREDI NORTE - COOPERATIVA DE CRÉDITO;83315408;b3S;S4;I;2;BELEM;PA;03/2026;653.934;259.561;214.635;625.511;525.184;28.423;-9.939;44.848;11,31%;26,98%;0;12
SOCIEDADE COOPERATIVA DE CRÉDITO COOPERE LTDA.  - SICOOB COOPERE;73398646;b3S;S5;I;2;VALENTE;BA;03/2026;650.215;249.617;51.147;527.402;480.693;122.813;2.707;90.957;26,57%;18,89%;0;23
COOPERATIVA DE ECONOMIA E CRÉDITO MÚTUO UNICRED PROSPERAR LTDA. - UNICRED PROSPERAR;1705236;b3S;S5;I;2;SANTANA DO LIVRAMENTO;RS;03/2026;649.144;340.222;11.447;586.259;546.002;62.884;5.121;66.767;16,94%;7,54%;0;4
COOPERATIVA DE CRÉDITO E INVESTIMENTO COM INTERAÇÃO SOLIDÁRIA PLANALTO SUL - CRESOL PLANALTO SUL;2766672;b3S;S5;I;2;SAO JOAQUIM;SC;03/2026;640.810;503.390;17.205;559.433;311.983;81.377;841;81.376;15,79%;8,44%;0;15
COOPERATIVA DE CRÉDITO SICOOB SERTÃO LTDA;2057584;b3S;S5;I;2;PINTADAS;BA;03/2026;640.634;381.400;50.980;523.119;477.540;117.515;1.657;79.375;19,49%;21,28%;0;23
ZEMA CFI - PRUDENCIAL;1000083584;n1;S4;C;2;ARAXA;MG;03/2026;626.946;502.809;36.040;489.497;417.552;137.449;1.362;150.631;23,28%;0,19%;3;0
COOPERATIVA DE CRÉDITO DE LIVRE ADMISSÃO DE RIO VERDE E REGIÃO LTDA.;9033698;b3S;S5;I;2;RIO VERDE;GO;03/2026;625.903;371.123;5.069;517.759;423.682;108.144;-5.714;106.375;24,28%;15,24%;0;3
SUPERLÓGICA SCD PRUDENCIAL;1000085843;n1;S5;I;2;BARUERI;SP;03/2026;617.312;1.708;476.167;588.508;581.096;28.804;7.220;28.804;18,08%;0,00%;2;0
COOPERATIVA DE CRÉDITO MONTECREDI LTDA. - SICOOB MONTECREDI;71392047;b3S;S5;I;2;MONTE CARMELO;MG;03/2026;614.701;282.764;22.368;520.741;410.575;93.960;2.573;82.023;23,67%;5,23%;0;2
COOPERATIVA DE CRÉDITO DE LIVRE ADMISSÃO DO ALTO SÃO FRANCISCO LTDA.;41805003;b3S;S5;I;2;PIUMHI;MG;03/2026;614.020;306.329;8.537;531.983;439.676;82.037;1.234;75.797;18,92%;33,80%;0;6
COOPERATIVA DE CRÉDITO E INVESTIMENTO COM INTERAÇÃO SOLIDÁRIA DE GOIÁS - CRESOL GOIÁS;4490531;b3S;S5;I;2;ORIZONA;GO;03/2026;599.645;465.352;8.053;493.038;287.810;106.607;844;106.607;23,19%;7,01%;0;15
COOPERATIVA DE CRÉDITO DE LIVRE ADMISSÃO LTDA. - SICOOB CREDIJUSTRA;37079720;b3S;S5;I;2;BRASILIA;DF;03/2026;598.425;259.826;45.359;503.833;496.063;94.592;1.958;54.883;18,40%;4,22%;0;10
COOPERATIVA DE CRÉDITO DA REGIÃO CENTRAL DE MINAS LTDA. - SICOOB UNIÃO CENTRAL;22749014;b3S;S5;I;2;PARAOPEBA;MG;03/2026;597.791;165.748;14.323;482.566;434.430;115.225;5.359;106.429;35,67%;11,67%;0;11
COOPERATIVA DE CRÉDITO DE LIVRE ADMISSÃO DO VALE DO RIO GRANDE LTDA. - SICOOB UBERABA;25683475;b3S;S5;I;2;UBERABA;MG;03/2026;589.999;391.901;12.996;496.600;424.006;93.399;-321;89.054;22,20%;12,72%;0;7
COOPERATIVA DE CRÉDITO DO DISTRITO FEDERAL E ENTORNO LTDA;1187961;b3S;S5;I;2;BRASILIA;DF;03/2026;582.478;360.809;34.386;480.614;424.284;101.865;-790;71.444;16,96%;7,13%;0;7
COOPERATIVA DE CRÉDITO DE LIVRE ADMISSÃO BURITIS - SICOOB BURITIS;5247312;b3S;S5;I;2;RONDONOPOLIS;MT;03/2026;579.528;331.054;10.548;517.091;472.254;62.437;-434;60.402;14,43%;22,80%;0;21
BANQI IP - PRUDENCIAL;1000085829;n1;S5;C;2;SAO PAULO;SP;03/2026;578.721;251.701;52.080;79.436;40.098;499.285;19.160;192.645;67,68%;NA%;3;0
BLU IP - PRUDENCIAL;1000086677;n4;NA;I;2;RIO DE JANEIRO;RJ;03/2026;577.130;0;51.549;542.462;55.326;34.668;-634;14.030;14,77%;NA%;1;0
COOPERATIVA DE CRÉDITO DE LIVRE ADMISSÃO DE BOA ESPERANÇA LTDA. - SICOOB BELCREDI;869687;b3S;S5;I;2;BOA ESPERANCA;MG;03/2026;575.895;197.035;17.167;490.733;416.621;85.162;3.216;76.010;26,37%;1,06%;0;1
COOPERATIVA DE CRÉDITO CARLOS CHAGAS LTDA. - SICOOB CARLOS CHAGAS;41753500;b3S;S5;I;2;CARLOS CHAGAS;MG;03/2026;566.656;293.008;13.840;435.965;364.130;130.692;3.449;124.130;37,27%;6,01%;0;8
COOPERATIVA DE CRÉDITO DE LIVRE ADMISSÃO DO ESTADO DO RIO DE JANEIRO - SICOOB FLUMINENSE;2931668;b3S;S5;I;2;CAMPOS DOS GOYTACAZES;RJ;03/2026;565.019;352.701;11.484;510.630;463.809;54.389;-4.647;51.039;14,55%;16,91%;0;19
COOPERATIVA DE CRÉDITO UNIÃO DO CENTRO OESTE DE MINAS LTDA. - SICOOB CENTRO UNIÃO;65239402;b3S;S5;I;2;CARMO DO CAJURU;MG;03/2026;563.466;172.224;11.965;473.994;428.670;89.472;3.686;83.200;30,96%;5,22%;0;5
COOPERATIVA DE CRÉDITO CREDIALP LTDA - SICOOB CREDIALP;25353939;b3S;S5;I;2;ALPINOPOLIS;MG;03/2026;562.142;352.109;18.003;475.622;333.108;86.520;4.088;78.312;21,50%;12,45%;0;5
COOPERATIVA DE CRÉDITO CREDSAOPAULO - SICOOB CREDSAOPAULO;2197569;b3S;S5;I;2;SAO JOSE DOS CAMPOS;SP;03/2026;561.655;267.786;212.185;530.581;516.885;31.073;-9.132;24.208;6,56%;26,88%;0;15
COOPERATIVA DE CRÉDITO, POUPANÇA E INVESTIMENTO DO VALE DO SÃO FRANCISCO - SICREDI VALE DO SÃO FRANCISCO PE;4237413;b3S;S4;I;2;PETROLINA;PE;03/2026;561.651;248.343;266.079;496.876;409.797;64.775;3.494;64.442;22,50%;12,32%;0;6
COOPERATIVA DE CREDITO CREDIMOTA   SICOOB CREDIMOTA;66788142;b3S;S5;I;2;CANDIDO MOTA;SP;03/2026;559.245;275.227;22.741;521.167;478.576;38.078;-3.940;30.586;8,75%;16,10%;0;16
COOPERATIVA DE CRÉDITO DE LIVRE ADMISSÃO DE ASSOCIADOS URUBICI - SICOOB CREDIARAUCÁRIA/SC;2587492;b3S;S5;I;2;URUBICI;SC;03/2026;558.044;254.362;9.254;481.417;406.617;76.627;1.556;70.698;20,11%;12,73%;0;13
SICOOB CREDIGOIÁS COOPERATIVA DE CRÉDITO LTDA.;37255049;b3S;S5;I;2;GOIANIA;GO;03/2026;557.802;309.333;24.867;411.740;323.985;146.061;4.554;125.127;30,98%;1,89%;0;0
COOPERATIVA DE CRÉDITO CREDIBELO LTDA. - SICOOB CREDIBELO;71237184;b3S;S5;I;2;CAMPO BELO;MG;03/2026;552.956;197.559;124.317;490.889;404.098;62.067;3.394;52.548;17,44%;7,74%;0;7
MÊNTORE IP - PRUDENCIAL;1000088527;n4;NA;C;2;FORTALEZA;CE;03/2026;549.167;253.703;103.787;264.936;123.830;284.231;13.539;NI;NI%;NA%;1;0
TENTOS CFI - PRUDENCIAL;1000085788;n1;S4;I;2;IJUI;RS;03/2026;548.797;495.494;31.529;466.478;449.356;82.320;498;77.686;17,30%;2,76%;2;0
CREDIARE CFI - PRUDENCIAL;1000085427;n1;S4;C;2;FARROUPILHA;RS;03/2026;548.712;315.638;22.947;409.007;371.474;139.705;1.523;110.727;22,97%;9,16%;3;0
COOPERATIVA DE CRÉDITO DE LIVRE ADMISSÃO DO CENTRO-SUL GOIANO LTDA;33579731;b3S;S5;I;2;MORRINHOS;GO;03/2026;546.529;332.826;25.064;454.320;407.087;92.209;-622;69.067;19,75%;11,00%;0;11
AL5 S.A. SCFI - PRUDENCIAL;1000084734;n1;S4;I;2;CUIABA;MT;03/2026;544.803;384.192;0;465.379;423.418;79.424;2.899;70.616;15,32%;0,89%;2;0
COOPERATIVA DE CRÉDITO CREDIRAMA LTDA - SICOOB CREDIRAMA;3412878;b3S;S5;I;2;ITURAMA;MG;03/2026;536.359;420.756;14.411;401.207;308.554;135.152;6.055;127.589;32,15%;2,45%;0;6
COOPERATIVA DE CRÉDITO NOSSA SENHORA DO DESTERRO - SICOOB CREDISC;3419786;b3S;S5;I;2;FLORIANOPOLIS;SC;03/2026;528.443;249.239;5.930;483.801;472.845;44.642;40;42.039;14,90%;5,63%;0;9
TODESCREDI S/A - CFI - PRUDENCIAL;1000083546;n1;S5;I;2;BENTO GONCALVES;RS;03/2026;528.338;512.536;11.641;437.412;431.095;90.926;4.329;92.467;22,16%;0,28%;2;0
CALCARD IP - PRUDENCIAL;1000088170;n1;S4;C;2;PALHOCA;SC;03/2026;525.822;286.523;73.194;392.007;121.668;133.814;-868;104.355;20,14%;NA%;3;0
COOPERATIVA DE CRÉDITO CREDINORTE LTDA. - SICOOB CREDINORTE;64276058;b3S;S5;I;2;NANUQUE;MG;03/2026;525.778;284.051;9.199;388.753;339.716;137.026;7.068;132.138;41,02%;10,34%;0;7
COOPERATIVA DE CRÉDITO DE LIVRE ADMISSÃO DO ESTADO DO ACRE LTDA.;1608685;b3S;S5;I;2;RIO BRANCO;AC;03/2026;524.111;324.430;5.764;446.153;341.529;77.957;4.411;75.584;21,20%;14,29%;0;2
COOPERATIVA DE CRÉDITO DA REGIÃO E COLAR METROPOLITANO DO VALE DO AÇO LTDA. - SICOOB COSMIPA;17361536;b3S;S5;I;2;IPATINGA;MG;03/2026;522.630;271.381;14.184;409.553;388.385;113.077;573;109.421;31,27%;8,06%;0;21
COOPERATIVA DE ECONOMIA E CRÉDITO MÚTUO DOS EMPREGADOS DE FURNAS E DAS DEMAIS EMPRESAS DO SISTEMA ELETROBRÁS LTDA. - SICOOB CECREMEF;33370115;b3S;S5;I;2;RIO DE JANEIRO;RJ;03/2026;513.256;142.874;25.978;472.805;461.233;40.451;-1.418;26.706;12,41%;14,01%;0;15
COOPERATIVA DE ECONOMIA E CRÉDITO MÚTUO UNICRED COALIZÃO LTDA - UNICRED COALIZÃO;4445917;b3S;S5;I;2;CAMPOS DOS GOYTACAZES;RJ;03/2026;511.734;280.917;9.539;438.504;387.999;73.230;3.254;74.689;22,57%;13,75%;0;13
VIA CERTA CFI - PRUDENCIAL;1000080831;n1;S4;I;2;SANTO CRISTO;RS;03/2026;509.543;379.386;74.754;463.484;409.403;46.058;3.908;48.173;13,48%;17,66%;2;0
COOPERATIVA DE CRÉDITO DE LIVRE ADMISSÃO SICOOB CREDIACIL;8795285;b3S;S5;I;2;LEME;SP;03/2026;504.260;295.399;14.465;435.105;421.399;69.155;3.460;61.541;20,18%;6,15%;0;5
COOPERATIVA DE CREDITO CREDIAGRO LTDA. - SICOOB CREDIAGRO;429890;b3S;S5;I;2;CAMPOS ALTOS;MG;03/2026;501.530;301.471;25.442;433.630;259.145;67.899;-1.197;54.349;16,64%;17,06%;0;4
CONTA SIMPLES SCD - PRUDENCIAL;1000087384;n1;S5;I;3;SAO PAULO;SP;03/2026;501.193;391.821;53.475;433.519;0;67.673;441;66.396;18,30%;0,00%;2;0
COOPERATIVA DE CRÉDITO E INVESTIMENTO COM INTERAÇÃO SOLIDÁRIA NASCENTE - CRESOL NASCENTE;5494591;b3S;S5;I;2;ALFREDO WAGNER;SC;03/2026;497.354;396.943;9.406;433.180;218.134;64.174;-920;64.859;15,22%;19,56%;0;9
COOPERATIVA DE CRÉDITO E INVESTIMENTO COM INTERAÇÃO SOLIDÁRIA MISSÕES FRONTEIRA RS - CRESOL MISSÕES FRONTEIRA RS;8488377;b3S;S5;I;2;GUARANI DAS MISSOES;RS;03/2026;492.766;391.314;9.436;427.478;268.168;65.289;1.787;65.289;15,75%;9,92%;0;14
COOPERATIVA DE CRÉDITO SICOOB COSTA DO DESCOBRIMENTO LTDA.;1205736;b3S;S5;I;2;ITAMARAJU;BA;03/2026;490.310;279.046;25.459;415.763;353.374;74.547;3.263;58.040;19,29%;14,82%;0;11
COOPERATIVA DE CRÉDITO DE LIVRE ADMISSÃO UNIÃO DO CENTRO OESTE DE MINAS LTDA - SICOOB CREDESP;1703620;b3S;S5;I;2;BOM DESPACHO;MG;03/2026;489.920;183.612;8.085;417.835;404.385;72.085;-338;70.601;25,21%;4,71%;0;5
COOPERATIVA DE CRÉDITO UNIPRIME SUL;1572667;b3S;S5;I;2;ERECHIM;RS;03/2026;487.152;328.665;4.704;441.177;435.248;45.975;-601;46.724;14,35%;6,96%;0;7
COOPERATIVA E ECONOMIA E CRÉDITO MÚTUO DOS MÉDICOS DO PLANALTO MÉDIO DO RIO GRANDE DO SUL LTDA. - CREDISIS/CREDIPLAN;97259253;b3S;S5;I;2;PASSO FUNDO;RS;03/2026;486.518;100.447;13.550;446.266;438.899;40.252;3.001;40.221;21,47%;2,47%;0;4
COOPERATIVA DE CREDITO DE LIVRE ADMISSAO DE PITANGUI E REGIAO LTDA. - SICOOB CREDPIT;4181542;b3S;S5;I;2;PITANGUI;MG;03/2026;478.265;257.417;7.696;408.519;384.731;69.746;-121;65.835;21,27%;12,77%;0;7
CONFEDERACAO DAS COOPERATIVAS DO SICREDI - CONFEDERACAO SICREDI;3795072;b3C;NA;I;2;PORTO ALEGRE;RS;03/2026;475.255;0;11;469.883;0;5.373;0;NI;NI%;NI%;0;0
SOCINAL S.A. CFI - PRUDENCIAL;1000083577;n1;S5;I;2;ARARUAMA;RJ;03/2026;471.699;402.378;10.485;399.531;389.777;72.168;738;75.911;21,20%;3,04%;2;0
EBURY BANCO DE CÂMBIO - PRUDENCIAL;1000080862;b2;S4;I;3;SAO PAULO;SP;03/2026;471.560;0;76.619;242.004;80.461;229.556;8.200;108.468;17,19%;16,74%;2;0
COOPERATIVA DE CREDITO DO PLANALTO SUL - SICOOB CREDISSERRANA;3033469;b3S;S5;I;2;LAGES;SC;03/2026;469.835;298.596;5.908;426.364;358.812;43.470;-2.412;40.368;12,92%;20,15%;0;8
COOPERATIVA DE CRÉDITO DOS INTEGRANTES DO PODER JUDICIÁRIO E DO MINISTÉRIO PÚBLICO DO ESTADO DE MINAS GERAIS LTDA. - SICOOB JUS-MP;3519240;b3S;S5;I;2;BELO HORIZONTE;MG;03/2026;469.072;215.471;11.475;397.419;391.868;71.653;894;63.821;25,76%;1,31%;0;5
COOPERATIVA DE CRÉDITO CREDICOOP LTDA - SICOOB CREDICOOP;41931221;b3S;S5;I;2;PITANGUI;MG;03/2026;466.829;210.040;11.811;400.069;364.084;66.760;1.574;60.169;21,90%;19,56%;0;3
COOPERATIVA DE CRÉDITO DOS PROFISSIONAIS DA SAÚDE E LIVRE ADMISSÃO DO SUL DE MINAS LTDA;71418784;b3S;S5;I;2;VARGINHA;MG;03/2026;464.885;145.018;9.465;406.807;372.833;58.078;2.587;58.065;26,76%;3,75%;0;11
COOPERATIVA DE CRÉDITO DE LIVRE ADMISSÃO DE ASSOCIADOS DO PLANALTO SERRANO - SICOOB CREDISERRA SC;1692448;b3S;S5;I;2;URUPEMA;SC;03/2026;463.697;377.627;13.396;390.095;239.446;73.602;1.832;68.209;19,96%;4,48%;0;4
COOPERATIVA DE CRÉDITO DE LIVRE ADMISSÃO DE ANÁPOLIS E REGIÃO LTDA;33615055;b3S;S5;I;2;ANAPOLIS;GO;03/2026;463.281;303.404;18.613;354.043;324.354;109.238;3.399;93.522;28,04%;14,12%;0;8
COOPERATIVA DE CRÉDITO UNICRED AMPLA LTDA - UNICRED AMPLA;71163315;b3S;S5;I;2;SETE LAGOAS;MG;03/2026;462.152;269.765;13.355;389.908;342.792;72.245;2.206;72.352;24,26%;7,29%;0;6
COOPERATIVA DE CRÉDITO DE LIVRE ADMISSÃO DE PIRACANJUBA LTDA. - SICOOB CERRADO;5222094;b3S;S5;I;2;PIRACANJUBA;GO;03/2026;461.024;328.265;10.895;415.233;319.258;45.791;-10.046;35.980;11,45%;6,17%;0;3
COOPERATIVA DE CRÉDITO UNICRED COOMARCA LTDA. - COOMARCA;4355489;b3S;S5;I;2;FLORIANOPOLIS;SC;03/2026;460.921;247.265;9.454;419.885;397.586;41.036;-142;41.370;15,89%;3,72%;0;2
COOPERATIVA DE CRÉDITO E ECONOMIA COM INTERAÇÃO SOLIDÁRIA DE JACUTINGA - CRESOL JACUTINGA;2904125;b3S;S5;I;2;JACUTINGA;RS;03/2026;460.425;340.637;17.520;404.467;221.408;55.959;1.456;55.772;15,56%;7,10%;0;16
COOPERATIVA DE ECONOMIA E CRÉDITO MÚTUO DOS INTEGRANTES DO MINISTÉRIO PÚBLICO E DA DEFENSORIA PÚBLICA NO ESTADO DO RIO DE JANEIRO LIMITADA. - SICOOB COMPERJ;4694278;b3S;S5;I;2;RIO DE JANEIRO;RJ;03/2026;457.884;135.591;154.556;424.633;418.088;33.252;-6.255;18.474;9,84%;33,94%;0;5
GAZINCRED SCFI - PRUDENCIAL;1000080824;n1;S4;C;2;DOURADINA;PR;03/2026;456.169;274.112;43.842;232.506;118.126;223.663;15.800;203.069;38,68%;7,40%;3;0
LAR COOPERATIVA DE CRÉDITO - LAR CREDI;39343350;b3S;S5;I;2;MEDIANEIRA;PR;03/2026;454.604;191.863;254.844;375.972;369.485;78.632;3.592;78.632;19,10%;1,63%;0;35
COOPERATIVA DE CRÉDITO DOS SERVIDORES MILITARES, DA POLÍCIA CIVIL, DA SECRETARIA DE EDUCAÇÃO DO ESTADO DE MINAS GERAIS E DE LIVRE ADMISSÃO LTDA - SICOOB COOPEMG;3269540;b3S;S5;I;2;BELO HORIZONTE;MG;03/2026;450.931;248.972;10.611;367.300;359.511;83.631;1.468;78.343;28,78%;2,85%;0;0
COOPERATIVA DE CRÉDITO E INVESTIMENTO COM INTERAÇÃO SOLIDÁRIA ALTERNATIVA - CRESOL ALTERNATIVA;7215632;b3S;S5;I;2;RIO DO SUL;SC;03/2026;450.080;333.998;6.661;433.263;280.459;16.817;-20.543;18.295;5,31%;46,91%;0;17
COOPERATIVA DE CRÉDITO RURAL DE IRAÍ DE MINAS LTDA -SICOOB CREDIMIL;71207740;b3S;S5;I;2;IRAI DE MINAS;MG;03/2026;442.144;144.973;18.401;363.177;266.494;78.967;3.969;68.510;37,03%;0,85%;0;0
CREDI&GENTE - COOPERATIVA DE CRÉDITO E INVESTIMENTOS;82096447;b3S;S5;I;2;CURITIBA;PR;03/2026;441.920;147.403;192.359;280.895;266.602;161.024;3.888;158.865;58,72%;0,24%;0;17
COOPERATIVA DE CRÉDITO DO VALE DO ITAJAÍ E VALE DO ITAPOCÚ - SICOOB MULTICREDI;2883398;b3S;S5;I;2;BLUMENAU;SC;03/2026;441.447;276.076;96.686;359.401;348.922;82.045;2.750;76.214;24,22%;3,10%;0;10
COOPERATIVA CENTRAL DE CRÉDITO, POUPANÇA E INVESTIMENTO DO NORDESTE - CENTRAL SICREDI NORDESTE;70119680;b3C;S4;I;2;JOAO PESSOA;PB;03/2026;441.108;42;370.400;292.608;0;148.500;963;79.657;51,73%;5,49%;0;0
COOPERATIVA DE CRÉDITO E ECONOMIA COM INTERAÇÃO SOLIDÁRIA - CRESOL ENCOSTAS DA SERRA GERAL;3485130;b3S;S5;I;2;SANTA ROSA DE LIMA;SC;03/2026;440.217;298.726;10.187;396.270;287.680;43.947;1.586;43.640;14,37%;11,51%;0;13
COOPERATIVA DE CRÉDITO DE LIVRE ADMISSÃO E DOS ADVOGADOS LTDA. - SICOOB CREDIJUR;2480577;b3S;S5;I;2;GOIANIA;GO;03/2026;434.466;204.639;25.710;347.363;333.517;87.103;176;64.853;25,81%;14,51%;0;3
COOPERATIVA DE CRÉDITO SACRAMENTO LTDA - SICOOB SACRAMENTO;71154256;b3S;S5;I;2;SACRAMENTO;MG;03/2026;430.548;294.984;15.417;369.032;278.931;61.516;355;53.581;17,33%;14,52%;0;3
COOPERATIVA DE ECONOMIA E CRÉDITO MÚTUO DOS SERVIDORES DO PODER JUDICIÁRIO, DO TRIBUNAL DE CONTAS ESTADUAL E DEMAIS ÓRGÃOS PÚBLICOS MUNICIPAIS, ESTADUAIS E FEDERAIS NO ESTADO DO RIO DE JANEIRO LTDA.;2000895;b3S;S5;I;2;RIO DE JANEIRO;RJ;03/2026;429.537;275.325;17.253;319.211;299.545;110.327;3.991;100.250;37,69%;1,23%;0;9
OXY CH - PRUDENCIAL;1000085520;n1;S4;C;2;PORTO ALEGRE;RS;03/2026;429.320;316.942;4.262;378.479;265.211;50.841;2.008;49.217;21,42%;2,20%;4;0
KREDILIG S.A. - CFI - PRUDENCIAL;1000083498;n1;S5;I;2;BIGUACU;SC;03/2026;419.428;390.942;0;212.044;125.582;207.384;4.650;NI;NI%;NI%;2;0
COOPERATIVA DE ECONOMIA E CRÉDITO MÚTUO NOS ESTADOS DE ALAGOAS, SERGIPE E BAHIA - SICOOB LESTE;2493000;b3S;S5;I;2;MACEIO;AL;03/2026;417.104;258.184;17.132;340.868;316.563;76.237;980;76.531;29,34%;15,22%;0;8
CREDISAN COOPERATIVA DE CRÉDITO;62109566;b3S;S5;I;2;SAO JOAO DA BOA VISTA;SP;03/2026;413.207;141.869;0;349.385;332.284;63.822;1.885;64.743;43,75%;4,79%;0;15
COOPERATIVA DE CRÉDITO DO VALE EUROPEU - SICOOB EURO VALE;82133182;b3S;S5;I;2;TIMBO;SC;03/2026;412.500;279.465;11.973;360.701;341.794;51.799;-1.382;48.675;16,08%;11,06%;0;14
COOPERATIVA DE CREDITO SULCREDI AMPLEA;8253539;b3S;S5;I;2;SAO MIGUEL D'OESTE;SC;03/2026;409.302;224.776;16.051;345.538;342.492;63.764;-3.243;62.336;19,69%;9,24%;0;6
COOPERATIVA DE CRÉDITO DE LIVRE ADMISSÃO DE ASSOCIADOS DO SUL DO BRASIL - CREVISC;10143743;b3S;S5;I;2;GUARAMIRIM;SC;03/2026;406.788;249.736;9.739;356.837;339.337;49.950;-1.125;51.281;20,21%;10,90%;0;9
COOPERATIVA DE CRÉDITO DE LIVRE ADMISSÃO DE CAMPOS GERAIS E CAMPO DO MEIO LTDA - SICOOB CREDCAM;71146450;b3S;S5;I;2;CAMPOS GERAIS;MG;03/2026;404.051;166.372;12.098;342.604;263.777;61.446;1.117;54.983;24,71%;12,11%;0;2
COOPERATIVA DE CRÉDITO DE TIROS E MATUTINA LTDA.- SICOOB CREDITIROS;42880617;b3S;S5;I;2;TIROS;MG;03/2026;403.800;260.873;19.677;346.315;191.143;57.485;137;46.442;17,65%;6,05%;0;1
COOPERATIVA DE CRÉDITO DE LIVRE ADMISSÃO DO CENTRO SUL DE MATO GROSSO DO SUL - SICOOB CENTRO SUL MS;10319386;b3S;S5;I;2;DOURADOS;MS;03/2026;403.584;245.053;7.420;362.819;336.181;40.765;924;37.652;12,90%;27,10%;0;7
COOPERATIVA DE CRÉDITO E ECONOMIA COM INTERAÇÃO SOLIDÁRIA - CRESOL MAIS;5269976;b3S;S5;I;2;QUILOMBO;SC;03/2026;402.280;222.532;16.638;342.043;208.310;60.237;-40;60.230;21,68%;8,58%;0;13
COOPERATIVA DE CRÉDITO DE LIVRE ADMISSÃO DO SUL CATARINENSE - ACENTRA;3427097;b3S;S5;I;2;CRICIUMA;SC;03/2026;401.868;292.205;11.766;348.371;309.809;53.497;-2.002;55.065;17,79%;6,15%;0;13
COOPERATIVA DE CRÉDITO DOS SERVIDORES DOS PODERES LEGISLATIVOS DO ESTADO DE MINAS GERAIS E DO SEU ÓRGÃO AUXILIAR E DE LIVRE ADMISSÃO LTDA. - SICOOB COFAL;21797311;b3S;S5;I;2;BELO HORIZONTE;MG;03/2026;397.462;75.497;11.787;330.594;321.833;66.868;1.260;58.049;39,40%;1,14%;0;3
COOPERATIVA DE CRÉDITO E INVESTIMENTO COM INTERAÇÃO SOLIDÁRIA CENTRO SERRA - CRESOL CENTRO SERRA;1155801;b3S;S5;I;2;CURITIBANOS;SC;03/2026;396.972;322.952;8.999;335.541;166.987;61.432;-139;61.431;19,13%;6,35%;0;13
COOPERATIVA DE CRÉDITO DOS SERVIDORES PÚBLICOS NO ESTADO DA BAHIA LTDA. - SICOOB INOVA;4321309;b3S;S5;I;2;SALVADOR;BA;03/2026;392.377;209.353;13.315;344.853;336.536;47.524;201;35.210;15,58%;19,49%;0;9
STONEX DTVM - PRUDENCIAL;1000084088;b1;S4;C;3;SAO PAULO;SP;03/2026;391.864;0;119.932;165.037;94.230;226.827;8.957;226.827;73,49%;0,61%;4;0
COOPERATIVA DE CRÉDITO DE LIVRE ADMISSÃO DO NOROESTE DE MINAS GERAIS LTDA.   SICOOB CREDIPINHO;71154876;b3S;S5;I;2;JOAO PINHEIRO;MG;03/2026;391.572;228.215;15.623;324.067;268.803;67.505;41;59.160;22,15%;4,48%;0;12
AGORACRED S/A SCFI - PRUDENCIAL;1000083618;n1;S5;I;2;VITORIA;ES;03/2026;391.021;289.110;40.178;325.212;312.091;65.808;415;65.808;19,29%;4,09%;2;0
COOPERATIVA DE ECONOMIA E CRÉDITO MÚTUO UNICRED HORIZONTES LTDA - UNICRED HORIZONTES;1526924;b3S;S5;I;2;IJUI;RS;03/2026;390.657;202.873;11.318;313.177;292.189;77.480;8.545;77.476;33,89%;1,64%;0;3
COOPERATIVA DE CRÉDITO RURAL DE ABELARDO LUZ - SULCREDI/CREDILUZ;1073966;b3S;S5;I;2;ABELARDO LUZ;SC;03/2026;390.208;204.513;103.743;318.101;292.706;72.107;-821;NI;NI%;NI%;0;17
PLANNER - PRUDENCIAL;1000080587;n1;S4;C;2;SAO PAULO;SP;03/2026;389.432;0;113.222;369.606;259.729;19.825;-2.146;19.825;12,90%;3,82%;5;0
COOPERATIVA DE CRÉDITO E ECONOMIA COM INTERAÇÃO SOLIDÁRIA DE ARATIBA - CRESOL ARATIBA;4565791;b3S;S5;I;2;ARATIBA;RS;03/2026;388.870;238.535;13.997;344.890;209.298;43.980;757;43.804;15,19%;5,37%;0;5
COOPERATIVA DE CRÉDITO DE LIVRE ADMISSÃO DE PEDRO LEOPOLDO LTDA - SICOOB CREDIPEL;71441406;b3S;S5;I;2;PEDRO LEOPOLDO;MG;03/2026;388.584;156.767;8.092;329.826;303.925;58.758;1.406;55.087;24,79%;12,10%;0;10
COOPERATIVA DE CREDITO, POUPANCA E INVESTIMENTO DO RIO DE JANEIRO - SICREDI RIO RJ;72128440;b3S;S4;I;2;RIO DE JANEIRO;RJ;03/2026;388.287;182.141;146.282;345.197;320.400;43.090;-5.757;46.566;19,81%;44,12%;0;12
UNIPRIME DO IGUAÇU - COOPERATIVA DE CRÉDITO, POUPANÇA E INVESTIMENTO;1848322;b3S;S5;I;2;PATO BRANCO;PR;03/2026;387.171;271.054;8.749;340.204;333.122;46.968;-3.967;46.932;16,23%;14,37%;0;17
URBANO SCFI - PRUDENCIAL;1000087786;n1;S4;I;2;BARUERI;SP;03/2026;384.455;0;21.783;361.543;356.888;22.913;2.686;22.913;59,20%;0,00%;2;0
COOPERATIVA DE CRÉDITO, POUPANÇA E INVESTIMENTO DOS JUÍZES E CARREIRAS PÚBLICAS DO DIREITO DO ESTADO DO RIO GRANDE DO SUL - SICREDI AJURIS RS;3750034;b3S;S4;I;2;PORTO ALEGRE;RS;03/2026;382.994;48.216;204.398;354.247;305.324;28.747;1.656;28.827;31,13%;2,33%;0;1
COOPERATIVA DE CRÉDITO DA GRANDE FLORIANÓPOLIS - ÚNILOS;2405189;b3S;S5;I;2;FLORIANOPOLIS;SC;03/2026;378.683;233.499;11.119;318.282;305.913;60.401;2.073;62.095;24,83%;6,30%;0;8
COOPERATIVA DE CRÉDITO CREDIVAG LTDA - SICOOB CREDIVAG;25404542;b3S;S5;I;2;JANAUBA;MG;03/2026;378.583;114.037;8.927;300.572;269.532;78.011;2.762;73.543;39,28%;16,06%;0;9
COOPERATIVA DE CRÉDITO DE LIVRE ADMISSÃO DE CARMO DO RIO CLARO LTDA - SICOOB CREDICARMO;25743311;b3S;S5;I;2;CARMO DO RIO CLARO;MG;03/2026;371.215;166.312;10.994;291.289;229.436;79.927;1.450;76.715;34,37%;7,26%;0;2
STRADA PAY IP - PRUDENCIAL;1000085362;n4;NA;I;3;SAO PAULO;SP;03/2026;368.938;0;286.449;281.712;94.717;87.227;10.395;65.828;31,23%;NA%;1;0
COOPERATIVA DE CRÉDITO SICOOB CONFIANÇA;7097064;b3S;S5;I;2;MARECHAL CANDIDO RONDON;PR;03/2026;368.683;210.829;24.842;328.651;288.676;40.032;-918;38.381;15,25%;16,31%;0;10
NEGRESCO S.A. - CFI - PRUDENCIAL;1000083450;n1;S5;I;2;CURITIBA;PR;03/2026;368.171;291.117;0;294.273;279.056;73.898;8.667;71.310;21,98%;3,13%;2;0
COOPERATIVA DE CRÉDITO, POUPANÇA E INVESTIMENTO SICREDI CENTRO PERNAMBUCANA;41255225;b3S;S4;I;2;CARUARU;PE;03/2026;367.696;146.507;196.977;294.680;263.841;73.016;1.955;73.343;42,93%;4,81%;0;8
COOPERATIVA DE CRÉDITO E ECONOMIA COM INTERAÇÃO SOLIDÁRIA CRESOL VALE;7320890;b3S;S5;I;2;VITOR MEIRELES;SC;03/2026;367.518;272.286;17.391;313.223;146.505;54.296;1.760;54.283;18,53%;14,94%;0;8
AFEAM - PRUDENCIAL;1000081108;n1;S4;I;1;MANAUS;AM;03/2026;365.943;39.066;308.558;216.958;0;148.985;4.494;148.422;71,30%;6,35%;2;0
COOPERATIVA DE CRÉDITO, POUPANÇA E INVESTIMENTO BANDEIRANTES - SICREDI BANDEIRANTES SP;4853988;b3S;S4;I;2;SAO CARLOS;SP;03/2026;362.990;167.438;143.763;330.057;295.945;32.933;1.479;44.587;21,97%;13,52%;0;9
COOPERATIVA DE CRÉDITO DE LIVRE ADMISSÃO DO ESTADO DE GOIÁS;4406371;b3S;S5;I;2;GOIANIA;GO;03/2026;358.292;174.312;629;325.330;286.856;32.962;-3.367;39.605;17,22%;7,56%;0;13
COOPERATIVA DE CRÉDITO, POUPANÇA E INVESTIMENTO SICREDI INTEGRAÇÃO BAHIA - SICREDI INTEGRAÇÃO BAHIA;97489280;b3S;S4;I;2;ITABUNA;BA;03/2026;355.397;155.679;127.468;303.814;240.791;51.583;1.833;51.993;27,49%;29,02%;0;7
COOPERATIVA DE CRÉDITO DE LIVRE ADMISSÃO DE PALMEIRAS E REGIÃO LTDA.;37631058;b3S;S5;I;2;PALMEIRAS DE GOIAS;GO;03/2026;354.715;214.998;22.370;236.556;199.512;118.159;1.028;97.315;41,20%;6,59%;0;9
OKTO IP - PRUDENCIAL;1000086323;n4;NA;I;3;SAO PAULO;SP;03/2026;354.665;0;100;311.214;304.146;43.451;2.601;37.635;22,98%;NA%;1;0
COOPERATIVA DE CRÉDITO DO SUDOESTE BAIANO LTDA - SICOOB CREDICONQUISTA;2282165;b3S;S5;I;2;VITORIA DA CONQUISTA;BA;03/2026;352.600;144.800;14.962;288.367;274.828;64.233;3.333;51.774;27,45%;19,32%;0;9
COOPERATIVA DE CRÉDITO SICREDI ALTO SERTÃO PARAIBANO - SICREDI ALTO SERTÃO PARAIBANO;9343038;b3S;S4;I;2;SOUSA;PB;03/2026;351.866;165.558;131.904;275.731;250.475;76.135;3.847;76.356;41,16%;13,76%;0;8
COOPERATIVA DE CRÉDITO SICOOB NORTE SUL LTDA;2876918;b3S;S5;I;2;GANDU;BA;03/2026;347.095;227.420;12.021;297.577;269.295;49.518;719;39.435;18,22%;15,60%;0;11
VIC DTVM S/A - PRUDENCIAL;1000084002;n2;S4;I;2;RIO DE JANEIRO;RJ;03/2026;343.063;0;314.477;122.402;15.712;220.662;-106;220.662;31,84%;0,12%;2;0
BRAZA BANK BCO CÂMBIO - PRUDENCIAL;1000081294;b2;S4;I;2;CURITIBA;PR;03/2026;340.721;0;169.076;263.260;118.482;77.461;4.990;64.652;15,16%;21,49%;3;0
COOPERATIVA DE CRÉDITO E INVESTIMENTO COM INTERAÇÃO SOLIDÁRIA DE NOVA MUTUM E REGIÃO - CRESOL MATO GROSSO;50735161;b3S;S5;I;2;NOVA MUTUM;MT;03/2026;338.933;242.916;5.096;305.247;171.708;33.686;-3.148;34.031;14,31%;15,10%;0;17
PARATI CFI - PRUDENCIAL;1000088778;n1;S5;I;2;VITORIA;ES;03/2026;336.135;60.117;0;302.504;140.694;33.631;12.231;33.008;30,36%;0,00%;2;0
COOPERATIVA DE CRÉDITO CREDIBAM LTDA. - SICOOB CREDIBAM;66259110;b3S;S5;I;2;BAMBUI;MG;03/2026;335.518;127.475;8.630;266.078;230.893;69.440;2.847;64.942;37,92%;5,35%;0;3
COOPERATIVA DE ECONOMIA E CRÉDITO MÚTUO DOS PROFISSIONAIS DA ÁREA NOTARIAL E REGISTRAL - COOPNORE;7714057;b3S;S5;I;2;PORTO ALEGRE;RS;03/2026;335.478;106.279;5.067;303.073;272.295;32.405;3.136;32.768;21,84%;1,92%;0;1
COOPERATIVA DE ECONOMIA E CRÉDITO DE LIVRE ADMISSÃO LTDA. - SICOOB EMPRESARIAL;5856736;b3S;S5;I;2;BRASILIA;DF;03/2026;335.367;118.702;36.050;264.410;254.481;70.957;-2.756;39.309;23,66%;8,04%;0;8
EQI INVESTIMENTOS CTVM - PRUDENCIAL;1000087119;n2;S4;I;2;SAO PAULO;SP;03/2026;334.688;0;48.574;88.706;0;245.982;40.648;213.469;20,46%;30,14%;15;0
LAUNCH PAD SCD - PRUDENCIAL;1000086048;n1;S5;I;3;BELO HORIZONTE;MG;03/2026;331.271;0;212.760;269.289;246.775;61.983;8.581;61.983;167,49%;0,00%;2;0
COOPERATIVA DE ECONOMIA E CRÉDITO MÚTUO DO VALE DAS ANTAS LTDA. - UNICRED PIONEIRA;94243839;b3S;S5;I;2;CASCA;RS;03/2026;330.433;213.066;6.173;292.271;283.269;38.162;3.287;38.930;18,26%;3,15%;0;4
BARRACRED - COOPERATIVA DE ECONOMIA E CRÉDITO MÚTUO;1439107;b3S;S5;I;2;BARRA BONITA;SP;03/2026;329.927;202.119;78.197;24.199;0;305.728;10.657;305.522;103,24%;0,70%;0;0
COOPERATIVA DE CRÉDITO HORIZONTE - SICOOB HORIZONTE;7194313;b3S;S5;I;2;ARAPONGAS;PR;03/2026;329.622;155.859;5.715;291.685;281.232;37.937;2.227;37.128;20,84%;6,23%;0;8
SANTINVEST - PRUDENCIAL;1000080446;n1;S5;I;2;FLORIANOPOLIS;SC;03/2026;328.839;266.927;6;190.035;175.817;138.805;3.694;135.745;51,75%;0,31%;6;0
COOPERATIVA DE CRÉDITO E ECONOMIA COM INTERAÇÃO SOLIDÁRIA - CRESOL DESENVOLVIMENTO;5425526;b3S;S5;I;2;CONCORDIA;SC;03/2026;327.741;233.081;8.749;296.017;194.922;31.723;-1.176;31.681;12,98%;11,94%;0;9
BGC LIQUIDEZ DTVM LTDA - PRUDENCIAL;1000084033;n2;S4;I;3;RIO DE JANEIRO;RJ;03/2026;327.136;0;199.597;74.028;3.748;253.108;9.783;251.756;51,76%;1,99%;3;0
COOPERATIVA DE CRÉDITO, POUPANÇA E INVESTIMENTO EMPREENDEDORES - SICREDI EMPREENDEDORES PR;7070495;b3S;S4;I;2;CURITIBA;PR;03/2026;326.572;117.536;182.102;296.122;264.201;30.450;1.625;32.014;22,30%;6,87%;0;5
AGENCIA FOMENTO GOIAS - PRUDENCIAL;1000081050;n1;S4;I;1;GOIANIA;GO;03/2026;325.330;134.687;162.199;118.518;88.555;206.812;478;206.802;53,64%;2,27%;2;0
COOPERATIVA DE CRÉDITO DO VALE DOS PINHAIS - SICOOB VALE DOS PINHAIS;86791837;b3S;S5;I;2;CACADOR;SC;03/2026;322.485;182.846;5.163;298.470;274.015;24.015;-174;23.944;11,31%;10,77%;0;8
COOPERATIVA DE CRÉDITO DE LIVRE ADMISSÃO DE ASSOCIADOS LTDA. - SICOOB JUDICIÁRIO;37076205;b3S;S5;I;2;BRASILIA;DF;03/2026;322.143;130.303;32.790;256.995;252.155;65.148;766;36.804;23,64%;3,31%;0;12
ONEKEY PAYMENTS IP - PRUDENCIAL;1000087535;n4;NA;I;3;BARUERI;SP;03/2026;315.458;0;5.632;296.096;294.033;19.362;2.589;18.606;20,32%;NA%;1;0
COOPERATIVA DE CRÉDITO DE LIVRE ADMISSÃO SICOOB CREDMISSÃO LTDA. - SICOOB CREDMISSÃO;1667352;b3S;S5;I;2;PIRAPORA;MG;03/2026;315.423;194.646;4.770;278.503;234.029;36.920;846;37.005;18,02%;6,62%;0;6
COOPERATIVA DE CRÉDITO CREDICAMPINA LTDA. - SICOOB CREDICAMPINA;1609345;b3S;S5;I;2;CAMPINA VERDE;MG;03/2026;315.240;211.434;13.766;268.292;164.060;46.948;1.186;39.619;18,76%;5,78%;0;1
COOPERATIVA DE CRÉDITO E INVESTIMENTO COM INTERAÇÃO SOLIDÁRIA TRANSAMAZÔNICA - CRESOL TRANSAMAZÔNICA;24431221;b3S;S5;I;2;PACAJA;PA;03/2026;314.822;182.086;0;284.319;235.641;30.503;663;30.658;14,05%;15,03%;0;12
COOPERATIVA DE ECONOMIA E CRÉDITO MÚTUO - SICOOB COOPERAC;8071414;b3S;S5;I;2;RIBEIRAO PRETO;SP;03/2026;313.947;160.829;88.396;267.792;258.213;46.155;47;41.168;18,03%;3,16%;0;7
COOPERATIVA DE CRÉDITO DE LIVRE ADMISSÃO DE JATAÍ E REGIÃO LTDA.;10143499;b3S;S5;I;2;JATAI;GO;03/2026;311.442;195.195;2.530;271.832;257.014;39.610;-2.827;37.573;17,38%;15,70%;0;5
LISTO IP - PRUDENCIAL;1000088383;n4;NA;I;3;SAO PAULO;SP;03/2026;310.710;0;0;296.534;10.131;14.176;-5.833;12.516;18,41%;NA%;1;0
COOPERATIVA DE CRÉDITO E ECONOMIA COM INTERAÇÃO SOLIDÁRIA DE SÃO VALENTIM - CRESOL SÃO VALENTIM;3015152;b3S;S5;I;2;SAO VALENTIM;RS;03/2026;306.033;208.507;11.428;272.026;161.816;34.007;-59;33.764;15,33%;11,32%;0;9
ZERO IP - PRUDENCIAL;1000087896;n4;NA;I;2;RECIFE;PE;03/2026;300.054;0;0;285.889;279.978;14.165;-231;14.119;15,01%;NA%;1;0
COOPERATIVA DE CRÉDITO DOS MAGISTRADOS, SERVIDORES DA JUSTIÇA DO ESTADO DE GOIÁS E EMPREGADOS DA CELG LTDA. - SICOOB JURISCRED;9552111;b3S;S5;I;2;GOIANIA;GO;03/2026;299.378;112.694;22.947;233.128;222.325;66.250;-11;45.623;31,26%;2,43%;0;2
SICOOB CRESSEM - COOPERATIVA DE ECNONOMIA E CRÉDITO MUTUO DOS SERVIDORES MUNICIPAIS DA REGIÃO METROPOLITANA DO VALE DO PARAIBA E LITORAL NORTE;54190525;b3S;S5;I;2;SAO JOSE DOS CAMPOS;SP;03/2026;298.509;156.947;125.554;138.780;121.997;159.729;1.748;91.463;47,14%;9,75%;0;19
PLUXEE IP - PRUDENCIAL;1000087889;n4;NA;I;3;SAO PAULO;SP;03/2026;297.303;0;259.791;211.807;179.306;85.495;6.427;74.584;157,09%;NA%;1;0
COOPERATIVA DE CRÉDITO DOS PROFISSIONAIS DE SAÚDE E DE LIVRE ADMISSÃO DO TRIÂNGULO MINEIRO E SUL DE MINAS LTDA. - UNICRED PROGRESSO;71432926;b3S;S5;I;2;UBERABA;MG;03/2026;296.745;143.111;9.940;260.383;232.439;36.362;418;36.841;20,44%;18,94%;0;4
COOPERATIVA DE CRÉDITO DE LIVRE ADMISSÃO CREDFAZ LTDA. - SICOOB CREDFAZ;952415;b3S;S5;I;2;BRASILIA;DF;03/2026;291.216;123.172;67.861;162.391;150.216;128.824;1.268;65.124;47,53%;1,75%;0;5
COOPERATIVA DE CRÉDITO CREDIVAZ LTDA. - SICOOB CREDIVAZ;803287;b3S;S5;I;2;VAZANTE;MG;03/2026;291.118;150.987;8.649;238.623;205.241;52.495;-6.588;47.583;23,63%;17,74%;0;4
COOPERATIVA DE CRÉDITO RURAL E ECONOMIA COM INTERAÇÃO SOLIDÁRIA DE GETÚLIO VARGAS - CRESOL GETÚLIO VARGAS;5241145;b3S;S5;I;2;GETULIO VARGAS;RS;03/2026;290.445;209.893;7.688;257.618;149.832;32.827;1.706;32.660;16,04%;12,59%;0;9
COOPERATIVA DE CRÉDITO DE LIVRE ADMISSÃO DE ITAJUBÁ LTDA - SICOOB SUDESTE MAIS;4079285;b3S;S5;I;2;ITAJUBA;MG;03/2026;287.293;124.825;3.446;263.030;253.937;24.264;-759;23.567;14,29%;11,79%;0;13
COOPERATIVA DE CRÉDITO COOPCRED;53623781;b3S;S5;I;2;VALPARAISO;SP;03/2026;286.589;89.700;17.886;239.290;196.368;47.299;712;40.926;27,15%;8,52%;0;7
COOPERATIVA DE ECONOMIA E CRÉDITO MÚTUO DOS FUNCIONÁRIOS DA SECRETARIA DE ESTADO DA FAZENDA  DO ESTADO DE MINAS GERAIS E DE LIVRE ADMISSÃO LTDA - SICOOB COOPSEF;16721078;b3S;S5;I;2;BELO HORIZONTE;MG;03/2026;284.278;86.240;19.776;197.011;182.025;87.268;1.386;71.851;56,60%;1,16%;0;0
COOPERATIVA DE CRÉDITO CREDISUCESSO LTDA.- SICOOB CREDISUCESSO;42887133;b3S;S5;I;2;BOM SUCESSO;MG;03/2026;282.800;78.458;3.435;243.459;238.256;39.340;1.290;37.166;31,02%;9,47%;0;6
COOPERATIVA DE CREDITO CLASSICA DO ESTADO DO RIO DE JANEIRO - SICOOB EMPRESAS RJ;4120633;b3S;S5;I;2;RIO DE JANEIRO;RJ;03/2026;282.045;81.476;10.419;227.816;216.131;54.228;1.541;48.318;37,99%;3,46%;0;7
COOPERATIVA DE CRÉDITO E ECONOMIA COM INTERAÇÃO SOLIDÁRIA - CRESOL INOVAÇÃO;5070112;b3S;S5;I;2;CORONEL MARTINS;SC;03/2026;281.264;213.203;7.035;245.021;143.025;36.243;902;36.222;16,40%;32,17%;0;11
BRINKS PAY IP - PRUDENCIAL;1000086811;n4;NA;I;3;SAO PAULO;SP;03/2026;274.813;0;0;185.720;135.132;89.093;-221;NI;NI%;NA%;1;0
COOPERATIVA DE CRÉDITO DE LIVRE ADMISSÃO SICOOB COOPJUS LTDA.;25363615;b3S;S5;I;2;BELO HORIZONTE;MG;03/2026;274.663;112.431;10.242;193.377;184.684;81.286;931;75.400;48,75%;7,60%;0;4
FINAMAX S.A. CFI - PRUDENCIAL;1000083436;n1;S5;I;2;JUNDIAI;SP;03/2026;274.640;147.041;86.543;238.509;234.160;36.131;-1.038;28.074;17,86%;1,64%;4;0
AVANCARD PROVER IP - PRUDENCIAL;1000087212;n1;S5;C;2;MANAUS;AM;03/2026;272.553;0;306;113.481;44.925;159.072;3.349;159.072;75,43%;NA%;3;0
COOPERATIVA DE CRÉDITO DE LIVRE ADMISSÃO DO BRASIL CENTRAL LTDA. - SICOOB EXECUTIVO;694877;b3S;S5;I;2;BRASILIA;DF;03/2026;270.928;143.476;23.202;219.506;213.052;51.422;754;31.900;20,23%;2,49%;0;8
SUL AMERICA INVEST DTVM S.A. - PRUDENCIAL;1000084026;n2;S4;I;3;SAO PAULO;SP;03/2026;270.456;0;218.215;41.710;1.034;228.746;19.106;227.942;113,65%;14,46%;3;0
COOPERATIVA DE CRÉDITO DE LIVRE ADMISSÃO DE SANTA CRUZ DAS PALMEIRAS E REGIÃO;6910457;b3S;S5;I;2;SANTA CRUZ DAS PALMEIRAS;SP;03/2026;269.157;137.431;97.132;235.537;217.984;33.620;-2.579;28.205;15,62%;10,44%;0;3
COOPERATIVA DE CRÉDITO DE LIVRE ADMISSÃO DE ARCOS LTDA. - SICOOB ARCOMCREDI;71230338;b3S;S5;I;2;ARCOS;MG;03/2026;267.061;85.886;4.246;224.861;220.599;42.200;1.107;40.341;31,08%;5,84%;0;2
BEES IP - PRUDENCIAL;1000087731;n4;NA;I;3;SAO PAULO;SP;03/2026;264.152;0;29.448;199.916;197.238;64.236;5.222;63.003;23,03%;NA%;1;0
ROADCARD IP - PRUDENCIAL;1000087906;n4;NA;I;2;SAO PAULO;SP;03/2026;262.953;0;2.091;200.480;138.519;62.473;14.027;41.379;40,69%;NA%;1;0
CONTAAZUL IP - PRUDENCIAL;1000088060;n4;NA;I;3;JOINVILLE;SC;03/2026;260.477;0;1.018;249.279;231.145;11.199;1.408;5.064;57,29%;NA%;1;0
COOPERATIVA DE CRÉDITO E ECONOMIA COM INTERAÇÃO SOLIDÁRIA - CRESOL XANXERÊ;7509426;b3S;S5;I;2;XANXERE;SC;03/2026;260.066;187.739;7.289;233.277;153.094;26.789;-31;26.783;13,45%;14,39%;0;5
ATIVA S.A. CTCV - PRUDENCIAL;1000082547;n2;S4;I;2;RIO DE JANEIRO;RJ;03/2026;258.821;0;48.690;212.156;87.541;46.666;190;40.421;14,50%;5,09%;3;0
RPW S/A SCFI - PRUDENCIAL;1000083209;n1;S4;I;2;SAO PAULO;SP;03/2026;258.208;200.710;7.351;223.402;207.136;34.805;366;34.805;13,38%;3,53%;2;0
ACG IP - PRUDENCIAL;1000086093;n4;NA;I;2;SAO PAULO;SP;03/2026;256.798;86.346;161.092;228.222;35.849;28.576;1.045;28.576;37,83%;NA%;1;0
WESTERN UNION - PRUDENCIAL;1000080886;b1;S4;C;3;SAO PAULO;SP;03/2026;256.456;0;8.148;54.064;0;202.393;2.089;195.231;36,77%;9,31%;4;0
COOPERATIVA DE CRÉDITO CREDIESMERALDAS LTDA. - SICOOB CREDIESMERALDAS;68512748;b3S;S5;I;2;ESMERALDAS;MG;03/2026;255.182;90.391;3.955;227.633;219.889;27.549;2.039;26.066;18,94%;26,30%;0;14
COOPERATIVA DE CRÉDITO SICOOB COOPMIL;62673470;b3S;S5;I;2;SAO PAULO;SP;03/2026;253.507;176.834;65.473;190.028;163.234;63.480;-4.527;55.736;26,74%;3,10%;0;20
COOPERATIVA DE CRÉDITO SICOOB ITAPAGIPE LTDA - SICOOB ITAPAGIPE;71506513;b3S;S5;I;2;ITAPAGIPE;MG;03/2026;253.191;120.863;8.873;198.350;134.357;54.841;1.919;50.057;32,52%;5,97%;0;0
COOPER CARD IP - PRUDENCIAL;1000086134;n4;NA;C;2;BARUERI;SP;03/2026;252.956;163.242;21.609;154.983;17.893;97.973;3.127;36.909;28,17%;NA%;2;0
MONTE BRAVO CTVM - PRUDENCIAL;1000087281;n2;S4;C;2;SAO PAULO;SP;03/2026;251.152;0;135.170;144.834;0;106.318;-7.542;58.508;22,18%;24,04%;2;8
AGÊNCIA DE FOMENTO MATO GROSSO - PRUDENCIAL;1000081146;n1;S4;I;1;CUIABA;MT;03/2026;250.537;134.673;104.958;26.218;19.207;224.319;-1.662;224.319;66,74%;0,74%;1;0
COOPERATIVA DE CREDITO POTIGUAR - SICOOB POTIGUAR;2382755;b3S;S5;I;2;NATAL;RN;03/2026;248.282;125.196;13.538;218.478;205.867;29.804;-4.258;31.126;20,88%;15,32%;0;5
BECKER FINANCEIRA S.A. - CFI - PRUDENCIAL;1000084507;n1;S4;C;2;CERRO LARGO;RS;03/2026;247.115;122.805;23.946;138.309;17.880;108.805;9.193;108.805;36,23%;32,91%;3;0
COOPERATIVA DE CRÉDITO SICOOB COOPEMAR LTDA;4174720;b3S;S5;I;2;MAIRI;BA;03/2026;245.017;85.223;22.380;209.629;202.270;35.388;1.405;26.726;22,20%;24,26%;0;11
COOPERATIVA DE CRÉDITO VALE DO CANOAS - SICOOB/SC CREDICANOAS;707903;b3S;S5;I;2;ABDON BATISTA;SC;03/2026;244.572;141.348;5.410;200.727;160.535;43.845;1.065;40.021;21,97%;19,13%;0;5
COOPERATIVA DE CRÉDITO DE LIVRE ADMISSÃO DA MARGEM ESQUERDA DO URUCUIA E SÃO FRANCISCO LTDA - SICOOB CREDICHAPADA;14046512;b3S;S5;I;2;CHAPADA GAUCHA;MG;03/2026;243.416;167.901;4.329;199.660;114.795;43.756;724;41.235;24,24%;8,60%;0;7
COOPERATIVA DE CRÉDITO - SICOOB CREDUNI;3428338;b3S;S5;I;2;CAMPINA GRANDE;PB;03/2026;243.251;162.143;9.233;188.721;180.754;54.530;-965;NI;NI%;NI%;0;10
GOWD IP - PRUDENCIAL;1000087023;n4;NA;I;2;MARINGA;PR;03/2026;240.385;0;65.690;239.378;2.495;1.007;-10.243;-1.452;-0,76%;NA%;1;0
COOPERATIVA DE CRÉDITO DOS INTEGRANTES DO MINISTÉRIO PÚBLICO E DO PODER JUDICIÁRIO NOS ESTADOS DO AMAPÁ E CEARÁ E LIVRE ADMISSÃO NO ESTADO DO PARÁ - SICOOB COIMPPA;84156470;b3S;S5;I;2;BELEM;PA;03/2026;239.524;103.405;13.231;153.155;142.792;86.368;2.267;80.699;62,99%;0,57%;0;0
COOPERATIVA DE CRÉDITO DE LIVRE ADMISSÃO BRMIL LTDA. - SICOOB BRMIL;4649337;b3S;S5;I;2;BRASILIA;DF;03/2026;238.823;111.970;16.345;200.039;194.439;38.784;1.680;24.276;18,94%;2,83%;0;1
CREDISIS CAPITALCREDI - COOPERATIVA DE CRÉDITO DE LIVRE ADMISSÃO DO ACRE LTDA;5439425;b3S;S5;I;2;RIO BRANCO;AC;03/2026;238.241;68.901;12.138;192.958;180.041;45.283;2.735;45.275;38,04%;4,06%;0;2
REVOLUT SCD - PRUDENCIAL;1000087054;n1;S5;I;3;SAO PAULO;SP;03/2026;237.995;5.640;71.183;129.741;86.448;108.254;-106;101.240;108,67%;9,49%;2;0
CREDISIS SUDOESTE/RO - COOPERATIVA DE CRÉDITO E INVESTIMENTO DO SUDOESTE DE RONDÔNIA;3985375;b3S;S5;I;2;ROLIM DE MOURA;RO;03/2026;233.801;138.454;9.705;197.509;174.983;36.292;657;36.146;22,02%;10,39%;0;5
CACTVS IP - PRUDENCIAL;1000088792;n4;NA;I;2;SAO PAULO;SP;03/2026;233.671;0;199.173;214.171;193.484;19.501;-3.210;10.253;35,10%;NA%;1;0
ALESTA SOCIEDADE DE CREDITO DIRETO - PRUDENCIAL;1000085379;n1;S5;I;3;CAMPINAS;SP;03/2026;232.902;150.760;0;10.567;0;222.335;22.901;167.316;104,58%;0,00%;2;0
TRIO IP - PRUDENCIAL;1000087432;n4;NA;C;2;CURITIBA;PR;03/2026;230.564;854;0;224.698;221.976;5.866;1.922;NI;NI%;NA%;1;0
CAPPTA IP - PRUDENCIAL;1000087827;n4;NA;I;2;SAO PAULO;SP;03/2026;229.432;0;379;210.461;52.477;18.971;10.083;18.750;40,15%;NA%;1;0
Z-ON SCD - PRUDENCIAL;1000087267;n1;S5;I;2;CURITIBA;PR;03/2026;229.217;346;218.984;212.453;210.937;16.764;4.695;14.453;109,55%;0,00%;2;0
SRM BANK IP - PRUDENCIAL;1000086024;n2;S4;C;2;SAO PAULO;SP;03/2026;228.979;0;12.329;212.621;191.418;16.359;6.479;15.456;22,79%;NA%;3;0
COOPERATIVA DE CREDITO E ECONOMIA COM INTERAÇÃO SOLIDÁRIA - CRESOL SERRA MAR;7958405;b3S;S5;I;2;RIO FORTUNA;SC;03/2026;228.809;160.228;5.056;197.250;136.264;31.559;2.435;31.426;20,59%;6,24%;0;5
COOPERATIVA DE CRÉDITO DA REGIÃO DO VALE DO RIO GRANDE LTDA. - SICOOB CREDILEITE;86585049;b3S;S5;I;2;UBERABA;MG;03/2026;228.246;125.565;3.107;198.955;179.950;29.291;2.482;28.174;19,76%;7,03%;0;4
COOPERATIVA DE ECONOMIA E CRÉDITO MÚTUO DOS SERVIDORES DA FEDERAÇÃO DO COMÉRCIO, SESC E SENAC DE SÃO PAULO;62928320;b3S;S5;I;2;SAO PAULO;SP;03/2026;226.678;193.389;32.755;2.993;0;223.686;5.212;223.665;118,01%;0,01%;0;0
COOPERATIVA DE CRÉDITO, POUPANÇA E INVESTIMENTO DOS INTEGRANTES DA MAGISTRATURA E DO MINISTÉRIO PÚBLICO NO ESTADO DO PARANÁ - SICREDI CREDJURIS;4886317;b3S;S4;I;2;CURITIBA;PR;03/2026;226.232;44.309;138.140;199.496;185.392;26.735;805;26.693;34,13%;0,78%;0;2
COOPERATIVA DE CREDITO CREDLIDER - SICOOB CREDLIDER;5463934;b3S;S5;I;2;VOTUPORANGA;SP;03/2026;219.766;44.213;12.869;174.085;158.179;45.681;1.057;38.825;41,73%;9,05%;0;3
COOPERATIVA DE CRÉDITO DE LIVRE ADMISSÃO DA REGIÃO DE SÃO SEBASTIÃO DO PARAÍSO LTDA. - SICOOB PARAÍSOCRED;1657678;b3S;S5;I;2;SAO SEBASTIAO DO PARAISO;MG;03/2026;217.817;113.152;4.484;188.478;180.964;29.339;1.825;26.947;21,02%;8,86%;0;6
COOPERATIVA DE CRÉDITO DE LIVRE ADMISSÃO DE CERES E RIALMA LTDA;9576849;b3S;S5;I;2;CERES;GO;03/2026;216.195;58.526;11.836;179.795;154.274;36.400;1.007;26.291;28,32%;4,06%;0;5
SICOOB CREDIMONTES - COOPERATIVA DE CRÉDITO DE LIVRE ADMISSÃO REGIONAL DE MONTES CLAROS LTDA;2031139;b3S;S5;I;2;MONTES CLAROS;MG;03/2026;216.102;63.837;3.464;178.980;169.963;37.122;954;35.884;34,76%;24,55%;0;5
COOPERATIVA DE CRÉDITO DE LIVRE ADMISSÃO DA REGIÃO DE GUAXUPÉ LTDA. - SICOOB ACICREDI;1699652;b3S;S5;I;2;GUAXUPE;MG;03/2026;214.087;104.534;3.714;174.985;169.620;39.102;837;37.375;30,62%;8,13%;0;4
SINOSSERRA FINANCEIRA S/A - PRUDENCIAL;1000084552;n1;S4;C;2;NOVO HAMBURGO;RS;03/2026;213.600;165.540;20.120;170.542;154.295;43.058;600;41.778;19,10%;2,78%;3;0
SERVNET IP - PRUDENCIAL;1000086701;n4;NA;I;2;UBERLANDIA;MG;03/2026;212.743;20.174;3.665;202.984;8.357;9.760;-992;6.871;15,44%;NA%;1;0
COOPERATIVA DE CREDITO E ECONOMIA COM INTERAÇÃO SOLIDARIA - CRESOL LITORAL;5410056;b3S;S5;I;2;JAGUARUNA;SC;03/2026;209.991;147.902;5.047;190.816;134.283;19.176;-219;19.438;12,37%;14,53%;0;7
BCO LA PROVINCIA B AIRES BCE - PRUDENCIAL;1000081263;b1;S4;I;3;SAO PAULO;SP;03/2026;209.574;57.650;51.775;61.813;58.629;147.761;1.377;147.761;167,90%;0,28%;2;0
COOPERATIVA DE CRÉDITO DE LIVRE ADMISSÃO CREDIEMBRAPA LTDA - SICOOB.;2338666;b3S;S5;I;2;BRASILIA;DF;03/2026;207.559;114.173;34.196;144.323;137.715;63.236;-409;32.399;24,83%;12,42%;0;2
EAGLE SCD - PRUDENCIAL;1000086172;n1;S5;C;2;PORTO ALEGRE;RS;03/2026;206.227;18.116;118.796;69.230;0;136.997;-703;NI;NI%;NI%;3;0
C&A PAY SCD - PRUDENCIAL;1000086787;n1;S5;I;3;BARUERI;SP;03/2026;206.144;0;170.816;51.089;0;155.055;4.308;152.907;32,85%;0,00%;2;0
TULLETT PREBON BRASIL S.A. CTVM - PRUDENCIAL;1000082619;n2;S4;C;3;SAO PAULO;SP;03/2026;204.813;0;117.135;74.464;1.253;130.349;3.559;128.897;34,48%;6,92%;7;0
COOPERATIVA DE CRÉDITO CREDICAPI LTDA - SICOOB CREDICAPI;804046;b3S;S5;I;2;CAPITOLIO;MG;03/2026;198.651;108.673;3.299;165.293;137.486;33.358;304;31.393;24,25%;7,05%;0;0
COOPERATIVA DE CRÉDITO, POUPANÇA E INVESTIMENTO DOS PROFESSORES, FUNCIONÁRIOS E ALUNOS DA UNIVERSIDADE DE CAXIAS DO SUL - SICREDI EDUCAÇÃO RS;4525997;b3S;S4;I;2;CAXIAS DO SUL;RS;03/2026;198.517;111.871;59.890;173.143;153.678;25.374;137;20.175;16,18%;1,85%;0;1
PIAUÍ FOMENTO - PRUDENCIAL;1000081160;n1;S4;I;1;TERESINA;PI;03/2026;197.840;126.310;46.071;88.917;81.860;108.923;869;NI;NI%;NI%;1;0
COOPERATIVA DE CRÉDITO LIVRE ADMISSÃO SICOOB OURICRED;2179673;b3S;S5;I;2;OURINHOS;SP;03/2026;197.779;85.582;106.275;166.436;163.384;31.344;1.262;25.414;16,43%;11,92%;0;4
COOPERATIVA DE CRÉDITO SICOOB UNI SUL MS;37554441;b3S;S5;I;2;DOURADOS;MS;03/2026;197.512;82.840;2.339;152.809;139.075;44.703;2.813;43.902;36,54%;8,52%;0;5
VOX IP - PRUDENCIAL;1000088761;n4;NA;I;2;ITAQUAQUECETUBA;SP;03/2026;197.456;94.935;2.095;183.809;41.344;13.647;2.388;1.691;1,96%;NA%;1;0
TRANSFEERA IP - PRUDENCIAL;1000087353;n4;NA;I;3;CURITIBA;PR;03/2026;190.439;0;0;175.593;165.684;14.846;2.016;11.322;16,12%;NA%;1;0
POMELO IP - PRUDENCIAL;1000086938;n4;NA;I;3;SAO PAULO;SP;03/2026;186.920;46.960;109.491;168.329;0;18.592;-2.806;15.603;15,65%;NA%;1;0
COOPERATIVA DE ECONOMIA E CRÉDITO MÚTUO DOS FUNCIONÁRIOS DO ATACADÃO;52046299;b3S;S5;I;2;SAO PAULO;SP;03/2026;184.488;78.536;95.903;16.741;0;167.747;7.432;167.718;96,22%;0,04%;0;0
COOPERATIVA DE CRÉDITO DE LIVRE ADMISSÃO SICOOB UNIÃO SUDESTE;7946216;b3S;S5;I;2;SANTO ANDRE;SP;03/2026;181.560;64.894;99.514;165.872;161.523;15.688;1.168;14.224;15,26%;12,33%;0;8
UY3 SCD - PRUDENCIAL;1000085472;n1;S5;I;2;PORTO ALEGRE;RS;03/2026;180.140;26.121;1.161;142.860;124.022;37.280;13.190;26.626;39,64%;3,51%;2;0
COOPERATIVA DE CRÉDITO DE LIVRE ADMISSÃO DE ASSOCIADOS - SICOOB CRUZ ALTA;73326449;b3S;S5;I;2;CRUZ ALTA;RS;03/2026;174.667;112.370;16.265;165.219;159.958;9.448;-2.344;11.075;8,27%;22,15%;0;6
COOPERATIVA DE CRÉDITO DE LIVRE ADMISSÃO DE ASSOCIADOS DE DORES DO INDAIÁ LTDA - SICOOB COOPCREDI;2254376;b3S;S5;I;2;DORES DO INDAIA;MG;03/2026;173.543;49.010;3.143;147.540;145.136;26.003;1.067;24.388;30,48%;9,19%;0;1
PLANTAE CFI - PRUDENCIAL;1000085630;n1;S4;I;2;PRESIDENTE PRUDENTE;SP;03/2026;172.740;159.935;7.135;147.999;146.448;24.740;-1.042;24.503;13,42%;1,69%;2;0
CREDISIS CREDIBRÁS COOPERATIVA DE CRÉDITO E INVESTIMENTO DE LIVRE ADMISSÃO DO OESTE DE RONDÔNIA;5597773;b3S;S5;I;2;NOVA BRASILANDIA;RO;03/2026;170.851;123.727;8.091;130.822;113.885;40.029;1.309;40.000;30,40%;13,69%;0;3
COOPERATIVA DE ECONOMIA E CRÉDITO MÚTUO DOS MILITARES ESTADUAIS DE SANTA CATARINA - CREDPOM;4572960;b3S;S5;I;2;FLORIANOPOLIS;SC;03/2026;169.815;87.489;1.903;154.239;151.723;15.577;381;14.443;14,27%;7,50%;0;6
COOPERATIVA DE CRÉDITO SICOOB IPÊ - SICOOB IPÊ;24610065;b3S;S5;I;2;CAMPO GRANDE;MS;03/2026;169.331;123.986;2.991;145.617;141.203;23.714;1.069;23.832;19,62%;15,45%;0;3
COOPERATIVA DE CRÉDITO DE LIVRE ADMISSÃO DO OESTE MARANHENSE - SICOOB OESTE MARANHENSE;9424988;b3S;S5;I;2;ACAILANDIA;MA;03/2026;168.904;119.654;13.232;132.639;122.868;36.265;1.011;36.224;28,25%;11,67%;0;10
COOPERATIVA DE ECONOMIA E CRÉDITO MÚTUO SICOOB METALCRED;4833655;b3S;S5;I;2;SAO PAULO;SP;03/2026;168.164;103.984;47.066;133.293;127.863;34.871;-4.030;30.524;21,76%;31,51%;0;6
COOPERATIVA DE CRÉDITO DE RIO RUFINO - SICOOB CREDIUNIÃO;2448839;b3S;S5;I;2;RIO RUFINO;SC;03/2026;168.129;116.782;5.430;141.962;107.457;26.167;1.325;24.185;19,75%;26,49%;0;3
GPATIVA - COOPERATIVA DE ECONOMIA E CRÉDITO MÚTUO DOS EMPREGADOS DO GRUPO PÃO DE AÇÚCAR;46277273;b3S;S5;I;2;SAO PAULO;SP;03/2026;167.802;44.965;12;64.951;0;102.851;3.025;102.573;202,26%;0,06%;0;0
COOPERATIVA DE CRÉDITO CREDIMAC LTDA - SICOOB CREDIMAC;64480833;b3S;S5;I;2;MARTINHO CAMPOS;MG;03/2026;166.683;62.825;4.115;136.320;123.039;30.363;517;29.470;28,79%;22,35%;0;1
PINBANK BRASIL IP - PRUDENCIAL;1000086361;n1;S5;C;3;SAO PAULO;SP;03/2026;166.297;133;5.155;117.944;85.505;48.353;-14.343;NI;NI%;NA%;3;0
COOPERATIVA DE CRÉDITO RURAL DOS FORNECEDORES DE CANA DA REGIÃO DE CATANDUVA-COFOCRED;49654502;b3S;S5;I;2;CATANDUVA;SP;03/2026;163.680;66.039;93.945;13.757;0;149.922;4.677;149.922;98,44%;0,51%;0;0
COOPERATIVA DE ECONOMIA E CRÉDITO MÚTUO DOS TRABALHADORES DO GRUPO SÃO MARTINHO   USICRED;2562412;b3S;S5;I;2;PRADOPOLIS;SP;03/2026;160.848;123.467;32.816;6.666;2.245;154.183;5.804;154.134;112,75%;0,08%;0;0
COOPERATIVA DE CRÉDITO DE LIVRE ADMISSÃO DO ESTADO DO PARÁ - SICOOB COOESA;83836114;b3S;S5;I;2;BELEM;PA;03/2026;159.361;99.472;4.221;135.865;130.625;23.495;67;22.817;23,78%;16,78%;0;4
COOPERATIVA DE ECONOMIA E CRÉDITO MÚTUO E BENEFÍCIOS SOCIAIS BECOOPER;45691128;b3S;S5;I;2;SAO JOSE DOS CAMPOS;SP;03/2026;157.764;88.839;54.916;14.221;0;143.543;3.300;142.763;100,69%;8,51%;0;0
COOPERATIVA DE CRÉDITO DE LIVRE ADMISSÃO DE VITÓRIA DA CONQUISTA - UNICRED SUDOESTE DA BAHIA;2833202;b3S;S5;I;2;VITORIA DA CONQUISTA;BA;03/2026;154.580;114.070;4.765;133.426;99.087;21.154;188;21.148;18,37%;6,24%;0;3
COOPERATIVA DE CREDITO E ECONOMIA COM INTERAÇÃO SOLIDÁRIA - CRESOL JACINTO MACHADO;9463721;b3S;S5;I;2;JACINTO MACHADO;SC;03/2026;153.279;96.868;4.523;134.827;83.660;18.452;853;18.534;18,30%;6,72%;0;4
COOPERATIVA DE CRÉDITO NO PIAUÍ - SICOOB PIAUÍ;5477038;b3S;S5;I;2;TERESINA;PI;03/2026;153.024;79.393;10.790;129.752;122.235;23.272;-1.062;23.260;24,14%;7,68%;0;6
MERCADO BITCOIN - PRUDENCIAL;1000087061;n2;S4;C;2;BELO HORIZONTE;MG;03/2026;152.660;0;2.899;119.726;105.644;32.934;-5.226;NI;NI%;NI%;3;0
DELCRED SCD - PRUDENCIAL;1000085393;n1;S5;I;2;ARACAJU;SE;03/2026;150.982;11.026;0;122.178;55.593;28.804;-2.927;28.804;66,18%;NI%;2;0
COOPERATIVA DE CRÉDITO DE LIVRE ADMISSÃO DO CIRCUITO DAS ÁGUAS - SICOOB CIRCUITO DAS ÁGUAS;3941182;b3S;S5;I;2;AGUAS DE LINDOIA;SP;03/2026;150.101;75.874;21.633;134.331;118.858;15.770;-64;12.525;14,05%;27,45%;0;5
COOPERATIVA DE CRÉDITO MÚTUO DO CEARÁ - SICOOB CEARÁ;3620772;b3S;S5;I;2;FORTALEZA;CE;03/2026;149.910;116.682;8.975;127.582;121.843;22.329;602;22.753;25,34%;4,05%;0;3
COOPERATIVA DE ECONOMIA E CRÉDITO MÚTUO DE LIVRE ADMISSÃO DOS SERVIDORES DA UNIVERSIDADE FEDERAL DE VIÇOSA LTDA. - SICOOB UFVCREDI;2794761;b3S;S5;I;2;VICOSA;MG;03/2026;149.448;51.347;4.550;108.975;106.650;40.473;1.301;37.744;53,50%;0,58%;0;2
COOPERATIVA DE CRÉDITO SICOOB CREDCOOP LTDA.;2528151;b3S;S5;I;2;VITORIA DA CONQUISTA;BA;03/2026;148.370;104.259;12.230;113.049;108.135;35.321;357;27.906;26,96%;6,37%;0;5
COOPERATIVA DE CRÉDITO, POUPANÇA E INVESTIMENTO DOS MILITARES ESTADUAIS E SERVIDORES DA SEGURANÇA DO ESTADO DO RIO GRANDE DO SUL - SICREDI TRADIÇÃO RS;3212823;b3S;S4;I;2;PORTO ALEGRE;RS;03/2026;147.122;72.198;49.300;126.028;110.945;21.094;522;21.233;26,49%;2,20%;0;2
CAPITAL CONSIG SCD - PRUDENCIAL;1000085599;n1;S5;I;2;SAO PAULO;SP;03/2026;145.747;22.298;0;68.988;0;76.758;51.186;76.199;16,93%;0,68%;2;0
COOPERATIVA DE CREDITO E ECONOMIA COM INTERAÇÃO SOLIDÁRIA - CRESOL TREZE DE MAIO;9330158;b3S;S5;I;2;TREZE DE MAIO;SC;03/2026;144.447;84.553;3.779;130.068;96.818;14.379;7;14.246;14,80%;10,57%;0;3
COOPERATIVA DE CRÉDITO MÚTUO DOS CORRETORES DE SEGUROS DO ESTADO DE SÃO PAULO - SICOOB CREDICOR/SP;8030602;b3S;S5;I;2;SAO PAULO;SP;03/2026;144.321;4.668;137.811;125.680;124.443;18.642;1.031;15.776;19,62%;0,73%;0;0
ASTRO IP - PRUDENCIAL;1000088156;n4;NA;I;3;SAO PAULO;SP;03/2026;142.522;0;109.646;133.657;104.124;8.865;965;8.838;39,87%;NA%;1;0
COOPERATIVA DE CRÉDITO DOS EMPREGADOS DO GRUPO VALLOUREC NO BRASIL - COOVALL LTDA.;64293582;b3S;S5;I;2;BELO HORIZONTE;MG;03/2026;142.266;104.980;32.554;7.173;0;135.093;5.528;135.024;110,42%;0,02%;0;1
COOPERATIVA DE CRÉDITO E INVESTIMENTOS DE RONDÔNIA - SICOOB CREDJURD;4751713;b3S;S5;I;2;PORTO VELHO;RO;03/2026;141.832;78.270;8.833;101.258;98.535;40.573;106;38.435;38,49%;9,75%;0;4
FIDUCIA SCMEPP LTDA - PRUDENCIAL;1000083010;n1;S4;I;2;SOROCABA;SP;03/2026;141.623;1.547;67;125.170;56.426;16.453;3.088;16.453;13,07%;2,63%;2;0
COOPERATIVA DE CRÉDITO, POUPANÇA E SERVIÇOS FINANCEIROS DE AGRICULTORES E AEROPORTUÁRIOS DO BRASIL - CREHNOR;1330387;b3S;S5;I;2;LARANJEIRAS DO SUL;PR;03/2026;140.240;28.485;1.455;126.226;123.815;14.014;2.183;13.913;43,04%;6,08%;0;3
GREENCRED - COOPERATIVA DE CREDITO;2347114;b3S;S5;I;2;CURITIBA;PR;03/2026;139.835;43.783;62.756;110.396;107.291;29.439;697;29.914;26,82%;0,05%;0;4
COOPERFEMSA - COOPERATIVA DE CRÉDITO;43488782;b3S;S5;I;2;SAO PAULO;SP;03/2026;139.079;99.332;32.578;11.767;0;127.312;4.988;127.292;104,83%;0,20%;0;0
COOPERATIVA DE CRÉDITO UNIPRIME CREDICANA;44373041;b3S;S5;I;2;ASSIS;SP;03/2026;138.978;42.129;3.342;115.158;113.030;23.820;920;23.807;41,31%;0,99%;0;1
COOPERATIVA DE CRÉDITO MÚTUO DOS DESPACHANTES DE TRÂNSITO DE SANTA CATARINA E RIO GRANDE DO SUL - SICOOB CREDITRAN;4715685;b3S;S5;I;2;FLORIANOPOLIS;SC;03/2026;138.481;42.176;4.171;99.190;64.007;39.291;1.896;36.838;45,66%;7,50%;0;2
PAY4FUN IP S.A. - PRUDENCIAL;1000086299;n4;NA;I;2;SAO PAULO;SP;03/2026;138.195;0;38.807;98.843;88.951;39.352;-1.032;24.205;48,21%;NA%;1;0
GOOGLE PAY BRASIL IP - PRUDENCIAL;1000086684;n4;NA;I;3;SAO PAULO;SP;03/2026;134.846;0;126.417;7.436;0;127.410;1.762;127.270;147,38%;NA%;1;0
BELLUNO IP - PRUDENCIAL;1000086983;n4;NA;I;2;JARAGUA DO SUL;SC;03/2026;134.361;0;3.031;128.015;9.809;6.346;19;3.846;39,17%;NA%;1;0
COOPERATIVA DE CRÉDITO CREDINOSSO LTDA - SICOOB CREDINOSSO;6324872;b3S;S5;I;2;MONTES CLAROS;MG;03/2026;133.915;57.117;2.509;117.385;114.200;16.530;578;16.162;20,87%;18,61%;0;3
COOPERATIVA DE CRÉDITO MÚTUO DOS PROFISSIONAIS DA SAÚDE E LIVRE ADMISSÃO DE TEÓFILO OTONI LTDA. - UNICRED TRÊS VALES;1709266;b3S;S5;I;2;TEOFILO OTONI;MG;03/2026;131.841;70.420;3.750;115.083;101.015;16.758;560;17.077;20,47%;11,37%;0;0
FAIR CC S.A. - PRUDENCIAL;1000081919;n2;S4;I;2;SAO PAULO;SP;03/2026;130.445;0;31.258;89.000;0;41.445;-636;24.419;14,37%;0,88%;3;0
SWILE IP - PRUDENCIAL;1000088163;n4;NA;I;3;SAO PAULO;SP;03/2026;129.663;0;66.090;126.773;44.947;2.890;-707;2.890;36,57%;NA%;1;0
COOPERATIVA DE ECONOMIA E CRÉDITO MÚTUO DOS SERVIDORES DA JUSTIÇA DO ESTADO DE MINAS GERAIS LTDA. - SICOOB CREDJUS;4894460;b3S;S5;I;2;BELO HORIZONTE;MG;03/2026;129.060;52.405;3.778;71.962;65.419;57.098;1.502;54.907;88,76%;3,35%;0;2
COOPERATIVA DE CRÉDITO E ECONOMIA COM INTERAÇÃO SOLIDÁRIA - CRESOL COOPERACRED;9488496;b3S;S5;I;2;SAO JOAO DO SUL;SC;03/2026;127.680;90.372;3.346;111.403;73.641;16.278;767;16.147;17,27%;8,33%;0;4
COOPERATIVA DE CRÉDITO, POUPANÇA E INVESTIMENTO DOS ESCRIVÃES, NOTÁRIOS E REGISTRADORES NO ESTADO DO PARANÁ - SICREDI CREDENOREG PR;6078926;b3S;S4;I;2;CURITIBA;PR;03/2026;127.271;31.903;79.202;98.956;87.612;28.315;2.981;28.123;51,45%;2,06%;0;1
COOPERATIVA DE CRÉDITO RURAL E ECONOMIA COM INTERAÇÃO SOLIDÁRIA DE ÁUREA - CRESOL ÁUREA;2904138;b3S;S5;I;2;AUREA;RS;03/2026;126.745;93.499;3.726;111.390;61.325;15.355;-960;15.238;17,07%;5,36%;0;4
NVIO BRASIL BITSO IP - PRUDENCIAL;1000086945;n1;S5;C;3;SAO PAULO;SP;03/2026;126.413;0;5.978;75.405;51.828;51.008;1.803;39.033;46,39%;NA%;3;0
COOPERATIVA DE CRÉDITO DE LIVRE ADMISSÃO - SICOOB COPESITA;19875244;b3S;S5;I;2;TIMOTEO;MG;03/2026;126.270;53.289;6.778;93.048;88.189;33.223;-1.275;25.517;34,71%;10,29%;0;4
FLAGSHIP IP - PRUDENCIAL;1000086282;n4;NA;I;2;SAO PAULO;SP;03/2026;124.119;0;342;107.728;102.720;16.391;358;16.065;13,89%;NA%;1;0
COOPERATIVA DE CRÉDITO MÚTUO DOS EMPREGADOS DA MAXION - CREDMAXION;58290800;b3S;S5;I;2;CRUZEIRO;SP;03/2026;123.690;86.697;32.008;3.214;0;120.476;4.178;120.452;112,00%;0,34%;0;1
COOPERATIVA DE ECONOMIA E CRÉDITO DE LIVRE ADMISSÃO DOS EMPREGADOS DOS CORREIOS LTDA. - SICOOB COOPERCORREIOS;3862898;b3S;S5;I;2;BELO HORIZONTE;MG;03/2026;123.057;59.122;4.851;83.068;80.061;39.989;1.283;37.256;49,47%;2,92%;0;2
COOPERATIVA DE ECONOMIA E CRÉDITO MÚTUO DOS MAGISTRADOS DE SÃO PAULO - MAGISCRED;51489318;b3S;S5;I;2;SAO PAULO;SP;03/2026;122.296;17.665;101.736;102.130;100.589;20.167;253;16.160;20,22%;4,24%;0;0
SOLVER IP - PRUDENCIAL;1000088596;n4;NA;I;2;BARUERI;SP;03/2026;121.694;0;1.013;105.452;1.250;16.242;-129;16.242;21,43%;NA%;1;0
NSTECH IP - PRUDENCIAL;1000088785;n4;NA;I;2;BARUERI;SP;03/2026;118.104;0;56.136;96.294;25.278;21.810;3.193;21.810;45,33%;NA%;1;0
TRINUS CAPITAL DTVM - PRUDENCIAL;1000084631;n1;S4;C;2;GOIANIA;GO;03/2026;118.039;22.043;45.499;45.611;44.195;72.428;367;5.051;19,09%;0,59%;4;0
INOVANTI IP - PRUDENCIAL;1000087456;n4;NA;I;2;SAO PAULO;SP;03/2026;117.440;0;97.444;104.974;96.747;12.466;53;12.375;12,37%;NA%;1;0
COOPERATIVA DE CRÉDITO DE SÃO FRANCISCO DE SALES LTDA. - SICOOB CREDISALES;1374196;b3S;S5;I;2;SAO FRANCISCO DE SALES;MG;03/2026;117.070;90.331;3.924;88.966;62.283;28.103;1.056;26.009;28,91%;4,73%;0;0
COOPERATIVA DE CRÉDITO MÚTUO DE LIVRE ADMISSÃO DA REGIÃO ADMINISTRATIVA DE SOROCABA - SICOOB COOPERASO;10175348;b3S;S5;I;2;SOROCABA;SP;03/2026;116.147;45.165;62.400;98.412;95.193;17.735;228;13.643;16,01%;10,52%;0;4
NG CASH IP - PRUDENCIAL;1000088448;n1;S5;C;3;SAO PAULO;SP;03/2026;115.665;0;105.645;41.582;16.829;74.083;-1.798;73.651;455,51%;NA%;3;0
CM CAPITAL MARKETS - PRUDENCIAL;1000080549;n2;S4;I;3;SAO PAULO;SP;03/2026;115.607;0;75.236;75.034;45.419;40.573;-473;26.118;13,11%;4,69%;2;0
COOPERATIVA DE CRÉDITO, POUPANÇA E INVESTIMENTO DO SISTEMA DE JUSTIÇA NO ESTADO DO CEARÁ - SICREDI COOPERJURIS;8041950;b3S;S4;I;2;FORTALEZA;CE;03/2026;115.440;58.414;19.614;103.934;96.105;11.506;-6;12.019;18,94%;8,13%;0;2
NOVA FUTURA CTVM LTDA - PRUDENCIAL;1000083759;n2;S4;I;2;SAO PAULO;SP;03/2026;114.478;0;63.149;81.180;53.031;33.298;229;33.203;27,43%;7,72%;2;0
COOPERATIVA DE ECONOMIA E CRÉDITO MÚTUO DOS SERVIDORES PÚBLICOS - SICOOB COOPERPLAN CREDSEF;3603683;b3S;S5;I;2;BRASILIA;DF;03/2026;114.076;79.846;14.977;80.558;75.773;33.518;1.289;20.709;28,59%;2,64%;0;1
CREDISIS OESTE - COOPERATIVA DE CRÉDITO E INVESTIMENTO DO OESTE;4985665;b3S;S5;I;2;ESPIGAO D'OESTE;RO;03/2026;113.230;55.872;5.481;87.483;66.971;25.747;1.084;25.716;36,00%;3,91%;0;0
SITA SCCVM S.A. - PRUDENCIAL;1000082743;n2;S4;I;2;BELO HORIZONTE;MG;03/2026;112.701;0;85.198;55.410;0;57.291;1.854;45.902;40,29%;0,34%;2;0
COOPERATIVA DE CRÉDITO, POUPANÇA E INVESTIMENTO DOS PROFISSIONAIS MÉDICOS E DA SAÚDE DE CURITIBA E REGIÃO METROPOLITANA - SICREDI MEDICRED PR;2924977;b3S;S4;I;2;CURITIBA;PR;03/2026;109.199;41.796;49.144;95.401;81.684;13.798;290;14.389;23,71%;9,11%;0;2
PAGCERTO IP - PRUDENCIAL;1000087724;n4;NA;I;3;SAO PAULO;SP;03/2026;109.097;0;71.826;88.068;86.192;21.029;1.034;17.145;74,42%;NA%;1;0
CREDITÁ S.A. CFI - PRUDENCIAL;1000083687;n1;S5;I;2;PORTO ALEGRE;RS;03/2026;107.875;76.744;19.877;50.559;49.300;57.316;619;57.316;59,35%;0,65%;2;0
COOPERATIVA DE ECONOMIA E CRÉDITO MÚTUO - COOPERSERV;5667301;b3S;S5;I;2;LENCOIS PAULISTA;SP;03/2026;107.092;48.485;52.078;85.044;81.401;22.048;-525;16.441;17,52%;12,79%;0;3
CENTROCRED CFI - PRUDENCIAL;1000084727;n1;S5;I;2;SANTA CRUZ DO SUL;RS;03/2026;106.221;90.179;7.848;65.323;60.754;40.898;2.541;40.891;40,60%;1,71%;2;0
SOMAPAY SCD - PRUDENCIAL;1000086017;n1;S5;I;2;FORTALEZA;CE;03/2026;106.034;14.375;53.876;97.756;75.880;8.278;-2.131;8.278;14,99%;28,33%;2;0
COOPERATIVA DE CRÉDITO COGEM;44401800;b3S;S5;I;2;SAO BERNARDO DO CAMPO;SP;03/2026;105.391;76.031;23.540;14.783;6.023;90.607;3.447;90.587;98,27%;0,60%;0;8
COOPERATIVA DE CRÉDITO DE LIVRE ADMISSÃO CENTRO NORDESTE - SICOOB CENTRO NORDESTE;3102185;b3S;S5;I;2;JOAO PESSOA;PB;03/2026;104.870;58.507;6.744;81.683;77.932;23.187;569;22.976;34,11%;13,47%;0;3
JBCRED S.A. SCFI - PRUDENCIAL;1000083137;n1;S5;I;2;SAO PAULO;SP;03/2026;104.779;48.206;51.921;23.671;0;81.109;1.323;81.091;84,23%;0,78%;2;0
COOPERATIVA DE CRÉDITO DE LIVRE ADMISSÃO SUL MARANHENSE - SICOOB SUL MARANHENSE;26526166;b3S;S5;I;2;BALSAS;MA;03/2026;104.056;70.137;8.715;79.577;74.610;24.478;-270;26.436;34,73%;7,40%;0;0
AGENCIA DE FOMENTO DO RN S.A. - PRUDENCIAL;1000081043;n1;S4;I;1;NATAL;RN;03/2026;104.020;61.096;37.741;33.061;12.568;70.959;867;65.640;28,20%;3,64%;2;0
PROTEGE CASH IP PRUDENCIAL;1000086969;n4;NA;I;2;SAO PAULO;SP;03/2026;103.619;0;1.581;91.282;85.009;12.337;755;6.014;19,48%;NA%;1;0
COOPERATIVA DE ECONOMIA E CRÉDITO MÚTUO DOS FUNCIONÁRIOS DA  NESTLÉ - NESCRED;62562012;b3S;S5;I;2;SAO PAULO;SP;03/2026;101.505;45.839;51.818;2.821;0;98.684;2.121;98.563;118,49%;0,06%;0;1
PAGME IP - PRUDENCIAL;1000087542;n4;NA;I;2;ITAJAI;SC;03/2026;101.484;0;1.505;95.698;92.782;5.786;670;5.786;10,15%;NA%;1;0
COOPERATIVA DE CRÉDITO DOS EMPRESÁRIOS DE MANAUS - SICOOB CREDEMPRESAS-AM;10808037;b3S;S5;I;2;MANAUS;AM;03/2026;101.369;54.522;4.385;89.664;88.136;11.704;-893;11.715;18,45%;0,71%;0;0
COOPERATIVA DE CRÉDITO MÚTUO - SICOOB CREDIACISC;7669921;b3S;S5;I;2;SAO CARLOS;SP;03/2026;101.261;27.362;68.082;88.706;86.885;12.556;-2.088;10.926;15,64%;3,83%;0;4
BANCO SANY BRASIL - PRUDENCIAL;1000088510;b2;S4;I;3;SAO PAULO;SP;03/2026;100.897;3.797;0;1.036;0;99.861;185;99.306;2.271,91%;0,78%;2;0
SICOOB CRED COPERCANA COOPERATIVA DE CRÉDITO;64739121;b3S;S5;I;2;SERTAOZINHO;SP;03/2026;100.565;46.725;52.313;59.499;56.244;41.065;1.318;34.143;46,40%;0,61%;0;1
COOPERATIVA DE CRÉDITO, POUPANÇA E INVESTIMENTO DOS POLICIAIS FEDERAIS DO RIO GRANDE DO SUL E SANTA CATARINA - SICREDI POL RS/SC;3000142;b3S;S4;I;2;PORTO ALEGRE;RS;03/2026;100.024;63.087;16.041;89.196;75.694;10.828;295;13.143;19,10%;1,13%;0;2
BCO LA NACION ARGENTINA - PRUDENCIAL;1000081270;b1;S4;I;3;SAO PAULO;SP;03/2026;97.517;32.677;5.502;64.434;32.103;33.083;46;33.048;44,62%;43,98%;2;0
COOPERATIVA DE CRÉDITO, POUPANÇA E INVESTIMENTO DAS CARREIRAS DO MINISTÉRIO PÚBLICO, TRIBUNAL DE CONTAS E SECRETARIA DA FAZENDA DO RIO GRANDE DO SUL - SICREDI MP RS;3662047;b3S;S4;I;2;PORTO ALEGRE;RS;03/2026;95.720;31.812;54.093;85.803;77.368;9.917;415;9.937;23,91%;2,40%;0;1
BK IP - PRUDENCIAL;1000088101;n4;NA;I;2;BARUERI;SP;03/2026;95.014;0;7.579;66.582;993;28.432;5.190;24.526;22,82%;NA%;1;0
COOPERATIVA DE CRÉDITO - SICREDI LENÇÓIS;5545390;b3S;S4;I;2;SAO LUIS;MA;03/2026;93.869;45.879;27.812;74.625;66.280;19.244;435;19.499;37,17%;3,09%;0;2
CREDISIS/CREDISUL COOPERATIVA DE CRÉDITO;7494300;b3S;S5;I;2;ERECHIM;RS;03/2026;93.495;45.351;1.674;82.055;77.037;11.440;147;11.436;21,24%;3,17%;0;1
SICOOB CREDIMED - COOPERATIVA DE CRÉDITO DE LIVRE ADMISSÃO DA CIDADE DE UBERABA LTDA.;71336432;b3S;S5;I;2;UBERABA;MG;03/2026;90.725;48.768;2.185;76.757;74.966;13.969;-204;12.722;22,31%;10,54%;0;0
TRUSTEE/BANVOX - PRUDENCIAL;1000086354;n2;S4;C;2;SAO PAULO;SP;03/2026;90.688;0;447;75.056;58.775;15.632;-2.996;15.626;8,92%;16,53%;4;0
COOPERATIVA DE ECONOMIA E CRÉDITO MÚTUO DOS EMPRESÁRIOS DE AMERICANA, LIMEIRA E REGIÃO - SICOOB ACICRED;9579249;b3S;S5;I;2;AMERICANA;SP;03/2026;89.961;40.517;28.171;79.990;76.736;9.971;-398;7.444;15,62%;14,47%;0;7
PAY2ALL IP - PRUDENCIAL;1000088479;n4;NA;I;3;SAO PAULO;SP;03/2026;89.599;0;0;76.002;56.510;13.597;3.272;13.120;37,36%;NA%;1;0
COOPERATIVA DE CRÉDITO, POUPANÇA E INVESTIMENTO DA ADVOCACIA E SERVENTUÁRIOS DO PODER JUDICIÁRIO NO ESTADO DO RIO GRANDE DO SUL - SICREDI COOABCRED RS;19962468;b3S;S4;I;2;PORTO ALEGRE;RS;03/2026;89.269;29.722;48.574;78.558;69.409;10.710;421;11.033;27,89%;6,73%;0;1
GALAPAGOS CAPITAL DTVM - PRUDENCIAL;1000087092;n2;S4;I;2;SAO PAULO;SP;03/2026;87.798;0;2.725;60.485;54.227;27.312;387;2.857;11,59%;0,00%;2;0
KANASTRA FINANCEIRA CFI - PRUDENCIAL;1000086770;n1;S4;C;3;UBERLANDIA;MG;03/2026;87.704;46;75.129;8.289;5.933;79.415;1.047;79.415;250,97%;0,00%;2;0
COOPERATIVA DE CRÉDITO MÚTUO DOS SERVIDORES MUNICIPAIS DE SÃO JOÃO DA BOA VISTA - CREDIVISTA;74248949;b3S;S5;I;2;SAO JOAO DA BOA VISTA;SP;03/2026;87.370;66.604;8.826;61.051;58.935;26.319;399;26.358;38,55%;1,33%;0;1
MOVA SEP - PRUDENCIAL;1000084961;n1;S5;I;3;SAO PAULO;SP;03/2026;87.018;0;4.095;41.502;194;45.516;488;12.397;21,87%;7,59%;2;0
COOPERATIVA DE CRÉDITO MÚTUO DOS EMPREGADOS DO MAGAZINE LUIZA, EMPRESAS CONTROLADAS E COLIGADAS - COOPLUIZA;2093154;b3S;S5;I;2;FRANCA;SP;03/2026;86.715;28.914;57.470;10.844;0;75.871;3.368;76.047;90,02%;0,04%;0;0
COOPERATIVA DE CRÉDITO DOS CONTADORES, ADMINISTRADORES DE EMPRESAS, ECONOMISTAS E CORRETORES DE SEGUROS LTDA. - SICOOB CREDITABIL;2217068;b3S;S5;I;2;BELO HORIZONTE;MG;03/2026;84.798;5.716;1.767;71.431;70.093;13.368;465;12.310;44,80%;12,71%;0;0
COOPERÁGUIA - COOPERATIVA DE ECONOMIA E CRÉDITO MÚTUO DOS EMPREGADOS DO GRUPO ÁGUIA BRANCA;27171974;b3S;S5;I;2;CARIACICA;ES;03/2026;84.643;36.743;34.818;14.720;0;69.923;2.130;69.919;89,17%;0,17%;0;0
SICOOB CREDICONSUMO - COOPERATIVA DE CRÉDITO;47074323;b3S;S5;I;2;SANTO ANDRE;SP;03/2026;84.115;52.002;28.751;47.766;44.506;36.348;-228;28.327;45,57%;4,84%;0;6
LIONS TRUST DTVM PRUDENCIAL;1000085654;n2;S4;I;2;SAO PAULO;SP;03/2026;82.969;0;1.029;79.938;77.013;3.031;564;3.031;16,07%;1,45%;2;0
DIRECAO S.A. SCFI - PRUDENCIAL;1000083625;n1;S5;I;2;SANTOS;SP;03/2026;82.884;3.207;67.466;461;0;82.422;923;79.821;97,55%;0,00%;3;0
ARTTA SCD PRUDENCIAL;1000085661;n1;S5;I;2;CURITIBA;PR;03/2026;82.375;0;73.185;76.203;74.093;6.172;697;124;0,57%;134,04%;2;0
COOPERATIVA DE ECONOMIA E CRÉDITO MÚTUO DOS EMPREGADOS DO BANRISUL;92935741;b3S;S5;I;2;PORTO ALEGRE;RS;03/2026;82.302;71.700;10.003;40.037;35.076;42.266;239;42.332;62,04%;0,67%;0;0
BCO INDUSCRED DE INVESTIM. S/A - PRUDENCIAL;1000081342;b2;S4;I;2;SAO PAULO;SP;03/2026;81.835;11.793;62.800;2.367;1.893;79.468;274;NI;NI%;NI%;2;0
CREFAZ SCMEPP - PRUDENCIAL;1000083357;n1;S5;I;2;MARINGA;PR;03/2026;81.233;10.113;30.271;22.601;0;58.632;5.822;58.632;33,23%;7,76%;2;0
AG. FOMENTO ESTADO DO TOCANTINS - PRUDENCIAL;1000081122;n1;S4;I;1;PALMAS;TO;03/2026;81.086;45.688;34.239;35.570;34.494;45.516;-544;45.516;52,53%;0,54%;1;0
COOPERATIVA DE ECONOMIA E CREDITO MUTUO DOS EMPREGADOS DAS EMPRESAS RANDON;89280960;b3S;S5;I;2;CAXIAS DO SUL;RS;03/2026;80.739;32.742;12.081;11.955;7.617;68.784;798;62.959;145,17%;0,42%;0;0
BANCO RNX S.A. - PRUDENCIAL;1000081775;b2;S4;I;2;CURITIBA;PR;03/2026;79.467;55.063;3.221;58.870;54.943;20.597;-153;20.567;24,06%;0,48%;2;0
SIMPAUL CCVM - PRUDENCIAL;1000082640;n2;S4;I;3;PORTO ALEGRE;RS;03/2026;78.811;0;53.094;4.205;983;74.606;1.503;49.606;83,40%;0,26%;2;0
GRAZZIOTIN FINANCEIRA - PRUDENCIAL;1000083481;n1;S5;I;2;PASSO FUNDO;RS;03/2026;77.974;69.545;0;49.120;41.961;28.854;2.921;28.854;37,81%;0,34%;2;0
HEMERA DTVM - PRUDENCIAL;1000085685;n2;S4;I;2;CURITIBA;PR;03/2026;77.359;0;6.866;61.189;56.025;16.170;4.373;16.170;29,34%;0,00%;2;0
CLARO PAY IP - PRUDENCIAL;1000088307;n4;NA;I;3;SAO PAULO;SP;03/2026;77.232;0;25.757;45.261;7.305;31.971;-16.919;-8.538;-12,32%;NA%;1;0
PAGSMILE IP - PRUDENCIAL;1000088345;n4;NA;I;3;SAO PAULO;SP;03/2026;76.894;0;61.234;61.908;54.958;14.986;1.973;NI;NI%;NA%;1;0
COOPERATIVA DE ECONOMIA E CRÉDITO MÚTUO DOS SERVIDORES DA FUNDAÇÃO HOSPITALAR E EMPREGADOS DOS ESTABELECIMENTOS HOSPITALARES DE BELO HORIZONTE, REGIÃO METROPOLITANA E ZONA DA MATA LTDA.- SICOOB CECREF;19402130;b3S;S5;I;2;BELO HORIZONTE;MG;03/2026;76.342;36.014;16.118;44.198;36.089;32.144;-372;17.892;39,64%;9,23%;0;4
COOPERATIVA DE CRÉDITO CLÁSSICA DOS EMPREGADOS DA VALE S/A E ENTIDADES VINCULADAS LTDA. - SICOOB COOPVALE;33924028;b3S;S5;I;2;RIO DE JANEIRO;RJ;03/2026;75.824;30.776;3.969;67.822;63.185;8.002;945;5.652;11,24%;24,26%;0;6
COOPERATIVA DE CRÉDITO CREDIPIMENTA LTDA. - SICOOB CREDIPIMENTA;42934794;b3S;S5;I;2;PIMENTA;MG;03/2026;75.249;25.139;2.382;62.313;54.813;12.937;419;11.743;32,74%;3,55%;0;0
HINOVA PAY IP - PRUDENCIAL;1000086220;n4;NA;I;2;BELO HORIZONTE;MG;03/2026;74.554;0;8.012;56.612;54.662;17.942;1.656;15.872;48,98%;NA%;1;0
SEFER INVESTIMENTOS DTVM - PRUDENCIAL;1000083924;n2;S4;I;3;SAO PAULO;SP;03/2026;74.171;0;4;59.300;38.017;14.870;1.759;8.979;7,59%;37,23%;2;0
AF ESTADO DE PERNAMBUCO S.A. - PRUDENCIAL;1000081177;n1;S4;I;1;RECIFE;PE;03/2026;73.828;20.243;52.288;10.711;8.972;63.118;-667;62.890;131,09%;0,23%;1;0
SUPERBID PAY IP - PRUDENCIAL;1000086749;n4;NA;I;2;SAO PAULO;SP;03/2026;73.259;0;24.450;65.827;59.456;7.433;377;5.706;33,41%;NA%;1;0
COOPERATIVA DE CRÉDITO DE LIVRE ADMISSÃO DA REGIÃO SUL DO MARANHÃO - SICREDI SUL DO MARANHÃO;26191078;b3S;S4;I;2;IMPERATRIZ;MA;03/2026;72.815;13.154;38.647;63.233;57.255;9.582;-185;9.573;38,61%;25,09%;0;2
PINPAG IP - PRUDENCIAL;1000088541;n4;NA;I;2;SAO CAETANO DO SUL;SP;03/2026;69.485;0;16.225;49.154;7.775;20.332;2.289;20.330;45,43%;NA%;1;0
LECCA - PRUDENCIAL;1000080680;n1;S4;I;2;RIO DE JANEIRO;RJ;03/2026;69.175;42.001;4.646;53.540;39.258;15.635;-1.843;11.464;16,61%;48,38%;2;0
COOPERATIVA DE ECONOMIA E CRÉDITO MÚTUO DO GRUPO BASF;74244344;b3S;S5;I;2;SAO BERNARDO DO CAMPO;SP;03/2026;68.828;22.991;45.378;8.596;0;60.232;1.867;60.044;90,75%;0,00%;0;1
COOPERATIVA DE CREDITO SICOOB COOPEC LTDA.;32615247;b3S;S5;I;2;ITABUNA;BA;03/2026;68.601;39.547;9.534;34.342;30.441;34.258;557;25.749;53,90%;17,54%;0;1
FACILITA IP - PRUDENCIAL;1000087449;n4;NA;I;2;NOVA LIMA;MG;03/2026;67.900;0;47.511;60.656;68;7.244;1.165;3.964;10,61%;NA%;1;0
SMART SOLUTIONS GROUP IP - PRUDENCIAL;1000087425;n4;NA;I;2;RIO DE JANEIRO;RJ;03/2026;67.188;0;14.327;21.910;11.889;45.279;676;44.740;89,04%;NA%;1;0
BCO CEDULA S.A. - PRUDENCIAL;1000081469;b1;S4;I;2;RIO DE JANEIRO;RJ;03/2026;66.575;0;221;7.366;2.760;59.209;600;59.201;141,22%;0,24%;2;0
REMITLY CC LTDA. - PRUDENCIAL;1000082420;n2;S4;I;3;SAO PAULO;SP;03/2026;65.760;0;12.504;15.815;12.500;49.945;592;49.945;145,21%;0,14%;2;0
SANTS SCD - PRUDENCIAL;1000087250;n1;S4;I;2;SAO JOSE DOS CAMPOS;SP;03/2026;65.725;0;5.710;59.497;47.689;6.228;385;6.228;16,08%;0,00%;2;0
PAY IP - PRUDENCIAL;1000087920;n4;NA;I;2;PORTO ALEGRE;RS;03/2026;64.412;0;15;57.736;55.108;6.676;1.368;2.202;10,88%;NA%;1;0
INTEX BANK BCO CÂMBIO - PRUDENCIAL;1000081885;b2;S4;I;2;SAO PAULO;SP;03/2026;64.161;0;617;38.852;3.383;25.309;298;25.228;17,96%;10,17%;2;0
H.H.PICCHIONI - PRUDENCIAL;1000080226;n2;S4;I;2;BELO HORIZONTE;MG;03/2026;63.709;0;1;59.521;0;4.187;354;3.580;37,87%;17,80%;3;0
COOPERATIVA DE ECONOMIA E CRÉDITO MÚTUO DOS FUNCIONÁRIOS DA CARGILL;68228006;b3S;S5;I;2;SAO PAULO;SP;03/2026;63.523;33.554;29.551;12.858;10.788;50.665;1.892;50.644;87,16%;0,00%;0;0
COOPERATIVA DE ECONOMIA E CRÉDITO MÚTUO DOS EMPREGADOS DA CENTRAIS ELÉTRICAS DE SANTA CATARINA - CREDELESC;8850613;b3S;S5;I;2;FLORIANOPOLIS;SC;03/2026;63.513;28.238;2.344;50.964;48.287;12.549;227;12.728;31,64%;1,51%;0;5
VALOR CFI - PRUDENCIAL;1000083223;n1;S5;I;2;SAO PAULO;SP;03/2026;62.614;58.172;1.861;20.548;9.854;42.066;2.026;23.064;41,25%;0,65%;2;0
CONTA PRONTA IP - PRUDENCIAL;1000086835;n4;NA;I;2;BARUERI;SP;03/2026;62.457;0;1.200;57.648;40.879;4.809;-198;-10.374;-35,63%;NA%;1;0
ISSUER IP - PRUDENCIAL;1000087140;n4;NA;I;3;PORTO ALEGRE;RS;03/2026;61.685;8;17.351;40.293;5.023;21.392;-431;19.631;77,66%;NA%;1;0
SOLFÁCIL SCFI - PRUDENCIAL;1000086440;n1;S4;I;2;SAO PAULO;SP;03/2026;60.836;897;40.034;44.379;202;16.457;1.836;16.464;50,96%;0,00%;2;0
MONEYCORP - PRUDENCIAL;1000082028;b2;S4;I;3;SAO PAULO;SP;03/2026;59.794;0;0;39.743;0;20.051;-135;19.583;22,71%;4,40%;2;0
COOPERATIVA DE CAPITAL E EMPRÉSTIMO COOPERMULTICRED - COOPERMC;51010858;b3S;S5;I;2;GUARULHOS;SP;03/2026;59.586;49.805;9.191;714;0;58.872;1.393;58.851;119,06%;0,00%;0;0
FORIS GFS BR IP - PRUDENCIAL;1000086725;n4;NA;I;3;SAO PAULO;SP;03/2026;59.301;0;40.346;33.571;4.671;25.730;830;25.730;290,92%;NA%;1;0
COOPERATIVA DE CRÉDITO MÚTUO DOS SERVIDORES PÚBLICOS - CREDI-SP;3612679;b3S;S5;I;2;SAO BERNARDO DO CAMPO;SP;03/2026;59.224;42.936;11.836;29.077;27.158;30.147;638;30.006;59,51%;10,81%;0;1
FINAXIS - PRUDENCIAL;1000080790;b1;S4;C;2;CURITIBA;PR;03/2026;59.114;0;22.359;45.690;15.639;13.424;-4.134;26.827;20,63%;20,72%;4;0
ECONOMIA CI S.A.-ECONOMISA - PRUDENCIAL;1000083364;n1;S5;I;2;BELO HORIZONTE;MG;03/2026;58.765;4.739;28.590;33.716;15.093;25.048;227;25.048;110,47%;1,92%;3;0
OM DTVM LTDA - PRUDENCIAL;1000084239;n2;S4;I;2;SAO PAULO;SP;03/2026;58.677;0;11.837;14.014;0;44.663;1.508;44.663;22,22%;2,06%;2;0
BT CC - PRUDENCIAL;1000081995;n2;S5;I;2;SAO PAULO;SP;03/2026;57.285;0;1.178;32.283;0;25.002;-87;17.054;19,43%;16,74%;4;0
COOPERATIVA DE CRÉDITO DE ITAPETININGA - SICOOB CRED-ACI;8844074;b3S;S5;I;2;ITAPETININGA;SP;03/2026;57.278;8.794;46.772;48.594;47.655;8.684;494;7.067;16,54%;6,55%;0;0
CODEPE CORRETORA DE VAL. S.A. - PRUDENCIAL;1000082712;n1;S4;C;2;BARUERI;SP;03/2026;57.177;0;52.180;3.847;1.170;53.330;578;53.330;73,74%;2,47%;4;0
COOPERATIVA DE ECONOMIA E CRÉDITO MÚTUO DOS EMPREGADOS DA MONDELEZ BRASIL E PHILIP MORRIS BRASIL - SICOOB COOPMOND;62795257;b3S;S5;I;2;SAO PAULO;SP;03/2026;56.792;13.469;39.984;5.240;0;51.552;75;35.145;115,61%;0,06%;0;0
AFAL - PRUDENCIAL;1000081081;n1;S4;I;1;MACEIO;AL;03/2026;56.133;21.398;32.841;19.312;17.321;36.821;-2.932;37.334;55,89%;1,49%;1;0
J17 SCD - PRUDENCIAL;1000085616;n1;S5;C;2;LONDRINA;PR;03/2026;55.976;21.668;9.225;26.123;18.221;29.853;173;29.196;81,37%;4,88%;2;0
UNLIMIT BRASIL IP - PRUDENCIAL;1000088716;n4;NA;I;3;SAO PAULO;SP;03/2026;55.189;0;7.487;46.786;0;8.403;-1.695;10.598;59,79%;NA%;1;0
HR DIGITAL SCD - PRUDENCIAL;1000085908;n1;S5;I;2;BRASILIA;DF;03/2026;55.112;55.883;431;47.968;53;7.144;1.106;7.144;12,94%;0,15%;2;0
COOPERATIVA DE ECONOMIA E CREDITO MUTUO DOS MEDICOS E DEMAIS PROFISSIONAIS DA SAUDE DE JOACABA;2853045;b3S;S5;I;2;JOACABA;SC;03/2026;54.161;6.275;47.265;40.464;38.767;13.697;485;13.697;25,15%;0,00%;0;0
COOPERATIVA DE CRÉDITO RURAL DOS PLANTADORES DE CANA DE ALAGOAS;12272183;b3S;S5;I;2;MACEIO;AL;03/2026;53.043;11.980;38.899;4.387;2.930;48.656;649;48.650;95,00%;1,07%;0;0
COOPERATIVA  ECONOMIA CRÉDITO MÚTUO  SERVS E EMPREGADOS PÚBLICOS MUNIC DE BELO HORIZONTE BETIM BRUMADINHO CONTAGEM IBIRITÉ NOVA LIMA RIBEIRÃO DAS NEVES SABARÁ SANTA LUZIA E VESPASIANO SICOOB CREDISERV;1864151;b3S;S5;I;2;BELO HORIZONTE;MG;03/2026;52.210;32.002;5.188;27.773;25.253;24.437;-26;20.503;61,00%;2,16%;0;2
CREDISIS COOPERUFPA - COOPERATIVA DE ECONOMIA E CRÉDITO MÚTUO DOS SERVIDORES PÚBLICOS FEDERAIS E ESTADUAIS E DAS ENTIDADES DE ENSINO COM SEUS RESPECTIVOS FUNCIONÁRIOS NO ESTADO DO PARÁ;83325811;b3S;S5;I;2;BELEM;PA;03/2026;52.119;21.395;3.068;10.553;0;41.566;1.320;41.559;136,69%;2,97%;0;0
COOPERATIVA DE ECONOMIA E CRÉDITO MÚTUO SICOOB CRED-ACILPA;9004796;b3S;S5;I;2;LENCOIS PAULISTA;SP;03/2026;51.654;21.186;27.567;39.096;37.339;12.559;143;9.752;20,05%;8,57%;0;2
FINNET S/A TECNOLOGIA E IP - PRUDENCIAL;1000087126;n4;NA;I;2;SAO PAULO;SP;03/2026;50.275;0;9.877;17.267;0;33.008;-1.258;NI;NI%;NA%;1;0
VIS DTVM - PRUDENCIAL;1000085537;n2;S4;I;2;CUIABA;MT;03/2026;50.249;0;0;41.513;0;8.736;574;6.260;11,81%;0,05%;2;0
COOPERATIVA DE ECONOMIA E CRÉDITO MÚTUO DOS EMPREGADOS DO GRUPO COLORADO;2024442;b3S;S5;I;2;GUAIRA;SP;03/2026;49.770;43.059;3.379;368;0;49.403;2.235;48.040;127,27%;0,05%;0;0
COOPERATIVA DE ECONOMIA E CREDITO MUTUO DOS FUNCIONARIOS DA COMIGO;1062439;b3S;S5;I;2;RIO VERDE;GO;03/2026;49.427;19.498;2.471;26.467;23.326;22.960;515;20.662;70,91%;3,67%;0;1
ACTUAL DTVM - PRUDENCIAL;1000087243;n2;S4;I;2;BELO HORIZONTE;MG;03/2026;47.450;0;2.584;44.978;44.847;2.473;371;2.473;38,37%;0,22%;2;0
HEDGEPOINT GLOBAL MARKETS DTVM - PRUDENCIAL;1000085197;n2;S4;I;3;CAMPINAS;SP;03/2026;45.814;0;32.137;12.109;426;33.706;876;28.364;21,49%;8,55%;2;0
GUITTA CC LTDA - PRUDENCIAL;1000082107;n2;S4;I;2;SAO PAULO;SP;03/2026;45.497;0;6.817;33.862;0;11.635;129;11.546;17,10%;27,58%;2;0
MULTIPLIKE FINANCEIRA SCFI - PRUDENCIAL;1000088651;n1;S4;I;2;JOINVILLE;SC;03/2026;43.796;0;26.015;30.386;0;13.410;-1.159;13.410;52.496,08%;0,00%;2;0
CARTOS SCD - PRUDENCIAL;1000084442;n1;S5;C;2;SAO PAULO;SP;03/2026;43.476;9.398;109;32.752;767;10.724;1.222;9.031;20,11%;1,77%;2;0
TAMBASA SCD - PRUDENCIAL;1000085214;n1;S5;I;2;BELO HORIZONTE;MG;03/2026;43.425;25.508;15.984;22.157;0;21.269;993;20.458;52,86%;0,86%;2;0
INCO SEP - PRUDENCIAL;1000086086;n1;S4;I;2;BELO HORIZONTE;MG;03/2026;43.424;0;3.469;38.253;37.231;5.171;130;5.341;97,59%;0,00%;2;0
GERAL CCVM LTDA - PRUDENCIAL;1000082918;n2;S4;I;2;PORTO ALEGRE;RS;03/2026;43.273;0;34.572;25.887;7.096;17.386;564;17.386;21,29%;0,13%;2;0
FIDD DTVM - PRUDENCIAL;1000085458;n2;S4;I;2;SAO PAULO;SP;03/2026;42.337;0;10;39.033;22.012;3.305;-1.169;3.305;13,38%;7,68%;2;0
COOPERATIVA DE CRÉDITO MÚTUO DOS SERVIDORES FEDERAIS NA PARAÍBA - SICOOB COOPERCRET;2275781;b3S;S5;I;2;JOAO PESSOA;PB;03/2026;41.171;25.011;2.672;28.984;27.477;12.187;61;12.024;39,97%;1,57%;0;1
GOLCRED - PRUDENCIAL;1000080965;n1;S5;I;2;SAO JOSE;SC;03/2026;41.101;29.421;0;30.582;11.793;10.519;1.215;NI;NI%;NI%;2;0
COOPERATIVA DE CRÉDITO CREDICENTRO;53776852;b3S;S5;I;2;ARARAQUARA;SP;03/2026;40.325;14.986;20.499;16.294;13.051;24.032;88;24.017;74,80%;0,35%;0;1
COOPERATIVA DE ECONOMIA E CRÉDITO MÚTUO DOS EMPREGADOS DO GRUPO SCHAEFFLER;62284385;b3S;S5;I;2;SOROCABA;SP;03/2026;39.664;26.790;12.701;743;0;38.920;828;38.920;112,36%;0,32%;0;0
COOPERATIVA DE ECONOMIA E CRÉDITO MÚTUO DOS FUNCIONÁRIOS DA FUNDAÇÃO ZERBINI E DA FUNDAÇÃO FACULDADE DE MEDICINA (FFM) - COOPINCOR;1997612;b3S;S5;I;2;SAO PAULO;SP;03/2026;39.635;18.208;19.081;3.839;0;35.796;1.104;35.778;99,25%;0,12%;0;0
PAYMEE BRASIL IP - PRUDENCIAL;1000087700;n4;NA;I;2;SAO PAULO;SP;03/2026;39.615;0;19.792;24.341;9.774;15.274;-1.280;15.037;81,76%;NA%;1;0
SERVICOOP - COOPERATIVA DE CRÉDITO DOS SERVIDORES PÚBLICOS ESTADUAIS E MUNICIPAIS DO RIO GRANDE DO SUL;3973814;b3S;S5;I;2;PORTO ALEGRE;RS;03/2026;38.971;20.554;13.756;25.464;22.724;13.506;37;15.103;39,93%;6,32%;0;4
COOPERATIVA DE ECONOMIA E CRÉDITO MÚTUO DOS EMPREGADOS DA CBMM LTDA.;18140913;b3S;S5;I;2;ARAXA;MG;03/2026;38.333;24.024;14.135;1.490;0;36.842;1.477;36.842;106,16%;0,01%;0;1
BIGCASH SCD - PRUDENCIAL;1000085056;n1;S5;I;2;GOVERNADOR VALADARES;MG;03/2026;37.561;26.987;0;14.373;0;23.187;2.787;23.187;59,88%;1,72%;2;0
COOPERATIVA    DE    ECONOMIA    E    CRÉDITO   MÚTUO  MINUANO;88325113;b3S;S5;I;2;CANOAS;RS;03/2026;37.527;13.468;22.716;15.988;13.403;21.539;606;21.504;60,01%;3,23%;0;4
MT IP - PRUDENCIAL;1000088039;n4;NA;I;2;BARUERI;SP;03/2026;37.304;0;0;26.841;22.602;10.463;2.277;184;0,77%;NA%;1;0
F D GOLD DTVM LTDA - PRUDENCIAL;1000083993;n2;S4;I;2;SAO PAULO;SP;03/2026;37.238;0;0;5.887;15;31.351;3.589;31.348;23,29%;1,41%;2;0
COINVALORES - PRUDENCIAL;1000080707;n2;S5;I;2;SAO PAULO;SP;03/2026;37.156;0;368;17.418;0;19.738;-207;19.700;52,80%;0,41%;2;0
PAGOL SCD - PRUDENCIAL;1000086419;n1;S5;I;2;BARUERI;SP;03/2026;36.954;0;932;21.384;15.944;15.571;-2.312;2.881;15,44%;4,19%;2;0
COOPERATIVA DE ECONOMIA E CRÉDITO MÚTUO DOS SERVIDORES DA UNIVERSIDADE ESTADUAL DE CAMPINAS - COOPERUNICAMP;2285107;b3S;S5;I;2;CAMPINAS;SP;03/2026;36.726;20.528;15.330;2.432;0;34.294;1.188;34.290;103,41%;0,03%;0;0
SAFETYPAY BRASIL IP - PRUDENCIAL;1000088235;n4;NA;I;2;BARUERI;SP;03/2026;36.394;0;30.481;32.718;0;3.677;375;NI;NI%;NA%;1;0
LISTO SCD - PRUDENCIAL;1000084930;n1;S5;I;3;SAO PAULO;SP;03/2026;35.954;0;4.107;9.005;8.515;26.949;2.361;2.307;16,32%;0,00%;2;0
COOPERATIVA DE ECONOMIA CRÉDITO MÚTUO - SICOOB CREDSAÚDE;2072790;b3S;S5;I;2;PIRACICABA;SP;03/2026;35.779;20.970;12.733;30.465;28.815;5.314;-698;4.523;14,08%;24,04%;0;2
UNIDA DTVM LTDA - PRUDENCIAL;1000084019;n2;S4;I;2;BARUERI;SP;03/2026;35.488;0;758;14.382;89;21.106;-1.043;21.104;22,23%;0,34%;4;0
CREDIFIT SCD - PRUDENCIAL;1000085465;n1;S5;I;2;SALVADOR;BA;03/2026;35.380;4.499;19.101;29.397;19.457;5.983;959;4.435;48,77%;1,56%;2;0
COOPERATIVA DE CREDITO RURAL DE IBIAM - SULCREDI/IBIAM;8240446;b3S;S5;I;2;IBIAM;SC;03/2026;34.159;13.767;2.740;31.377;27.232;2.782;-675;NI;NI%;10,47%;0;4
COOPERATIVA DE CRÉDITO MÚTUO DO ABC - COOPER 7;4414354;b3S;S5;I;2;SAO BERNARDO DO CAMPO;SP;03/2026;34.025;19.887;9.590;13.279;10.640;20.747;-234;17.840;69,20%;3,84%;0;2
COOPERATIVA DE CRÉDITO MÚTUO DOS SERVIDORES DO MINISTERIO DA EDUCAÇÃO EM SÃO PAULO - COOPEMESP;73092827;b3S;S5;I;2;SAO PAULO;SP;03/2026;33.664;22.147;11.114;13.363;12.606;20.301;-50;16.030;67,12%;0,04%;0;1
VIVO PAY SCD - PRUDENCIAL;1000087944;n1;S5;I;3;SAO PAULO;SP;03/2026;33.189;0;31.558;4.738;27;28.451;-2.462;28.451;950,76%;0,00%;2;0
COBANSA CH S.A. - PRUDENCIAL;1000081878;n1;S5;I;2;SAO PAULO;SP;03/2026;33.031;0;18.021;29.018;0;4.013;40;4.013;11,89%;0,01%;2;0
BPY CCTVM - PRUDENCIAL;1000084765;n2;S4;I;2;SAO PAULO;SP;03/2026;33.028;0;16.834;27.130;16.001;5.897;-1.139;2.552;10,43%;13,25%;2;0
COMPREV CFI - PRUDENCIAL;1000086244;n1;S5;I;2;RIO DE JANEIRO;RJ;03/2026;32.888;2.822;29.778;421;0;32.467;121;32.492;127,41%;0,00%;2;0
PAGHIPER IP - PRUDENCIAL;1000087494;n4;NA;I;2;PARANAVAI;PR;03/2026;32.654;0;4.036;27.373;0;5.280;126;4.659;89,31%;NA%;1;0
COOPERATIVA DE CRÉDITO DOS FORNECEDORES DE CANA DE BARRA BONITA E REGIÃO;44746352;b3S;S5;I;2;BARRA BONITA;SP;03/2026;32.452;20.246;11.651;6.882;4.001;25.570;520;25.489;88,97%;0,78%;0;0
TTSCD SCD  - PRUDENCIAL;1000088015;n1;S5;I;2;SAO PAULO;SP;03/2026;32.254;0;16.686;16.831;0;15.423;250;15.136;132,57%;0,00%;2;0
BANCO PORTO REAL DE INVEST.S.A - PRUDENCIAL;1000081359;b2;S4;I;2;PORTO REAL;RJ;03/2026;32.129;9.574;0;727;0;31.402;352;31.402;198,68%;0,03%;2;0
AZUMI DTVM PRUDENCIAL;1000085719;n2;S4;I;2;SAO PAULO;SP;03/2026;31.699;0;7.971;24.601;21.759;7.098;184;7.078;12,69%;2,28%;2;0
AZIMUT BRASIL DTVM - PRUDENCIAL;1000084325;n2;S4;I;3;SAO PAULO;SP;03/2026;31.676;0;14.923;16.660;15.784;15.015;-685;15.015;25,47%;0,07%;2;0
COOPERATIVA DE ECONOMIA E CRÉDITO MÚTUO DOS FUNCIONÁRIOS DA ERICSSON - COOPERICSSON;48718183;b3S;S5;I;2;SAO PAULO;SP;03/2026;31.552;13.494;17.841;611;0;30.940;799;30.920;104,90%;0,02%;0;0
RB INVESTIMENTOS DTVM - PRUDENCIAL;1000084174;n2;S4;I;2;SAO PAULO;SP;03/2026;30.992;0;8.166;21.840;19.714;9.152;311;6.921;18,29%;8,58%;2;0
PINTOS CFI - PRUDENCIAL;1000085142;n1;S5;I;2;TERESINA;PI;03/2026;30.717;108;30.081;129;0;30.588;365;30.588;93,71%;0,00%;2;0
INTEGRAÇÃO DE CRÉDITO E COBRANÇA SCD - PRUDENCIAL;1000087913;n1;S5;I;2;SAO PAULO;SP;03/2026;30.635;2.053;2.623;24.569;23.402;6.066;45;6.053;58,60%;1,34%;2;0
CRESERV CREDISIS - COOPERATIVA DE ECONOMIA E CRÉDITO MÚTUO DOS SERVIDORES PÚBLICOS DE PINHÃO;4831810;b3S;S5;I;2;PINHAO;PR;03/2026;30.634;19.804;1.065;21.269;18.899;9.365;500;9.362;43,26%;1,99%;0;1
CDC SCD - PRUDENCIAL;1000083326;n1;S5;I;2;BELO HORIZONTE;MG;03/2026;30.341;5.469;16.041;22.458;17.404;7.882;-148;6.813;43,16%;19,14%;2;0
COOPERATIVA DE CRÉDITO SICOOB CREDMETAL;3535065;b3S;S5;I;2;OSASCO;SP;03/2026;30.011;13.440;15.760;17.345;16.410;12.666;-447;7.305;36,75%;4,41%;0;2
INDEPENDÊNCIA COOPERATIVA DE CRÉDITO E INVESTIMENTO - INDEPENDÊNCIA COOPERATIVA DE CRÉDITO;4306351;b3S;S5;I;2;SAO PAULO;SP;03/2026;29.762;6.445;20.092;15.218;12.139;14.544;532;14.544;50,39%;0,05%;0;0
COOPERATIVA DE ECONOMIA E CRÉDITO MÚTUO DOS TRABALHADORES DA CIA. DE PROCESSAMENTO DE DADOS DO ESTADO DE SÃO PAULO - CREDIPRODESP;67915868;b3S;S5;I;2;TABOAO DA SERRA;SP;03/2026;29.619;8.730;18.915;2.623;0;26.996;403;21.822;100,34%;0,25%;0;0
BSN PAGAMENTOS IP - PRUDENCIAL;1000087841;n4;NA;I;2;GUARULHOS;SP;03/2026;29.297;0;14.794;22.955;20.656;6.342;241;6.342;54,43%;NA%;1;0
LEND SCD - PRUDENCIAL;1000085276;n1;S5;C;2;SAO PAULO;SP;03/2026;29.049;266;27.301;16.733;7.168;12.316;637;4.258;19,95%;3,91%;3;0
COOPERATIVA DE ECONOMIA E CRÉDITO MÚTUO DOS EMPREGADOS DAS EMPRESAS DO GRUPO ECONÔMICO RHODIA - CREDIRHODIA;57563728;b3S;S5;I;2;PAULINIA;SP;03/2026;28.852;16.658;11.183;8.292;6.880;20.561;418;14.711;84,75%;0,16%;0;1
BRASIL CASH IP - PRUDENCIAL;1000087566;n4;NA;I;2;BARUERI;SP;03/2026;28.826;0;6.524;24.412;19.659;4.415;-743;1.058;1,40%;NA%;1;0
COOPERATIVA DE ECONOMIA E CRÉDITO MÚTUO DOS FUNCIONÁRIOS DA TETRA PAK;67341487;b3S;S5;I;2;MONTE MOR;SP;03/2026;28.528;17.631;9.815;498;0;28.030;1.198;28.012;111,39%;0,03%;0;0
CREBEL - COOPERATIVA DE ECONOMIA E CRÉDITO MÚTUO DOS COLABORADORES DAS EMPRESAS BELGO BEKAERT - CREBEL LTDA.;23241540;b3S;S5;I;2;CONTAGEM;MG;03/2026;28.395;9.289;19.055;2.187;0;26.208;890;26.207;96,15%;0,03%;0;0
LINA IP - PRUDENCIAL;1000087322;n4;NA;I;2;SAO PAULO;SP;03/2026;28.345;0;17.321;1.601;0;26.744;-845;-4.201;-59,11%;NA%;1;0
MR S.A IP - PRUDENCIAL;1000088709;n4;NA;I;2;SAO PAULO;SP;03/2026;28.243;0;126;24.443;0;3.800;-327;3.800;12,32%;NA%;1;0
WE PAY OUT IP - PRUDENCIAL;1000086907;n4;NA;I;2;CURITIBA;PR;03/2026;28.193;0;441;26.369;14.398;1.824;-573;1.830;15,09%;NA%;1;0
COOPERATIVA DE CRÉDITO DOS MAGISTRADOS DO ESTADO DO RIO DE JANEIRO LTDA. - MAGICREDI-RJ;5040680;b3S;S5;I;2;RIO DE JANEIRO;RJ;03/2026;28.073;18.909;8.565;17.032;16.091;11.042;157;11.066;65,01%;1,05%;0;2
BROKER BRASIL CC LTDA. - PRUDENCIAL;1000082372;n2;S4;I;2;SAO PAULO;SP;03/2026;27.809;0;13.247;16.215;0;11.595;595;11.575;26,19%;2,38%;2;0
COOPERATIVA DE ECONOMIA E CRÉDITO MÚTUO DOS COLABORADORES DO GRUPO EMPRESARIAL A COSTA LTDA.;20062766;b3S;S5;I;2;VISCONDE DO RIO BRANCO;MG;03/2026;27.506;12.422;5.356;4.862;2.087;22.644;424;22.771;125,12%;0,47%;0;1
AGK CC S.A. - PRUDENCIAL;1000082035;n2;S4;I;2;SAO PAULO;SP;03/2026;27.416;0;3.896;19.817;0;7.599;574;7.598;14,55%;10,02%;2;0
OSLO CAPITAL DTVM S.A. - PRUDENCIAL;1000084253;n2;S4;I;2;SAO PAULO;SP;03/2026;27.157;0;5.466;16.076;6.650;11.082;-1.409;8.758;17,39%;11,91%;2;0
WOOVI IP - PRUDENCIAL;1000088118;n4;NA;I;2;SAO PAULO;SP;03/2026;26.667;0;9;45.170;44.708;-18.504;-25.712;-19.504;-91,06%;NA%;1;0
COOPERATIVA DE CRÉDITO MÚTUO DOS SERVIDORES DA ASSEMBLEIA LEGISLATIVA DO ESTADO DE SÃO PAULO - COOPERALESP;4791645;b3S;S5;I;2;SAO PAULO;SP;03/2026;26.196;22.931;3.209;1.034;0;25.162;855;25.160;115,89%;0,03%;0;0
INICIADOR IP - PRUDENCIAL;1000086756;n4;NA;I;2;SAO PAULO;SP;03/2026;25.614;0;15.372;2.015;0;23.599;683;636;3,21%;NA%;1;0
UNAVANTI SCD - PRUDENCIAL;1000085740;n1;S5;I;2;MARINGA;PR;03/2026;25.538;2.732;0;18.441;15.994;7.097;114;7.096;75,04%;2,31%;2;0
COOPERATIVA DE ECONOMIA E CRÉDITO MÚTUO DOS EMPREGADOS DAS EMPRESAS METALÚRGICAS DE MATÃO - METALCOOPERCRED;53505681;b3S;S5;I;2;MATAO;SP;03/2026;24.860;16.463;5.326;3.953;2.009;20.908;139;17.660;99,01%;1,64%;0;0
MW IP - PRUDENCIAL;1000087968;n4;NA;I;2;JOINVILLE;SC;03/2026;24.837;0;20;15.748;11.460;9.088;3.309;9.068;6,10%;NA%;1;0
COOPERATIVA DE CRÉDITO COOPAÇO LTDA.;17314501;b3S;S5;I;2;OURO BRANCO;MG;03/2026;24.651;6.535;16.917;3.899;0;20.752;531;20.750;86,11%;3,25%;0;0
COOPERATIVA DE ECONOMIA E CRÉDITO MÚTUO DOS EMPREGADOS DA COMPANHIA BRASILEIRA DE ALUMÍNIO;54335401;b3S;S5;I;2;ALUMINIO;SP;03/2026;24.389;10.265;12.804;1.217;49;23.172;198;NI;NI%;3,26%;0;0
CREDISIS COOPESA - COOPERATIVA DE ECONOMIA E CRÉDITO;6975532;b3S;S5;I;2;PORTO ALEGRE;RS;03/2026;24.278;10.613;497;14.844;10.492;9.434;-300;9.434;61,90%;3,27%;0;0
COOPERATIVA DE ECONOMIA E CRÉDITO MÚTUO DOS EMPREGADOS DAS EMPRESAS CONTROLADAS E COLIGADAS DA USINA SANTA ADELIA - USAGRO;68969625;b3S;S5;I;2;JABOTICABAL;SP;03/2026;24.041;13.139;10.090;3.344;1.637;20.697;516;17.367;109,45%;0,87%;0;0
COOPERATIVA DE ECONOMIA E CRÉDITO MÚTUO DOS FUNCIONÁRIOS DA VILLARES METALS;53846242;b3S;S5;I;2;SUMARE;SP;03/2026;23.647;19.402;3.282;239;0;23.409;724;23.391;120,91%;0,04%;0;0
COOPERATIVA DE ECONOMIA E CRÉDITO MÚTUO DOS SERVIDORES DA PREFEITURA MUNICIPAL DE ORLÂNDIA - CRED SERV;946465;b3S;S5;I;2;ORLANDIA;SP;03/2026;23.441;17.877;4.210;1.405;1.001;22.036;499;18.284;115,04%;0,31%;0;0
AG. FOMENTO ESTADO DE RORAIMA - PRUDENCIAL;1000081036;n1;S4;I;1;BOA VISTA;RR;03/2026;23.045;2.517;19.132;2.250;1.197;20.795;493;21.463;82,61%;2,28%;2;0
COOPERATIVA DE ECONOMIA E CRÉDITO MÚTUO DOS FUNCIONÁRIOS DO GRUPO OWENS-ILLINOIS DO BRASIL;43182278;b3S;S5;I;2;SAO PAULO;SP;03/2026;23.030;6.511;15.710;852;0;22.179;628;22.161;99,32%;0,06%;0;0
GLOBAL EXCHANGE CC - PRUDENCIAL;1000084435;n2;S4;I;3;RIO DE JANEIRO;RJ;03/2026;22.797;0;8.231;2.744;0;20.053;477;14.813;9,08%;13,47%;16;0
COOPERATIVA DE ECONOMIA E CRÉDITO MÚTUO DOS FUNCIONÁRIOS DO GRUPO JAL LTDA.;5548335;b3S;S5;I;2;SAO JOAO DE MERITI;RJ;03/2026;22.291;5.254;6.467;3.588;0;18.703;376;18.693;102,64%;19,31%;0;0
COLUNA S.A. DTVM - PRUDENCIAL;1000083728;n2;S4;I;2;RIO DE JANEIRO;RJ;03/2026;21.997;0;0;16.542;76;5.455;-2.680;5.455;8,28%;23,23%;2;0
COPERCRED - COOPERATIVA DE ECONOMIA E CRÉDITO MÚTUO DOS EMPREGADOS DAS EMPRESAS ZILLO LORENZETTI;58022195;b3S;S5;I;2;LENCOIS PAULISTA;SP;03/2026;21.778;7.803;11.456;5.022;3.809;16.756;-19;13.025;115,36%;1,10%;0;1
MÉRITO DTVM - PRUDENCIAL;1000085874;n1;S4;C;2;SAO PAULO;SP;03/2026;21.619;5.586;11.071;8.485;7.831;13.133;477;13.133;89,84%;0,36%;4;0
ASPENFIN-BR SCMEPP LTDA. - PRUDENCIAL;1000083058;n1;S5;I;2;PORTO ALEGRE;RS;03/2026;21.563;13.352;417;9.110;0;12.453;1.301;12.435;63,03%;1,13%;2;0
COOPERATIVA DE CRÉDITO DOS EMPREGADOS DA MINERAÇÃO RIO DO NORTE;4998845;b3S;S5;I;2;ORIXIMINA;PA;03/2026;21.556;13.754;6.676;445;0;21.111;427;21.091;114,82%;0,96%;0;0
CONPAY IP - PRUDENCIAL;1000088417;n4;NA;I;2;JOAO PESSOA;PB;03/2026;20.823;0;5.774;12.570;8.262;8.252;706;8.235;36,78%;NA%;1;0
SOCIAL BANK BANCO MULTIPLO - PRUDENCIAL;1000081641;b1;S4;I;2;SALVADOR;BA;03/2026;20.748;3.256;0;1.430;1.346;19.317;-10;17.734;233,22%;0,08%;1;0
WEALTH HIGH GOVERNANCE DTVM - PRUDENCIAL;1000087229;n2;S5;I;2;SAO PAULO;SP;03/2026;20.184;0;14.668;2.885;0;17.299;5.503;17.299;47,38%;11,38%;2;0
FARMTECH SCD - PRUDENCIAL;1000085032;n1;S5;I;2;SAO PAULO;SP;03/2026;20.178;0;7.308;7.143;0;13.035;388;13.035;276,88%;0,00%;2;0
COOPERATIVA DE CRÉDITO DOS SERVIDORES PÚBLICOS MUNICIPAIS DA GRANDE VITÓRIA/ES;1235921;b3S;S5;I;2;VITORIA;ES;03/2026;20.092;12.871;4.452;2.610;1;17.482;178;17.445;98,54%;12,03%;0;1
COOPERATIVA DE CRÉDITO DOS EMPREGADOS DE ELEVADORES ATLAS;43730498;b3S;S5;I;2;SAO PAULO;SP;03/2026;20.000;12.501;1.855;1.116;0;18.884;473;18.884;132,65%;0,05%;0;0
WNT CAPITAL DTVM - PRUDENCIAL;1000086392;n2;S4;I;2;SAO PAULO;SP;03/2026;19.967;0;11.628;7.725;6.916;12.242;324;12.055;206,24%;0,28%;2;0
COOPERATIVA DE ECONOMIA E CRÉDITO MÚTUO DOS SERVIDORES PÚBLICOS MUNICIPAIS EM JOÃO MONLEVADE LTDA. - COPREMON;18310649;b3S;S5;I;2;JOAO MONLEVADE;MG;03/2026;19.627;14.936;3.780;1.232;0;18.394;530;18.394;109,10%;0,17%;0;0
COOPERATIVA DE ECONOMIA E CRÉDITO MÚTUO DOS FUNCIONÁRIOS DA TICKET SERVIÇOS COMÉRCIO E ADMINISTRAÇÃO;57440521;b3S;S5;I;2;SAO PAULO;SP;03/2026;19.617;3.376;14.808;4.111;0;15.506;412;15.506;79,40%;0,18%;0;0
COOPERATIVA DE CREDITO RURAL DE GUACUI - CREDIGUAÇUÍ;32422628;b3S;S5;I;2;GUACUI;ES;03/2026;19.522;5.482;12.147;9.507;7.074;10.015;294;9.951;52,97%;2,27%;0;0
COOPERATIVA DE ECONOMIA E CRÉDITO MÚTUO DOS COLABORADORES DA CEBRACE;53184438;b3S;S5;I;2;JACAREI;SP;03/2026;19.517;16.344;3.025;311;0;19.206;427;19.205;117,02%;0,22%;0;2
A55 SCD - PRUDENCIAL;1000086512;n1;S5;I;2;SAO PAULO;SP;03/2026;19.500;530;2.481;7.895;4.843;11.605;2.184;NI;NI%;NI%;2;0
PROTOTYPE IP - PRUDENCIAL;1000088431;n4;NA;I;2;SAO PAULO;SP;03/2026;19.419;0;11.659;11.502;6.256;7.918;-509;7.888;12,04%;NA%;1;0
COOPERATIVA DE ECONOMIA E CREDITO MUTUO DOS EMPREGADOS DE CHOCOLATES GAROTO LTDA. - CREDI-GAROTO;30949267;b3S;S5;I;2;VILA VELHA;ES;03/2026;19.199;7.856;9.324;16.266;15.559;2.934;0;2.826;30,25%;14,93%;0;0
HEDGE INVESTMENTS - PRUDENCIAL;1000083986;n2;S4;I;2;SAO PAULO;SP;03/2026;19.113;0;10.573;5.005;157;14.108;805;14.108;29,74%;12,21%;2;0
TORRA SCD - PRUDENCIAL;1000088321;n1;S5;I;2;SAO PAULO;SP;03/2026;19.061;0;18.650;407;0;18.654;412;18.640;3.954,56%;0,00%;2;0
COOPERATIVA DE ECONOMIA E CRÉDITO MÚTUO DOS EMPREGADOS DA CEMIG E DAS INDÚSTRIAS METALÚRGICAS E DE MATERIAL ELÉTRICO E DOS SERVIDORES PÚBLICOS MUNICIPAIS DE JUIZ DE FORA LTDA. - SICOOB CECREMEC;17502881;b3S;S5;I;2;BELO HORIZONTE;MG;03/2026;18.826;7.676;1.572;9.445;8.250;9.380;-205;8.441;61,68%;4,24%;0;0
COOPERATIVA DE ECONOMIA E CRÉDÍTO MÚTUO DOS FUNCIONÁRIOS DA MWM TUPY DO BRASIL;59620708;b3S;S5;I;2;SAO PAULO;SP;03/2026;18.757;13.739;4.157;1.451;0;17.306;473;17.287;110,91%;0,02%;0;0
FAMILIA PAULISTA CI S.A. - PRUDENCIAL;1000083429;n1;S5;I;2;SANTOS;SP;03/2026;18.737;107;8.218;8.543;0;10.194;13;10.194;75,09%;5,69%;2;0
BONUSPAGO SCD - PRUDENCIAL;1000085128;n1;S5;I;2;CASCAVEL;PR;03/2026;18.628;1.338;1.493;11.896;10.464;6.732;446;6.732;90,40%;0,35%;2;0
COOPERATIVA DE ECONOMIA E CRÉDITO MÚTUO DOS EMPREGADOS DA UNIÃO MARISTA DO BRASIL E SUAS ASSOCIADAS, PROVÍNCIA MARISTA BRASIL CENTRO-NORTE E UNIÃO BRASILEIRA DE EDUCAÇÃO CATÓLICA.;2588819;b3S;S5;I;2;BELO HORIZONTE;MG;03/2026;18.560;9.756;8.504;2.761;0;15.799;237;15.799;93,81%;0,91%;0;0
UP.P SEP - PRUDENCIAL;1000085087;n1;S5;I;2;SAO PAULO;SP;03/2026;18.458;0;5.587;10.454;3.666;8.005;1.326;7.064;39,31%;7,15%;2;0
COOPERATIVA DE ECONOMIA E CRÉDITO MÚTUO DOS EMPREGADOS DO GRUPO SBF LTDA. - COOPER ATIVA SBF;2232228;b3S;S5;I;2;SAO PAULO;SP;03/2026;18.345;12.922;4.073;1.523;0;16.822;632;16.766;106,38%;0,03%;0;0
LIMINE TRUST DTVM  - PRUDENCIAL;1000084617;n2;S4;I;2;SAO PAULO;SP;03/2026;18.301;0;7.442;5.181;0;13.120;2.587;13.120;44,09%;1,29%;2;0
COOPERATIVA DE ECONOMIA E CRÉDITO MÚTUO DOS FUNCIONÁRIOS PÚBLICOS MUNICIPAIS DE ITAPIRA - CREDITA;2115870;b3S;S5;I;2;ITAPIRA;SP;03/2026;18.176;13.295;3.771;498;0;17.678;445;17.658;112,47%;0,13%;0;0
SISPAY IP - PRUDENCIAL;1000087528;n4;NA;I;2;SAO PAULO;SP;03/2026;17.919;0;5.451;14.557;9.259;3.362;275;3.362;35,67%;NA%;1;0
COOPERATIVA DE CRÉDITO MÚTUO DOS POLICIAIS FEDERAIS E SERVIDORES PÚBLICOS NO ESPÍRITO SANTO - CREDFEDERAL;2083914;b3S;S5;I;2;VILA VELHA;ES;03/2026;17.865;10.333;7.225;12.529;11.932;5.337;65;5.336;33,69%;0,11%;0;1
WASU IP - PRUDENCIAL;1000088280;n4;NA;I;2;BALNEARIO CAMBORIU;SC;03/2026;17.856;0;2.465;13.064;12.157;4.792;-442;1.791;24,04%;NA%;1;0
PARTNERBANK IP - PRUDENCIAL;1000087391;n4;NA;I;2;SAO PAULO;SP;03/2026;17.590;0;8.770;7.954;5.122;9.636;169;2.523;26,96%;NA%;1;0
BNK DIGITAL SCD - PRUDENCIAL;1000086031;n1;S5;I;2;SAO JOSE DO RIO PRETO;SP;03/2026;17.492;978;2.394;12.250;12.067;5.242;140;2.093;44,25%;2,52%;2;0
COOPERATIVA DE ECONOMIA E CRÉDITO MÚTUO DOS EMPREGADOS DO SISTEMA FIERGS - CRESUL;92675578;b3S;S5;I;2;PORTO ALEGRE;RS;03/2026;17.462;10.450;0;774;0;16.688;557;16.688;142,10%;0,10%;0;0
COOPERATIVA DE ECONOMIA E CRÉDITO MÚTUO DOS EMPREGADOS DA SAMARCO MINERAÇÃO S.A. LTDA - CREDISAM;20622809;b3S;S5;I;2;BELO HORIZONTE;MG;03/2026;17.427;7.389;9.783;765;0;16.662;361;16.544;147,28%;0,00%;0;0
AG. FOMENTO AMAPA S.A. - PRUDENCIAL;1000081098;n1;S4;I;1;MACAPA;AP;03/2026;17.388;12.401;1.495;5.281;3.101;12.107;225;12.005;68,34%;2,13%;2;0
OPPORTUNITY - PRUDENCIAL;1000080518;n2;S4;I;2;RIO DE JANEIRO;RJ;03/2026;17.356;0;12.014;2.272;0;15.084;1.400;15.084;8,49%;13,16%;3;0
COOPERATIVA DE CRÉDITO DOS SERVIDORES PÚBLICOS MUNICIPAIS DE TIMÓTEO LTDA. - COOPERTIM;20833976;b3S;S5;I;2;TIMOTEO;MG;03/2026;17.248;13.436;0;1.073;0;16.175;52;NI;NI%;NI%;0;0
CONECTA CC LTDA - PRUDENCIAL;1000082406;n2;S5;I;2;SAO PAULO;SP;03/2026;17.133;0;0;13.910;0;3.223;-562;3.198;12,77%;1,84%;2;0
UZZIPAY IP - PRUDENCIAL;1000086763;n4;NA;I;2;PORTO VELHO;RO;03/2026;17.129;0;0;9.464;4.208;7.665;-388;2.560;18,47%;NA%;1;0
COOPERATIVA DE CRÉDITO COOPHARMA;2814832;b3S;S5;I;2;SAO PAULO;SP;03/2026;17.019;11.458;4.670;231;0;16.788;322;16.772;113,14%;0,04%;0;0
V3 IP - PRUDENCIAL;1000088644;n4;NA;I;2;FORTALEZA;CE;03/2026;16.891;0;262;10.591;6.755;6.301;817;6.301;43,52%;NA%;1;0
COOPERATIVA DE ECONOMIA E CREDITO MUTUO DOS SERVIDORES DA COMLURB LTDA;29341260;b3S;S5;I;2;RIO DE JANEIRO;RJ;03/2026;16.421;1.920;9.921;1.328;0;15.094;433;15.094;103,22%;0,60%;0;0
COOPERATIVA DE ECONOMIA E CRÉDITO MÚTUO DOS SERVIDORES MUNICIPAIS DE POÇOS DE CALDAS LTDA. - COOPOÇOS;41791005;b3S;S5;I;2;POCOS DE CALDAS;MG;03/2026;16.418;12.945;1.387;3.944;1.042;12.474;-313;11.637;85,44%;0,67%;0;0
COOPERATIVA DE CRÉDITO E SERVIÇOS FINANCEIROS DE CURITIBA E REGIÃO METROPOLITANA;5097757;b3S;S5;I;2;CURITIBA;PR;03/2026;16.324;12.434;229;8.719;8.418;7.605;-514;7.627;60,32%;3,05%;0;1
FACEBOOK INSTITUICAO PAGAMENTO - PRUDENCIAL;1000085692;n4;NA;I;3;SAO PAULO;SP;03/2026;16.318;0;4.427;3.001;0;13.316;359;NI;NI%;NA%;1;0
GALLERIA SCD - PRUDENCIAL;1000087078;n1;S5;I;2;VOTORANTIM;SP;03/2026;16.284;0;6.702;7.998;0;8.286;1.099;8.286;23,10%;0,11%;2;0
RJI CTVM - PRUDENCIAL;1000082798;n2;S4;I;2;RIO DE JANEIRO;RJ;03/2026;16.260;0;6.581;4.717;1.351;11.542;106;11.536;17,01%;3,44%;3;0
HARMOS SCFI - PRUDENCIAL;1000088352;n1;S4;I;2;SAO PAULO;SP;03/2026;16.254;117;13.452;1.953;1.436;14.301;-1.447;14.301;3.342,78%;NI%;2;0
OZ CC - PRUDENCIAL;1000081892;n2;S4;I;2;SAO PAULO;SP;03/2026;16.107;0;3;11.583;0;4.524;339;4.376;11,37%;6,79%;2;0
COOPERATIVA DE ECONOMIA E CRÉDITO MÚTUO DOS FUNCIONÁRIOS DA ASTRAZENECA DO BRASIL;1288797;b3S;S5;I;2;COTIA;SP;03/2026;15.950;10.618;5.328;329;0;15.622;342;15.622;110,82%;0,00%;0;0
ATF SCD - PRUDENCIAL;1000085915;n1;S5;I;2;PORTO ALEGRE;RS;03/2026;15.943;591;0;5.253;3.494;10.689;450;7.601;176,45%;1,24%;2;0
EWALLY IP - PRUDENCIAL;1000086495;n4;NA;I;2;SAO PAULO;SP;03/2026;15.748;0;141;7.427;5.177;8.321;-2.440;-2.682;-71,02%;NA%;1;0
SER FINANCE SCD - PRUDENCIAL;1000086378;n1;S5;I;2;RECIFE;PE;03/2026;15.740;3.357;0;9.558;8.129;6.182;-8.442;6.182;97,64%;10,16%;2;0
SUDACRED SCD - PRUDENCIAL;1000084428;n1;S5;I;2;CURITIBA;PR;03/2026;15.736;12.063;266;4.147;79;11.590;-20;11.590;71,98%;0,00%;2;0
COOPERATIVA DE ECONOMIA E CREDITO MUTUO DOS EMPREGADOS DE ELEVADORES ATLAS SCHINDLER LTDA.;42107706;b3S;S5;I;2;RIO DE JANEIRO;RJ;03/2026;15.567;11.145;1.814;1.028;0;14.540;518;14.540;115,66%;0,03%;0;0
COOPERATIVA DE ECONOMIA E CRÉDITO MÚTUO DOS EMPREGADOS DO GRUPO BAYER E EMPRESAS QUÍMICAS E FARMACÊUTICAS DO ESTADO DO RIO DE JANEIRO LTDA.;73631483;b3S;S5;I;2;BELFORD ROXO;RJ;03/2026;15.560;7.425;5.465;984;0;14.576;352;14.576;112,69%;0,04%;0;0
BEETELLERPAY IP - PRUDENCIAL;1000086718;n4;NA;I;2;CAMPO GRANDE;MS;03/2026;15.375;0;4.144;5.849;5.387;9.526;1.422;9.526;215,64%;NA%;1;0
COOPERATIVA DE ECONOMIA E CRÉDITO MÚTUO DOS APOSENTADOS, PENSIONISTAS E IDOSOS - SICOOB COOPERNAPI;16564240;b3S;S5;I;2;SAO PAULO;SP;03/2026;15.218;11.006;3.461;13.322;13.153;1.896;-313;1.219;11,66%;3,37%;0;15
LABOR CC - PRUDENCIAL;1000082073;n2;S5;I;2;RECIFE;PE;03/2026;14.971;0;800;7.955;0;7.015;-246;6.840;27,35%;0,48%;13;0
COOPERATIVA DE ECONOMIA E CRÉDITO MÚTUO DOS EMPREGADOS DA NOVELIS;57545436;b3S;S5;I;2;SANTO ANDRE;SP;03/2026;14.867;8.809;5.402;878;0;13.989;25;11.030;116,47%;0,05%;0;0
COOPERATIVA DE ECONOMIA E CRÉDITO MÚTUO DOS  EMPREGADOS DA TUPY MINAS GERAIS LTDA. E NEMAK ALUMÍNIO DO BRASIL LTDA.;4249235;b3S;S5;I;2;BETIM;MG;03/2026;14.730;4.895;9.818;531;0;14.198;315;14.229;99,84%;0,02%;0;0
CC AÇORIANA LTDA. - PRUDENCIAL;1000082341;n2;S5;I;2;MANAUS;AM;03/2026;14.416;0;1.137;11.676;0;2.740;143;2.739;27,12%;0,42%;2;0
FOURTRADE COR. DE CAMBIO LTDA - PRUDENCIAL;1000081957;n2;S4;I;2;RIO DE JANEIRO;RJ;03/2026;14.200;0;0;10.037;0;4.164;170;4.164;9,94%;4,34%;3;0
PAGARE IP - PRUDENCIAL;1000087607;n4;NA;C;2;SAO PAULO;SP;03/2026;14.116;313;0;10.037;1.605;4.078;-1.520;2.084;27,41%;NA%;1;0
COOPERATIVA DE ECONOMIA E CRÉDITO MÚTUO DOS SERVIDORES MUNICIPAIS DE ITABIRA LTDA. - SICOOB COSEMI;16651002;b3S;S5;I;2;ITABIRA;MG;03/2026;13.996;11.076;1.631;4.760;2.606;9.237;-32;8.458;78,53%;0,31%;0;0
COOPERATIVA DE ECONOMIA E CRÉDITO MÚTUO DOS SERVIDORES PÚBLICOS DOS PODERES EXECUTIVOS NO ESTADO DO ESPÍRITO SANTO;3639902;b3S;S5;I;2;VITORIA;ES;03/2026;13.906;5.846;5.250;1.307;314;12.600;102;12.599;94,98%;2,62%;0;0
RIO BRAVO INVESTIMENTOS DTVM - PRUDENCIAL;1000087975;n2;S4;I;3;SAO PAULO;SP;03/2026;13.865;0;6.146;5.880;2.968;7.985;-183;7.605;16,32%;50,12%;2;0
ZM SCD PRUDENCIAL;1000086828;n1;S5;I;2;AGUAS LINDAS DE GOIAS;GO;03/2026;13.783;8.318;4.787;1.100;0;12.683;889;NI;NI%;NI%;2;0
INTEGRAL ACCESS DTVM - PRUDENCIAL;1000085049;n2;S4;I;2;SAO PAULO;SP;03/2026;13.771;0;538;13.085;0;686;63;686;30,93%;2,04%;2;0
INVEST CC - PRUDENCIAL;1000082396;n2;S5;I;2;PORTO ALEGRE;RS;03/2026;13.615;0;27;6.766;0;6.849;45;6.822;17,95%;22,63%;2;0
COOPERATIVA DE ECONOMIA E CRÉDITO MÚTUO DOS SERVIDORES PÚBLICOS DA REGIÃO METROPOLITANA DE BELÉM - CREDISIS CREDBEM METROPOLITANA;991739;b3S;S5;I;2;BELEM;PA;03/2026;13.459;9.094;1.693;1.519;0;11.940;-12;11.935;112,37%;2,48%;0;0
COOPERATIVA DE ECONOMIA E CRÉDITO MÚTUO DOS MEMBROS DO MINISTÉRIO PÚBLICO DE SÃO PAULO - PROMOCRED;4478231;b3S;S5;I;2;SAO PAULO;SP;03/2026;13.366;5.500;7.236;963;0;12.403;209;12.397;98,26%;4,45%;0;0
A27 IP - PRUDENCIAL;1000087504;n4;NA;I;2;FLORES DA CUNHA;RS;03/2026;13.107;0;7.548;7.826;7.804;5.282;100;3.914;37,23%;NA%;1;0
COOPERATIVA DE ECONOMIA E CRÉDITO MÚTUO DOS EMPREGADOS DA CONFAB;59305565;b3S;S5;I;2;PINDAMONHANGABA;SP;03/2026;12.897;8.949;3.851;275;0;12.622;330;12.595;112,88%;0,00%;0;0
INTERCAM CC LTDA - PRUDENCIAL;1000081926;n2;S4;I;2;SAO PAULO;SP;03/2026;12.628;0;6.223;8.535;0;4.093;-107;3.878;9,99%;8,30%;2;0
DILLON S/A DTVM - PRUDENCIAL;1000083807;n2;S4;I;2;RIO DE JANEIRO;RJ;03/2026;12.587;0;6.394;4.048;1.800;8.539;-70;8.539;85,66%;47,42%;3;0
COOPERATIVA DE ECONOMIA E CRÉDITO MÚTUO DOS FUNCIONÁRIOS DO GRUPO COMOLATTI - SÃO PAULO;47196084;b3S;S5;I;2;SAO PAULO;SP;03/2026;12.452;6.613;5.397;1.201;0;11.251;349;11.251;101,52%;0,00%;0;0
COOPERATIVA DE ECONOMIA E CRÉDITO MÚTUO DOS PETROLEIROS NO ESTADO DE MINAS GERAIS LTDA. - COPETRO;26758433;b3S;S5;I;2;BELO HORIZONTE;MG;03/2026;12.380;10.936;269;1.752;0;10.628;-829;10.597;109,55%;NI%;0;0
COOPERATIVA DE CRÉDITO MÚTUO DOS EMPREGADOS DA SKF E COLIGADAS;49091119;b3S;S5;I;2;CAJAMAR;SP;03/2026;12.297;7.238;5.056;191;0;12.106;457;12.089;107,82%;0,00%;0;0
PAY BROKERS IP - PRUDENCIAL;1000087762;n4;NA;I;2;CURITIBA;PR;03/2026;12.065;0;1.675;6.799;598;5.266;-208;5.266;63,29%;NA%;1;0
DELTA GLOBAL SCD - PRUDENCIAL;1000087937;n1;S4;I;2;SAO PAULO;SP;03/2026;12.002;11.188;353;4.788;185;7.214;1.485;7.214;41,28%;0,80%;2;0
AMARIL FRANKLIN CTV LTDA - PRUDENCIAL;1000082516;n2;S4;I;2;BELO HORIZONTE;MG;03/2026;11.905;0;2.030;2.609;937;9.296;-165;7.281;68,73%;7,83%;2;0
ONCRED SCD - PRUDENCIAL;1000086000;n1;S5;I;2;SAO CAETANO DO SUL;SP;03/2026;11.794;1.876;7.702;1.998;0;9.797;-526;10.477;96,87%;0,00%;2;0
COOPERATIVA DE ECONOMIA E CRÉDITO MÚTUO DOS FUNCIONÁRIOS DO FLEURY;71965313;b3S;S5;I;2;SAO PAULO;SP;03/2026;11.729;6.066;4.867;136;0;11.593;275;11.557;110,04%;0,23%;0;0
DAUX SCD - PRUDENCIAL;1000084992;n1;S5;I;2;LINS;SP;03/2026;11.715;9.063;2.527;1.132;0;10.582;500;10.545;103,15%;0,00%;2;0
COOPERATIVA DE ECONOMIA E CREDITO MUTUO DOS SERVIDORES ESTATUTARIOS DA ADMINISTRAÇÃO DIRETA DO ESTADO DO ESPIRITO SANTO - COOPSERVIDOR ES;2475222;b3S;S5;I;2;VITORIA;ES;03/2026;11.650;8.903;761;4.803;3.297;6.847;21;6.769;70,97%;2,09%;0;0
COOPERATIVA DE ECONOMIA E CRÉDITO MÚTUO DOS FUNCIONÁRIOS DA BOMBRIL;57038408;b3S;S5;I;2;SAO BERNARDO DO CAMPO;SP;03/2026;11.587;10.423;1.119;944;0;10.643;230;10.626;111,11%;0,09%;0;0
CREDJUST - COOPERATIVA DE CRÉDITO MÚTUO DOS INTEGRANTES DA JUSTIÇA DO TRABALHO DA 13- REGIÃO LTDA.;4608925;b3S;S5;I;2;JOAO PESSOA;PB;03/2026;11.539;9.474;1.179;4.518;3.964;7.021;25;7.010;76,71%;1,84%;0;1
INSTITUIÇÃO DE PAGAMENTOS MAPS - PRUDENCIAL;1000087308;n4;NA;I;2;SAO PAULO;SP;03/2026;11.275;0;236;6.146;4.782;5.130;-668;4.220;292,92%;NA%;1;0
TRADERS DTVM - PRUDENCIAL;1000083845;n2;S4;I;2;SAO PAULO;SP;03/2026;11.174;0;8.703;777;0;10.397;-5.346;10.397;113,92%;0,00%;2;0
COOPERATIVA DE ECONOMIA E CRÉDITO MÚTUO DOS EMPREGADOS DA JOYSON SAFETY SYSTEMS - COOPERJSS;47944277;b3S;S5;I;2;JUNDIAI;SP;03/2026;11.039;112;16;2.315;0;8.724;-317;8.708;74,61%;0,00%;0;0
KIWIFY IP - PRUDENCIAL;1000088266;n4;NA;I;2;BALNEARIO CAMBORIU;SC;03/2026;11.030;0;9.391;758;470;10.272;-345;10.262;301,10%;NA%;1;0
COOPERATIVA DE CRÉDITO MÚTUO DOS EMPREGADOS DA PILKINGTON BRASIL;2104058;b3S;S5;I;2;CACAPAVA;SP;03/2026;10.944;7.724;2.763;324;0;10.620;289;10.603;114,13%;0,09%;0;0
KIKAI SCD PRUDENCIAL;1000085836;n1;S4;I;2;BARUERI;SP;03/2026;10.929;0;273;5.466;4.887;5.463;-427;NI;NI%;NI%;2;0
COOPERATIVA DE CRÉDITO RURAL DOS PLANTADORES DE CANA DA REGIÃO DE IGARAPAVA;52623311;b3S;S5;I;2;IGARAPAVA;SP;03/2026;10.862;6.432;0;1.684;0;9.178;94;9.178;136,28%;1,06%;0;0
MULTICRED SCD - PRUDENCIAL;1000085355;n1;S5;I;2;SALVADOR;BA;03/2026;10.584;5.624;4.216;512;0;10.071;577;10.065;131,89%;0,09%;2;0
PAYFACE IP - PRUDENCIAL;1000088132;n4;NA;I;2;FLORIANOPOLIS;SC;03/2026;10.483;0;7.701;1.999;0;8.484;-2.929;NI;NI%;NA%;1;0
COOPERATIVA DE ECONOMIA E CRÉDITO MÚTUO DOS FABRICANTES DE CALÇADOS DE SAPIRANGA LTDA.;5841967;b3S;S5;I;2;SAPIRANGA;RS;03/2026;10.464;6.576;573;4.609;3.642;5.855;-104;3.955;60,29%;1,31%;0;0
SCB CRÉDITO SCMEPP - PRUDENCIAL;1000083230;n1;S5;I;2;FORTALEZA;CE;03/2026;10.341;8.272;0;6.604;0;3.737;415;3.737;44,12%;2,92%;2;0
ZIPDIN SCD - PRUDENCIAL;1000085221;n1;S5;I;2;SAO PAULO;SP;03/2026;10.282;434;0;7.377;0;2.905;80;2.905;19,00%;0,91%;2;0
COOPERATIVA DE ECONOMIA E CRÉDITO MÚTUO DOS FUNCIONÁRIOS DA ELGIN;45045671;b3S;S5;I;2;MOGI DAS CRUZES;SP;03/2026;10.137;6.318;3.285;657;0;9.480;169;7.988;123,23%;0,18%;0;0
HSCM SCMEPP LTDA. - PRUDENCIAL;1000083089;n1;S5;I;2;IBIA;MG;03/2026;10.118;6.783;428;2.178;0;7.940;289;NI;NI%;NI%;2;0
LEVYCAM CCV LTDA - PRUDENCIAL;1000082592;n2;S4;I;2;SAO PAULO;SP;03/2026;9.967;0;0;6.876;0;3.091;60;3.089;14,94%;1,69%;4;0
COOPERATIVA DE ECONOMIA E CRÉDITO MÚTUO DOS SERVIDORES DA SECRETARIA DE DEFESA SOCIAL DO ESTADO DE MINAS GERAIS LTDA. - COOPSESP;5746715;b3S;S5;I;2;BELO HORIZONTE;MG;03/2026;9.912;3.926;5.552;727;0;9.184;36;9.184;98,72%;1,60%;0;0
G5 SCD - PRUDENCIAL;1000087047;n1;S5;I;2;SAO JOSE;SC;03/2026;9.877;4.275;225;804;790;9.073;-111;9.062;222,60%;0,02%;2;0
SOCIALCRED S/A SCMEPP - PRUDENCIAL;1000083027;n1;S5;I;2;RIO DE JANEIRO;RJ;03/2026;9.831;9.354;0;155;0;9.676;-13;5.186;62,08%;5,79%;2;0
EXIM CC LTDA - PRUDENCIAL;1000082217;n2;S4;I;2;PORTO ALEGRE;RS;03/2026;9.792;0;0;9.076;0;716;-181;716;8,03%;30,90%;2;0
APROMS NET IP - PRUDENCIAL;1000087573;n4;NA;I;2;DOURADOS;MS;03/2026;9.745;2.402;5.076;2.688;0;7.057;-227;NI;NI%;NA%;1;0
BMS SCD - PRUDENCIAL;1000083333;n1;S5;I;2;FORTALEZA;CE;03/2026;9.690;2.733;1;4.204;1.957;5.486;380;NI;NI%;NI%;2;0
COOPERATIVA DE ECONOMIA E CRÉDITO MÚTUO DOS FUNCIONÁRIOS DA FACULDADE DE CIÊNCIAS AGRÁRIAS E VETERINÁRIAS - CAMPUS DE JABOTICABAL/SP - COOPERFAC;57259525;b3S;S5;I;2;JABOTICABAL;SP;03/2026;9.621;9.054;236;649;0;8.972;123;8.954;114,43%;0,31%;0;0
COOPERATIVA DE ECONOMIA E CRÉDITO MÚTUO DOS FUNCIONÁRIOS DO GRUPO AVIBRAS - COOPER AVIBRAS;43268960;b3S;S5;I;2;JACAREI;SP;03/2026;9.530;8.973;15;1.468;0;8.063;0;NI;NI%;NI%;0;0
COOPERATIVA DE CRÉDITO MÚTUO DOS SERVIDORES DA SEGURANÇA PÚBLICA DE SÃO PAULO - CREDIAFAM;4804353;b3S;S5;I;2;SAO PAULO;SP;03/2026;9.445;3.195;6.196;594;0;8.851;83;8.833;97,00%;0,22%;0;0
BARU SCFI - PRUDENCIAL;1000085805;n1;S4;C;2;PORTO ALEGRE;RS;03/2026;9.441;6.116;2.841;999;0;8.441;-365;8.441;52,06%;1,13%;4;0
COOPERATIVA DE ECONOMIA E CRÉDITO MÚTUO DOS SERVIDORES DO DISTRITO FEDERAL LTDA. - COOSERVCRED;778858;b3S;S5;I;2;BRASILIA;DF;03/2026;9.402;7.796;33;4.133;3.416;5.268;6;5.268;67,23%;8,82%;0;0
CRETOVALE - COOPERATIVA DE ECONOMIA E CRÉDITO MÚTUO DOS TRABALHADORES DA VALE;28145589;b3S;S5;I;2;VITORIA;ES;03/2026;9.323;1.775;7.239;1.587;0;7.736;96;7.736;80,37%;1,58%;0;1
COOPERATIVA DE CRÉDITO E INVESTIMENTO COM INTERAÇÃO SOLIDÁRIA DE TOLEDO E REGIÃO - CRESOL PRIMATO CREDI;53575491;b3S;S5;I;2;TOLEDO;PR;03/2026;9.164;689;1;8.555;8.229;609;3;609;18,26%;0,49%;0;2
LEV DTVM - PRUDENCIAL;1000086347;n2;S4;I;2;SAO PAULO;SP;03/2026;9.153;0;5.983;4.954;1.594;4.199;-853;4.119;21,34%;5,26%;2;0
ALL IN CRED SCD - PRUDENCIAL;1000087085;n1;S5;I;2;SAO PAULO;SP;03/2026;9.138;1.256;8;2.541;33;6.597;2.486;6.597;72,61%;NI%;2;0
COOPERATIVA DE ECONOMIA E CRÉDITO MÚTUO DOS TRABALHADORES NAS INDÚSTRIAS DE EXTRAÇÃO DE FERRO E METAIS BÁSICOS DA REGIÃO DE CONGONHAS LTDA. - COOFERSE;71384697;b3S;S5;I;2;CONGONHAS;MG;03/2026;9.116;6.618;1.732;859;0;8.257;35;8.257;105,54%;6,26%;0;0
LP DO BRASIL IP - PRUDENCIAL;1000088053;n4;NA;I;3;CAMPINAS;SP;03/2026;9.100;0;5.714;4.703;0;4.397;-101;NI;NI%;NA%;1;0
SETHI SCD - PRUDENCIAL;1000087016;n1;S5;I;2;FLORIANOPOLIS;SC;03/2026;9.086;8.006;387;228;0;8.858;406;12.438;187,39%;0,08%;2;0
NOSSA TERRA BRASIL COOPERATIVA DE CRÉDITO;49204605;b3S;S5;I;2;CAJATI;SP;03/2026;9.064;4.914;3.962;316;0;8.748;-35;5.661;107,72%;0,05%;0;0
COOPERATIVA DE ECONOMIA E CREDITO MUTUO DOS SERVIDORES DA EMPRESA BRASILEIRA DE CORREIOS E TELEGRAFOS LTDA;42100982;b3S;S5;I;2;RIO DE JANEIRO;RJ;03/2026;9.055;1.088;0;248;142;8.807;21;8.663;97,16%;43,76%;0;1
COOPERATIVA DE ECONOMIA E CRÉDITO MÚTUO ALIANÇA - COOPERNITRO;52935442;b3S;S5;I;2;SAO PAULO;SP;03/2026;9.031;6.084;2.871;185;0;8.846;169;8.827;110,62%;0,01%;0;0
HBI SCD - PRUDENCIAL;1000083041;n1;S5;I;2;LEOPOLDINA;MG;03/2026;9.026;2.355;0;3.352;3;5.674;1.948;5.674;56,73%;3,20%;2;0
GET MONEY CC - PRUDENCIAL;1000082255;n2;S5;I;2;SAO PAULO;SP;03/2026;8.929;12;436;1.585;0;7.345;-231;7.011;28,99%;5,74%;2;0
COOPERATIVA DE ECONOMIA E CRÉDITO MÚTUO DOS FUNCIONÁRIOS DA MORLAN - CRED MORLAN;731320;b3S;S5;I;2;ORLANDIA;SP;03/2026;8.882;7.952;336;227;0;8.655;292;8.650;117,73%;0,00%;0;0
MAGNUM SCD - PRUDENCIAL;1000085984;n1;S5;I;2;SAO PAULO;SP;03/2026;8.775;35;6.040;3.358;680;5.418;-655;-687;-75,19%;0,00%;2;0
NUMBRS SCD - PRUDENCIAL;1000085410;n1;S5;I;2;SAO PAULO;SP;03/2026;8.709;0;5.329;3.554;3.091;5.155;111;5.155;680,52%;0,00%;2;0
COOPERATIVA DE ECONOMIA E CRÉDITO MÚTUO DOS SERVIDORES DA FACULDADE DE ENGENHARIA DE ILHA SOLTEIRA - COOPERFEIS;96409263;b3S;S5;I;2;ILHA SOLTEIRA;SP;03/2026;8.673;6.425;2.212;155;0;8.519;205;8.501;114,42%;0,07%;0;0
SENSO CCVM S.A. - PRUDENCIAL;1000082750;n2;S4;I;2;RIO DE JANEIRO;RJ;03/2026;8.568;0;6.935;11.250;0;-2.682;-1.832;-2.867;NI%;NI%;2;0
GERU SCD - PRUDENCIAL;1000085290;n1;S5;I;3;RIO DE JANEIRO;RJ;03/2026;8.558;525;800;1.651;632;6.906;351;6.906;113,96%;NI%;2;0
SQUID SCD - PRUDENCIAL;1000087755;n1;S5;I;2;CAXIAS DO SUL;RS;03/2026;8.422;0;5.236;3.128;659;5.294;37;5.294;66,23%;0,00%;2;0
COOPERATIVA DE ECONOMIA E CRÉDITO MÚTUO DOS EMPREGADOS DO GRUPO TELEFÔNICA;57598120;b3S;S5;I;2;SAO PAULO;SP;03/2026;8.421;5.200;2.674;372;0;8.049;147;7.982;101,76%;0,74%;0;0
COOPERATIVA DE ECONOMIA E CRÉDITO MÚTUO DOS EMPREGADOS DA SAINT-GOBAIN DO BRASIL PRODUTOS INDUSTRIAIS E PARA CONSTRUÇÃO - DIVISÃO VIDRO PLANO;48140925;b3S;S5;I;2;MAUA;SP;03/2026;8.393;4.461;3.630;564;0;7.829;189;7.812;101,11%;0,04%;0;0
DGBK CREDIT SCD - PRUDENCIAL;1000086543;n1;S5;I;2;SALVADOR;BA;03/2026;8.364;6.049;108;2.236;1.897;6.128;-34;6.024;106,41%;0,10%;2;0
COOPSEBRAE - COOPERATIVA DE CRÉDITO MÚTUO DOS EMPREGADOS DO SEBRAE/PB, SEBRAE/RN, SESC/PB, SENAC/PB, SENAR/PB E FAEPA/PB;41219353;b3S;S5;I;2;JOAO PESSOA;PB;03/2026;8.263;4.044;3.941;3.280;2.499;4.983;130;NI;NI%;NI%;0;0
UNICRED DTVM - PRUDENCIAL;1000088187;n2;S4;I;2;PORTO ALEGRE;RS;03/2026;8.241;0;7.854;976;0;7.264;-294;7.264;77,32%;0,87%;1;0
COOPERATIVA DE ECONOMIA E CRÉDITO MÚTUO DOS FUNCIONÁRIOS DO GRUPO LORENZETTI;44905255;b3S;S5;I;2;SAO PAULO;SP;03/2026;8.184;2.415;4.989;396;0;7.788;30;7.788;103,51%;0,00%;0;0
FONTECRED SCD - PRUDENCIAL;1000084954;n1;S5;I;2;LAGOA DA PRATA;MG;03/2026;7.993;3.918;624;5.227;1.108;2.766;-817;2.766;19,39%;18,81%;2;0
GIRO SCD - PRUDENCIAL;1000085496;n1;S5;I;2;CURITIBA;PR;03/2026;7.830;0;1.381;6.437;0;1.393;-161;1.393;62,56%;0,00%;2;0
BCP SECURITIES DTVM - PRUDENCIAL;1000087418;n2;S4;I;3;RIO DE JANEIRO;RJ;03/2026;7.748;0;5.730;5.457;0;2.291;-553;565;23,91%;3,66%;2;0
TROCKA CC  - PRUDENCIAL;1000084796;n2;S4;I;2;RIO DE JANEIRO;RJ;03/2026;7.713;0;1.985;6.029;0;1.684;170;1.684;10,51%;31,73%;2;0
MAG IP - PRUDENCIAL;1000086385;n4;NA;I;2;RIO DE JANEIRO;RJ;03/2026;7.660;0;2.695;2.012;1.139;5.648;-525;-4.299;-286,63%;NA%;1;0
COOPERATIVA DE ECONOMIA E CRÉDITO MÚTUO DOS EMPREGADOS DA EATON;73077398;b3S;S5;I;2;VALINHOS;SP;03/2026;7.635;4.398;2.880;470;0;7.165;-35;4.814;110,14%;0,00%;0;1
COOPERATIVA DE ECONOMIA E CRÉDITO MÚTUO DOS FUNCIONÁRIOS DAS EMPRESAS DO GRUPO DANA - COOPDANA;91018408;b3S;S5;I;2;GRAVATAI;RS;03/2026;7.624;6.344;0;172;0;7.453;149;7.453;127,00%;0,01%;0;0
PENTAGONO S/A DTVM - PRUDENCIAL;1000083773;n2;S5;I;2;RIO DE JANEIRO;RJ;03/2026;7.584;0;6.304;2.600;0;4.983;1.696;4.977;20,18%;6,01%;3;0
COOPERATIVA DE ECONOMIA E CRÉDITO MÚTUO DOS EMPREGADOS DA MOSAIC FERTILIZANTES DE UBERABA - COPERURA LTDA.;17607375;b3S;S5;I;2;UBERABA;MG;03/2026;7.430;3.312;3.575;203;0;7.227;182;7.228;105,43%;2,28%;0;0
NIKOS DTVM - PRUDENCIAL;1000087621;n2;S4;I;2;RIO DE JANEIRO;RJ;03/2026;7.379;0;20;2.131;0;5.248;-1.069;3.694;35,57%;2,34%;2;0
ATICCA SCD PRUDENCIAL;1000085946;n1;S5;I;2;ARARAQUARA;SP;03/2026;7.377;3.838;0;1.696;1.622;5.681;108;5.681;124,90%;0,00%;2;0
COOPERATIVA DE ECONOMIA E CRÉDITO MÚTUO DOS FUNCIONÁRIOS DAS EMPRESAS DE CERÂMICA - COOPASPACER;2541707;b3S;S5;I;2;SANTA GERTRUDES;SP;03/2026;7.347;3.895;3.216;1.371;974;5.976;206;5.959;88,31%;0,34%;0;0
MAX IP - PRUDENCIAL;1000088211;n4;NA;I;2;PORTO ALEGRE;RS;03/2026;7.269;0;6.266;1.374;0;5.895;178;NI;NI%;NA%;1;0
MONETARIE SCD - PRUDENCIAL;1000085991;n1;S5;I;2;PORTO ALEGRE;RS;03/2026;7.206;916;0;2.191;1.157;5.016;671;4.648;113,60%;1,32%;2;0
BR-CAPITAL DTVM S.A. - PRUDENCIAL;1000083814;n2;S4;I;2;SAO PAULO;SP;03/2026;7.113;0;3.626;968;0;6.145;595;6.145;58,75%;9,69%;2;0
BFC SCD - PRUDENCIAL;1000087982;n1;S5;I;2;RECIFE;PE;03/2026;7.026;0;4.610;1.681;1.449;5.345;49;5.345;191,82%;0,15%;2;0
PERCAPITAL SCD - PRUDENCIAL;1000086426;n1;S5;I;2;CAMPO GRANDE;MS;03/2026;6.999;230;2.746;5.646;0;1.353;129;NI;NI%;NI%;2;0
COOPERATIVA DE ECONOMIA E CRÉDITO MÚTUO DOS EMPREGADOS DA MAGNESITA REFRATÁRIOS S.A. LTDA. - CECREM;913314;b3S;S5;I;2;CONTAGEM;MG;03/2026;6.958;1.698;4.853;481;0;6.476;94;6.477;94,13%;0,08%;0;0
EXECUTIVE SCC LTDA - PRUDENCIAL;1000082468;n2;S5;I;2;NOVO HAMBURGO;RS;03/2026;6.908;0;30;2.772;0;4.135;255;4.105;19,02%;1,90%;3;0
COOPERATIVA DE ECONOMIA E CREDITO MUTUO DOS EMPREGADOS DAS EMPRESAS DE TRANSPORTES COLETIVOS RODOVIÁRIOS DE PASSAGEIROS DO GRANDE RIO LTDA;141155;b3S;S5;I;2;SAO GONCALO;RJ;03/2026;6.885;1.843;3.114;580;0;6.305;26;6.305;95,21%;6,97%;0;1
COOPERATIVA DE ECONOMIA E CREDITO MÚTUO DOS PROFESSORES ESTADUAIS DA REGIÃO METROPOLITANA DE PORTO ALEGRE - EDUCREDI;5419025;b3S;S5;I;2;PORTO ALEGRE;RS;03/2026;6.884;917;0;1.120;0;5.764;63;5.762;174,47%;1,06%;0;0
SAYGO CC - PRUDENCIAL;1000085795;n2;S4;I;2;JUNDIAI;SP;03/2026;6.862;0;112;5.543;0;1.319;-138;1.138;11,60%;6,20%;2;0
MICROCASH SCMEPP - PRUDENCIAL;1000086079;n1;S5;I;2;SAO PAULO;SP;03/2026;6.856;0;0;1.734;0;5.122;-707;1.098;3,43%;0,24%;2;0
COOPERATIVA DE CRÉDITO DOS EMPREGADOS DA COMPANHIA INDUSTRIAL CATAGUASES E DA BAUMINAS LTDA. - COOPECIC;19495266;b3S;S5;I;2;CATAGUASES;MG;03/2026;6.735;4.132;2.305;1.171;0;5.564;-110;5.558;90,31%;2,26%;0;0
COOPERATIVA DE CRÉDITO MÚTUO DOS FUNCIONÁRIOS DA RICLAN;6077760;b3S;S5;I;2;RIO CLARO;SP;03/2026;6.681;2.984;3.401;466;0;6.215;93;6.234;101,81%;0,31%;0;0
COOPERATIVA DE CRÉDITO MÚTUO DOS EMPREGADOS DA FIAÇÃO ALPINA - COOPERALPINA;55319370;b3S;S5;I;2;MORUNGABA;SP;03/2026;6.645;3.198;2.932;264;0;6.381;286;6.364;104,69%;0,23%;0;0
COOPERATIVA DE ECONOMIA E CRÉDITO MÚTUO DOS EMPREGADOS DAS INDÚSTRIAS UNILEVER DO BRASIL;53272365;b3S;S5;I;2;VALINHOS;SP;03/2026;6.549;3.492;2.912;557;0;5.992;172;5.992;97,10%;1,88%;0;0
TURCAMBIO SCC LTDA. - PRUDENCIAL;1000082334;n2;S5;I;2;IMBITUBA;SC;03/2026;6.530;0;0;1.518;0;5.012;-39;5.012;43,30%;3,00%;10;0
COOPERATIVA DE ECONOMIA E CRÉDITO MÚTUO DOS FUNCIONÁRIOS DO GRUPO MAUÁ E EMPRESAS COLIGADAS LTDA. - COOPMAUÁ;5048575;b3S;S5;I;2;SAO GONCALO;RJ;03/2026;6.528;1.221;4.016;491;0;6.037;124;6.037;102,64%;0,11%;0;0
EFX CC LTDA. - PRUDENCIAL;1000082248;n2;S4;I;2;SAO PAULO;SP;03/2026;6.510;0;0;5.299;0;1.211;-181;1.211;13,35%;2,70%;2;0
COOPERATIVA DE ECONOMIA E CRÉDITO MÚTUO DOS FUNCIONÁRIOS DAS EMPRESAS ITAÚ;43446335;b3S;S5;I;2;ITAU DE MINAS;MG;03/2026;6.503;1.398;5.064;603;0;5.900;127;5.900;91,91%;0,00%;0;0
TRANSFERO IP - PRUDENCIAL;1000087236;n4;NA;I;2;RIO DE JANEIRO;RJ;03/2026;6.478;0;3.605;1.452;1.332;5.026;-7;1.573;8,08%;NA%;1;0
DUFRIO CFI - PRUDENCIAL;1000085324;n1;S5;I;2;PORTO ALEGRE;RS;03/2026;6.332;1.967;4.132;218;0;6.114;-360;6.059;66,63%;0,00%;2;0
LB PAY IP - PRUDENCIAL;1000088046;n4;NA;I;3;SAO PAULO;SP;03/2026;6.320;0;5.132;1.281;1.102;5.039;-632;2.239;36,25%;NA%;1;0
BOA VIAGEM SCC LTDA. - PRUDENCIAL;1000082080;n2;S4;I;2;RECIFE;PE;03/2026;6.271;0;0;645;0;5.627;162;5.027;20,09%;3,20%;13;0
A COOPERATIVA DE ECONOMIA E CRÉDITO MÚTUO DOS FUNCIONÁRIOS DA BRAZIL GR LTDA.;48172860;b3S;S5;I;2;RIO CLARO;SP;03/2026;6.260;3.002;3.179;989;657;5.271;27;5.253;90,90%;0,16%;0;0
INTRA INVESTIMENTOS DTVM - PRUDENCIAL;1000084301;n2;S4;C;2;SAO PAULO;SP;03/2026;6.241;0;5.038;3.311;0;2.930;68;2.919;15,56%;7,39%;2;0
BRX SCC LTDA. - PRUDENCIAL;1000082413;n2;S4;I;2;RIO DE JANEIRO;RJ;03/2026;6.210;0;0;4.689;0;1.521;-74;1.521;10,86%;0,50%;2;0
COOPERATIVA DE ECONOMIA E CRÉDITO MÚTUO DOS EMPREGADOS DA CNC, SESC E SENAC ADMINISTRAÇÕES NACIONAIS LTDA.;30304919;b3S;S5;I;2;RIO DE JANEIRO;RJ;03/2026;6.020;3.821;748;616;0;5.404;166;5.404;120,55%;0,06%;0;0
COOPERATIVA DE ECONOMIA E CRÉDITO MÚTUO DOS FUNCIONÁRIOS DAS EMPRESAS MELHORAMENTOS DE SÃO PAULO - COOPERMEL;1504952;b3S;S5;I;2;SAO PAULO;SP;03/2026;6.011;2.786;2.879;610;0;5.401;168;5.383;97,63%;0,11%;0;0
BM4 SCD - PRUDENCIAL;1000088462;n1;S5;I;2;RIO DE JANEIRO;RJ;03/2026;5.998;188;5.197;56;0;5.942;-577;5.361;247,09%;0,00%;2;0
MONERY IP - PRUDENCIAL;1000087164;n4;NA;I;2;BARUERI;SP;03/2026;5.975;0;5.835;218;0;5.757;65;NI;NI%;NA%;1;0
ARC CORRETORA CAMBIO S.A. - PRUDENCIAL;1000082066;n2;S5;I;2;SANTOS;SP;03/2026;5.921;0;726;1.321;0;4.601;126;3.874;39,12%;2,72%;2;0
MONOPÓLIO CC - PRUDENCIAL;1000084356;n2;S4;I;2;BELEM;PA;03/2026;5.902;0;714;1.378;0;4.524;-339;4.524;10,47%;0,70%;2;0
COOPERATIVA DE ECONOMIA E CREDITO MUTUO DOS SERVIDORES MUNICIPAIS DO SUL FLUMINENSE LTDA.;1819799;b3S;S5;I;2;VOLTA REDONDA;RJ;03/2026;5.857;2.684;2.758;661;0;5.197;58;5.197;97,16%;5,42%;0;0
VUE IP - PRUDENCIAL;1000088297;n4;NA;I;2;BELO HORIZONTE;MG;03/2026;5.851;0;5.367;38;19;5.813;53;5.790;103,99%;NA%;1;0
COOPERATIVA DE CRÉDITO MÚTUO DOS FUNCIONÁRIOS DAS EMPRESAS FERROVIÁRIAS NO ESTADO DE SÃO PAULO;53932869;b3S;S5;I;2;OSASCO;SP;03/2026;5.837;3.903;1.533;83;0;5.754;142;5.726;109,52%;1,56%;0;0
VBS SCD - PRUDENCIAL;1000087377;n1;S5;I;3;SAO PAULO;SP;03/2026;5.799;0;5.560;359;221;5.440;164;5.440;1.314,39%;0,00%;2;0
DAPPER SCD - PRUDENCIAL;1000086402;n1;S5;I;2;BLUMENAU;SC;03/2026;5.712;5.424;72;728;0;4.984;-49;4.984;104,50%;0,68%;2;0
NIXFIN SCD - PRUDENCIAL;1000085922;n1;S5;I;2;FLORIANOPOLIS;SC;03/2026;5.706;5;5.146;571;505;5.135;107;1.364;62,51%;0,00%;2;0
MOTTU SCD - PRUDENCIAL;1000085757;n1;S5;I;3;SAO PAULO;SP;03/2026;5.703;0;0;291;0;5.413;-90;5.413;179,57%;0,00%;2;0
COOPERATIVA DE CRÉDITO DOS BANCÁRIOS DE SÃO PAULO E MUNICÍPIOS LIMÍTROFES;3422007;b3S;S5;I;2;SAO PAULO;SP;03/2026;5.671;2.219;2.912;3.497;3.101;2.174;-61;2.167;38,01%;2,15%;0;4
COOPERATIVA DE ECONOMIA E CRÉDITO MÚTUO DOS FUNCIONÁRIOS DO GRUPO GERDAU - AÇOS FINOS PIRATINI;88952130;b3S;S5;I;2;CHARQUEADAS;RS;03/2026;5.589;1.882;3.560;615;0;4.975;66;4.985;103,23%;1,25%;0;0
COOPERATIVA DE ECONOMIA E CRÉDITO MÚTUO DOS EMPREGADOS DA RECKITT BENCKISER;44223196;b3S;S5;I;2;SAO PAULO;SP;03/2026;5.558;4.294;464;69;0;5.488;141;5.468;123,24%;0,04%;0;0
RAPIDIUM SCMEPP - PRUDENCIAL;1000085575;n1;S5;I;2;TOLEDO;PR;03/2026;5.508;4.191;823;3.073;2.972;2.435;-338;2.435;41,87%;0,08%;2;0
COOPERATIVA DE ECONOMIA E CREDITO MUTUO DOS EMPREGADOS DOS LABORATORIOS B.BRAUN LTDA;30586895;b3S;S5;I;2;SAO GONCALO;RJ;03/2026;5.469;3.053;2.203;165;0;5.304;157;5.304;106,59%;0,30%;0;0
BRCONDOS SCD - PRUDENCIAL;1000086921;n1;S5;I;2;JOINVILLE;SC;03/2026;5.450;56;5.379;56;1;5.393;65;5.393;165,24%;0,00%;2;0
BELVO IP - PRUDENCIAL;1000086433;n4;NA;I;3;SAO PAULO;SP;03/2026;5.430;0;0;13.709;0;-8.280;-787;-8.280;-100,10%;NA%;1;0
IUPI IP - PRUDENCIAL;1000087195;n4;NA;I;2;UBERLANDIA;MG;03/2026;5.402;0;200;125;0;5.277;-19;NI;NI%;NA%;1;0
COOPERATIVA DE CRÉDITO DOS METALÚRGICOS DO ABC - CREDABC;5740092;b3S;S5;I;2;SAO BERNARDO DO CAMPO;SP;03/2026;5.326;30;0;923;590;4.404;124;4.404;212,63%;0,00%;0;0
GO SCD - PRUDENCIAL;1000088424;n1;S5;I;2;GUARULHOS;SP;03/2026;5.316;2.236;3.071;26;0;5.290;44;5.290;202,56%;0,00%;2;0
APUSDIGITAL IP - PRUDENCIAL;1000088565;n4;NA;I;2;SAO PAULO;SP;03/2026;5.291;0;5.281;59;0;5.231;43;4.988;268,62%;NA%;1;0
VUON SCD - PRUDENCIAL;1000087872;n1;S5;I;2;SAO PAULO;SP;03/2026;5.266;156;13;182;0;5.084;-447;5.084;1.007,12%;0,00%;2;0
COOPERATIVA DE ECONOMIA E CREDITO MUTUO DOS SERVIDORES PUBLICOS MUNICIPAIS DE PORTO ALEGRE;3990888;b3S;S5;I;2;PORTO ALEGRE;RS;03/2026;5.258;3.180;0;658;0;4.600;-98;4.599;115,34%;6,64%;0;0
WX IP - PRUDENCIAL;1000088503;n4;NA;I;2;SAO BERNARDO DO CAMPO;SP;03/2026;5.258;0;5.107;52;1;5.206;28;5.206;100,99%;NA%;1;0
SOCRED S.A. SCM - PRUDENCIAL;1000083247;n1;S5;I;2;BELEM;PA;03/2026;5.196;2.982;0;316;180;4.880;-201;3.380;102,01%;0,15%;2;0
COOPERATIVA DE ECONOMIA E CRÉDITO MÚTUO DOS SERVIDORES DA UNESP - COOPUNESP;69136075;b3S;S5;I;2;RIO CLARO;SP;03/2026;5.149;2.213;2.418;904;680;4.244;72;4.227;91,45%;4,25%;0;0
COOPERATIVA DE CRÉDITO DOS SERVIDORES DO MUNICIPIO DE SANTO ANDRÉ - SP - CECRESA;512839;b3S;S5;I;2;SANTO ANDRE;SP;03/2026;5.097;4.594;54;2.460;2.311;2.637;-290;2.633;60,62%;2,38%;0;0
DASCAM CC LTDA - PRUDENCIAL;1000081964;n2;S5;I;2;SAO PAULO;SP;03/2026;5.093;0;1.104;1.449;0;3.644;462;2.121;12,84%;11,48%;2;0
COOPERATIVA DE ECONOMIA E CRÉDITO MÚTUO DOS FUNCIONÁRIOS DA SELENE;72952138;b3S;S5;I;2;CERQUILHO;SP;03/2026;5.013;2.482;2.259;192;0;4.822;142;4.804;102,44%;0,07%;0;0
COOPERATIVA DE CRÉDITO DOS EMPREGADOS DO GRUPO AKZO NOBEL BRASIL - COOP AKZONOBEL;57996878;b3S;S5;I;2;MAUA;SP;03/2026;4.883;2.097;1.834;527;0;4.356;-39;4.339;119,02%;0,00%;0;0
BANSUR JM SCD - PRUDENCIAL;1000085812;n1;S5;I;2;BELO HORIZONTE;MG;03/2026;4.763;4.202;10;203;0;4.560;-110;5.085;127,28%;0,85%;2;0
AWX BRASIL IP - PRUDENCIAL;1000088242;n4;NA;I;3;SAO PAULO;SP;03/2026;4.740;0;0;486;0;4.254;-1.504;NI;NI%;NA%;1;0
QORE DTVM LTDA - PRUDENCIAL;1000083838;n2;S4;I;2;SAO PAULO;SP;03/2026;4.673;0;1.286;2.662;0;2.011;3.231;2.011;32,61%;12,31%;2;0
CUMBUCA IP - PRUDENCIAL;1000086866;n4;NA;I;2;SAO PAULO;SP;03/2026;4.650;0;3.842;446;0;4.204;112;3.926;348,58%;NA%;1;0
CV INVESTIMENTOS DTVM - PRUDENCIAL;1000087865;n2;S4;I;2;SAO PAULO;SP;03/2026;4.562;0;2.212;1.053;0;3.509;-494;1.954;138,07%;39,99%;2;0
COOPERATIVA DE ECONOMIA E CRÉDITO MÚTUO DOS COLABORADORES DA COOPEDER LTDA - COOPCREDER;21130869;b3S;S5;I;2;BELO HORIZONTE;MG;03/2026;4.544;872;3.227;728;0;3.816;-41;3.815;85,58%;5,17%;0;0
PALMA SCD - PRUDENCIAL;1000086873;n1;S5;I;2;SAO PAULO;SP;03/2026;4.477;159;3.928;243;0;4.234;59;3.963;89,67%;0,00%;2;0
CASA CREDITO S.A. SCM - PRUDENCIAL;1000083175;n1;S5;I;2;SAO PAULO;SP;03/2026;4.145;57;0;3.123;1.847;1.022;-304;1.022;49,70%;2,99%;2;0
COOPERATIVA DE ECONOMIA E CREDITO MUTUO DOS EMPREGADOS DE ESTABELECIMENTOS HOSPITALARES DO SUL DO ESTADO DO ESPIRITO SANTO - SULCRED;31746993;b3S;S5;I;2;CACHOEIRO DE ITAPEMIRIM;ES;03/2026;4.139;3.815;90;201;0;3.938;-7;3.938;113,94%;4,86%;0;0
BAMAQ CAPITAL SCD - PRUDENCIAL;1000086691;n1;S5;I;2;CONTAGEM;MG;03/2026;4.089;3;2.671;38;0;4.050;-192;3.779;91,97%;1,72%;2;0
COOPERATIVA DE ECONOMIA E CREDITO MUTUO DOS SERVIDORES DA ASCAR/EMATER-RS LTDA-CRESAL;90278987;b3S;S5;I;2;PORTO ALEGRE;RS;03/2026;4.038;1.574;2.286;608;271;3.430;117;3.437;88,95%;0,00%;0;0
P R DO BRASIL IP - PRUDENCIAL;1000087614;n4;NA;I;3;SAO PAULO;SP;03/2026;3.964;0;3.778;35;0;3.929;78;3.929;2.328,49%;NA%;1;0
COOPERATIVA DE ECONOMIA E CRÉDITO MÚTUO DOS EMPREGADOS DA EMPRESA SUPERMERCADOS JAU SERVE - COOPERJS;3400651;b3S;S5;I;2;JAU;SP;03/2026;3.925;1.543;1.522;307;0;3.619;-17;2.745;132,36%;0,00%;0;0
MUEVY IP - PRUDENCIAL;1000087487;n4;NA;I;2;BARUERI;SP;03/2026;3.862;0;285;209;0;3.654;-580;-194;-2,15%;NA%;1;0
TBANKS IP - PRUDENCIAL;1000088194;n4;NA;I;2;SAO PAULO;SP;03/2026;3.855;0;3.636;152;0;3.703;27;NI;NI%;NA%;1;0
COOPERATIVA DE CRÉDITO MÚTUO DOS SERVIDORES DE ÓRGAOS GESTORES DE RECURSOS HÍDRICOS DO ESTADO DE SÃO PAULO - COOPERHIDRO;53800488;b3S;S5;I;2;SAO PAULO;SP;03/2026;3.852;1.986;1.231;405;0;3.447;-99;3.447;104,64%;0,30%;0;0
DOURADA CORRETORA - PRUDENCIAL;1000082224;n2;S4;I;2;CURITIBA;PR;03/2026;3.837;0;1.299;1.046;0;2.792;212;2.792;11,84%;5,32%;3;0
COOPERATIVA DE ECONOMIA E CREDITO MUTUO DOS FUNCIONARIOS DO EXPRESSO PRINCESA DOS CAMPOS;1551820;b3S;S5;I;2;PONTA GROSSA;PR;03/2026;3.763;3.083;0;335;0;3.428;70;3.428;115,99%;1,01%;0;0
COOPERATIVA DE CRÉDITO MÚTUO DOS FUNCIONÁRIOS DA FIEPB, SESI, SENAI, IEL E DO CONDOMÍNIO EDIFÍCIO AGOSTINHO VELLOSO DA SILVEIRA (CEAVS  - CREDFISP LTDA.;5747018;b3S;S5;I;2;CAMPINA GRANDE;PB;03/2026;3.750;1.255;2.259;598;0;3.151;49;3.145;87,22%;0,71%;0;0
ATLANTA SCM LTDA - PRUDENCIAL;1000083034;n1;S5;I;2;PASSOS;MG;03/2026;3.710;0;1.654;2.142;0;1.568;70;1.568;60,58%;0,00%;2;0
COOPERATIVA DE ECONOMIA E CRÉDITO MÚTUO DOS FUNCIONÁRIOS DO GRUPO SUGGAR LTDA.;548980;b3S;S5;I;2;BELO HORIZONTE;MG;03/2026;3.694;2.792;363;88;0;3.606;99;3.606;111,35%;0,01%;0;0
TINO SCD - PRUDENCIAL;1000088084;n1;S5;I;3;SAO PAULO;SP;03/2026;3.680;0;0;1;0;3.678;-48;NI;NI%;NI%;2;0
PERSONAL SCD - PRUDENCIAL;1000087803;n1;S5;I;2;FLORIANOPOLIS;SC;03/2026;3.656;311;3.338;36;0;3.620;94;3.620;105,25%;0,00%;2;0
GURU CTVM - PRUDENCIAL;1000088857;n2;S4;I;2;SAO PAULO;SP;03/2026;3.606;0;3.556;8;0;3.598;-31;3.598;9.329,34%;0,96%;2;0
COOPERATIVA DE ECONOMIA E CREDITO MUTUO DOS SERVIDORES DA UERJ LTDA. - COOPUERJ;28885036;b3S;S5;I;2;RIO DE JANEIRO;RJ;03/2026;3.559;2.189;709;853;0;2.705;-10;2.707;82,87%;7,46%;0;0
COOPERATIVA DE ECONOMIA E CRÉDITO MÚTUO DOS FUNCIONÁRIOS DA ACUMENT BRASIL;45068632;b3S;S5;I;2;ATIBAIA;SP;03/2026;3.532;2.512;683;164;0;3.368;-53;3.368;110,79%;0,04%;0;0
BIT SCD - PRUDENCIAL;1000088077;n1;S5;I;2;CAMPINAS;SP;03/2026;3.440;0;3.439;13;0;3.427;-56;3.427;94,96%;0,00%;2;0
COOPERATIVA DE ECONOMIA E CRÉDITO MUTUO DOS FUNCIONÁRIOS DE INSTITUIÇÕES FINANCEIRAS PUBLICAS E PRIVADAS NO TERRITÓRIO NACIONAL - CREDBRASIL;2869663;b3S;S5;I;2;VITORIA;ES;03/2026;3.405;1.475;1.616;643;0;2.762;-27;2.762;84,61%;0,32%;0;0
COOPERATIVA DE ECONOMIA E CRÉDITO MÚTUO DOS FUNCIONÁRIOS DA USINA SANTA MARIA - PILONCRED;1107759;b3S;S5;I;2;CERQUILHO;SP;03/2026;3.361;952;2.228;137;0;3.224;80;3.206;96,99%;0,00%;0;0
DATANOMIK BRASIL IP - PRUDENCIAL;1000087470;n4;NA;I;3;SAO PAULO;SP;03/2026;3.359;0;2.562;1.035;0;2.324;-32;2.186;78,68%;NA%;1;0
CAROL DTVM LTDA. - PRUDENCIAL;1000084095;n2;S5;I;2;SAO PAULO;SP;03/2026;3.312;0;0;111;0;3.201;-233;3.201;71,21%;1,05%;2;0
COOPSERJ - COOPERATIVA DE CRÉDITO MÚTUO DOS SERVIDORES PÚBLICOS DO PODER EXECUTIVO DO ESTADO DO RIO DE JANEIRO LTDA.;2723075;b3S;S5;I;2;RIO DE JANEIRO;RJ;03/2026;3.297;2.094;681;572;0;2.725;72;2.723;104,46%;0,93%;0;0
COOPERATIVA DE ECONOMIA E CRÉDITO MÚTUO DOS EMPREGADOS DA BECTON DICKINSON INDÚSTRIAS CIRÚRGICAS LTDA., LTDA.;21597133;b3S;S5;I;2;JUIZ DE FORA;MG;03/2026;3.274;1.284;0;418;0;2.856;36;2.856;151,14%;0,96%;0;0
RV2 SEP - PRUDENCIAL;1000086976;n1;S5;I;2;FORTALEZA;CE;03/2026;3.249;0;2.897;31;0;3.218;3;3.218;1.129,55%;0,00%;2;0
FRIDAY IP - PRUDENCIAL;1000086062;n4;NA;I;2;RIO DE JANEIRO;RJ;03/2026;3.223;0;3.063;79;0;3.144;-53;NI;NI%;NA%;1;0
LIQUIDO IP - PRUDENCIAL;1000087339;n4;NA;I;3;SAO PAULO;SP;03/2026;3.212;0;0;1.980;0;1.232;-347;NI;NI%;NA%;1;0
KLAVI IP - PRUDENCIAL;1000086794;n4;NA;I;3;SAO PAULO;SP;03/2026;3.196;0;2.816;113;0;3.084;89;-316;-23,14%;NA%;1;0
COOPERATIVA DE ECONOMIA E CRÉDITO MÚTUO DOS EMPREGADOS DAS EMPRESAS SIDERÚRGICAS, METALÚRGICAS E ELETRO-MECÂNICAS DE JOÃO MONLEVADE LTDA. - CREDIBELGO;24235459;b3S;S5;I;2;JOAO MONLEVADE;MG;03/2026;3.176;1.369;117;421;290;2.755;-93;2.752;88,13%;49,24%;0;0
FREEX CC - PRUDENCIAL;1000087652;n2;S5;I;3;SAO PAULO;SP;03/2026;3.150;0;2.659;108;0;3.043;-304;2.811;71,07%;0,46%;2;0
COOPERATIVA DE ECONOMIA E CRÉDITO MÚTUO DOS EMPREGADOS DA JOLIMODE ROUPAS E EMPRESAS COLIGADAS LTDA;28244622;b3S;S5;I;2;RIO DE JANEIRO;RJ;03/2026;3.131;988;1.666;145;0;2.986;28;2.976;103,87%;0,02%;0;0
MOMENTO DTVM LTDA. - PRUDENCIAL;1000084181;n2;S4;I;2;RIO DE JANEIRO;RJ;03/2026;3.125;0;2.417;443;0;2.682;-106;2.682;243,56%;10,14%;2;0
COOPERATIVA DE ECONOMIA E CREDITO MUTUO DOS FUNCIONARIOS DA VIACAO NOSSA SENHORA DO AMPARO LTDA. - COPERFAMP;2192115;b3S;S5;I;2;MARICA;RJ;03/2026;3.119;1.203;1.605;408;0;2.711;68;2.711;90,59%;7,76%;0;0
RED SCD - PRUDENCIAL;1000086316;n1;S5;I;2;SAO PAULO;SP;03/2026;3.090;0;0;72;0;3.018;-570;2.933;148,13%;0,00%;2;0
E.SIGA SCD - PRUDENCIAL;1000087676;n1;S5;I;2;SAO JOSE DOS PINHAIS;PR;03/2026;3.077;2.056;0;29;0;3.048;13;3.048;142,42%;0,00%;2;0
COOPERATIVA DE ECONOMIA E CRÉDITO MÚTUO DOS EMPREGADOS DE KYN COMÉRCIO VAREJISTA E ATACADISTA - COOPER KYN;2230138;b3S;S5;I;2;JUNDIAI;SP;03/2026;3.050;1.508;1.300;418;0;2.632;2;2.632;93,89%;0,31%;0;0
NAGRO SCD - PRUDENCIAL;1000087669;n1;S5;I;2;UBERLANDIA;MG;03/2026;3.048;0;970;293;0;2.756;94;2.756;133,21%;0,00%;2;0
COOPERATIVA DE ECONOMIA E CRÉDITO MÚTUO DOS EMPREGADOS DO SEBRAE BAHIA LTDA.;5658367;b3S;S5;I;2;SALVADOR;BA;03/2026;3.030;813;2.205;60;0;2.969;46;2.969;100,66%;0,04%;0;0
COOPERATIVA DE ECONOMIA E CREDITO MUTUO DOS FUNCIONARIOS DA GKN DO BRASIL LTDA;5331882;b3S;S5;I;2;PORTO ALEGRE;RS;03/2026;2.999;151;0;449;0;2.550;-35;2.550;200,87%;0,00%;0;0
CATÁLISE DTVM PRUDENCIAL;1000086952;n2;S4;I;2;CURITIBA;PR;03/2026;2.953;0;2.427;853;0;2.100;176;2.100;27,51%;3,77%;1;0
CONLIFE SCD - PRUDENCIAL;1000088125;n1;S5;I;2;SAO JOSE DOS CAMPOS;SP;03/2026;2.857;69;0;1.826;0;1.031;26;1.031;42,82%;0,00%;2;0
FINLEV SCD PRUDENCIAL;1000085850;n1;S5;I;2;BELEM;PA;03/2026;2.834;2.709;25;660;0;2.173;185;2.173;92,35%;0,05%;2;0
EUROINVEST S/A CCTVM - PRUDENCIAL;1000082781;n2;S4;I;2;RIO DE JANEIRO;RJ;03/2026;2.748;0;2.322;325;0;2.423;123;2.423;60,73%;1,20%;2;0
GOOD SCC - PRUDENCIAL;1000084521;n2;S5;I;2;PORTO ALEGRE;RS;03/2026;2.703;0;0;361;0;2.342;19;2.288;42,90%;0,21%;2;0
FINAZO SCD - PRUDENCIAL;1000086567;n1;S5;I;2;FLORIANOPOLIS;SC;03/2026;2.702;0;2.678;1.034;0;1.668;175;1.668;77,01%;0,73%;2;0
COOPERATIVA DE ECONOMIA E CREDITO MUTUO DOS SERVIDORES DO COLEGIO PEDRO II;2910387;b3S;S5;I;2;RIO DE JANEIRO;RJ;03/2026;2.692;1.349;751;67;0;2.625;24;2.625;120,14%;0,57%;0;0
COOPERATIVA DE ECONOMIA E CRÉDITO MÚTUO DOS EMPREGADOS DA PONTIFÍCIA UNIVERSIDADE CATÓLICA DO RIO DE JANEIRO E EMPREGADOS EM ESTABELECIMENTOS PRIVADOS DE ENSINO DO MUNICÍPIO DO RIO DE JANEIRO LTDA.;42445122;b3S;S5;I;2;RIO DE JANEIRO;RJ;03/2026;2.574;1.247;0;1.136;0;1.438;-2;1.451;64,06%;2,39%;0;1
COOPERATIVA DE CRÉDITO DOS EMPREGADOS DAS EMPRESAS DO GRUPO INDORAMA NO BRASIL;62605290;b3S;S5;I;2;POCOS DE CALDAS;MG;03/2026;2.555;1.226;10;235;0;2.320;-27;2.319;149,58%;NI%;0;0
GLOBAL SCM LTDA - PRUDENCIAL;1000083278;n1;S5;I;2;AMERICANA;SP;03/2026;2.533;145;12;639;501;1.894;18;1.894;41,05%;3,36%;2;0
PROFITTO - SCMEPP LTDA - PRUDENCIAL;1000083003;n1;S5;I;2;RIBEIRAO PRETO;SP;03/2026;2.475;600;1.222;57;0;2.418;15;2.418;204,40%;0,00%;2;0
AVS CORRETORA DE CÂMBIO LTDA - PRUDENCIAL;1000084590;n2;S5;I;2;CURITIBA;PR;03/2026;2.418;0;683;1.143;0;1.275;97;1.275;19,25%;19,38%;3;0
NUMATUR CC LTDA - PRUDENCIAL;1000082451;n2;S5;I;2;SAO PAULO;SP;03/2026;2.379;0;1.371;53;0;2.326;-51;2.326;72,05%;0,07%;3;0
NEXOOS SEP - PRUDENCIAL;1000084947;n1;S5;I;2;SAO PAULO;SP;03/2026;2.364;0;653;1.533;0;831;-216;831;21,97%;0,82%;2;0
COOPERATIVA DE CRÉDITO MÚTUO DOS EMPREGADOS EM INSTITUIÇÕES DO SISTEMA FINANCEIRO NAS REGIÕES DE SÃO PAULO E CAMPINAS (SP) - CREDISCOOP;3674133;b3S;S5;I;2;SAO PAULO;SP;03/2026;2.339;1.062;1.260;1.481;1.355;858;21;977;40,40%;0,12%;0;1
DEBONI DTVM LTDA - PRUDENCIAL;1000084150;n2;S4;I;2;CURITIBA;PR;03/2026;2.280;0;0;1.456;0;823;-209;-286;-5,27%;0,00%;2;0
QUEROCRED SCD - PRUDENCIAL;1000086615;n1;S5;I;2;CANOAS;RS;03/2026;2.273;262;0;30;0;2.244;-130;2.244;192,13%;0,34%;2;0
LASTRO RDV DTVM LTDA - PRUDENCIAL;1000084129;n2;S4;I;2;ARARAS;SP;03/2026;2.215;0;162;239;26;1.976;9;1.147;14,59%;5,02%;2;0
BRCARD SCD - PRUDENCIAL;1000085159;n1;S5;I;2;CALDAS NOVAS;GO;03/2026;2.207;1.078;556;205;95;2.002;136;2.123;87,64%;0,00%;2;0
VNK SCMEPP - PRUDENCIAL;1000084404;n1;S5;I;2;FORTALEZA;CE;03/2026;2.186;803;1.033;885;0;1.302;137;1.302;55,77%;13,43%;2;0
COOPERATIVA DE ECONOMIA E CREDITO MUTUO DOS TRABALHADORES EM CONSELHOS DE FISCALIZACAO PROFISSIONAL NO MUNICIPIO DO RIO DE JANEIRO LTDA.;2850075;b3S;S5;I;2;RIO DE JANEIRO;RJ;03/2026;2.141;1.128;0;120;0;2.020;-20;2.020;100,50%;33,85%;0;0
PAGBRASIL TECNOLOGIA IP - PRUDENCIAL;1000088228;n4;NA;I;2;PORTO ALEGRE;RS;03/2026;2.124;0;2.123;18;0;2.106;52;2.106;283,21%;NA%;1;0
DIVI SCD - PRUDENCIAL;1000087999;n1;S5;I;2;SAO PAULO;SP;03/2026;2.120;0;2.108;575;0;1.545;40;1.545;188,88%;0,00%;2;0
COOPERATIVA DE ECONOMIA E CRÉDITO MÚTUO DOS EMPREGADOS DAS EMPRESAS DE DIVERSÕES DO ESTADO DE SÃO PAULO;68314921;b3S;S5;I;2;SAO PAULO;SP;03/2026;2.108;1.705;0;210;0;1.898;2;1.904;112,00%;0,00%;0;0
GLOBAL INV SERVICES DTVM - PRUDENCIAL;1000086859;n2;S4;I;2;SAO PAULO;SP;03/2026;2.095;0;1.572;456;6;1.639;-663;1.639;40,67%;0,00%;2;0
EASY MONEY SCD - PRUDENCIAL;1000087645;n1;S5;I;2;SAO LEOPOLDO;RS;03/2026;2.089;2.042;0;799;769;1.289;54;NI;NI%;NI%;2;0
COOPERATIVA DE ECONOMIA E CRÉDITO MÚTUO DOS EMPREGADOS DA PROLEC GE BRASIL TRANSMISSÃO DE ENERGIA S.A.;88043187;b3S;S5;I;2;CANOAS;RS;03/2026;2.071;1.344;617;514;446;1.557;22;1.558;82,37%;1,13%;0;0
PLUGGY BRASIL IP - PRUDENCIAL;1000087683;n4;NA;I;2;SAO PAULO;SP;03/2026;2.060;0;136;506;0;1.554;587;1.529;86,82%;NA%;1;0
COOPERATIVA DE ECONOMIA E CRÉDITO MÚTUO DOS EMPREGADOS DA FUNDAÇÃO ARTHUR BERNARDES LTDA. - COOFAB;2738981;b3S;S5;I;2;VICOSA;MG;03/2026;2.051;1.460;515;237;0;1.814;62;1.814;101,49%;0,39%;0;0
CREDPAR SCD - PRUDENCIAL;1000086550;n1;S5;I;2;UBERLANDIA;MG;03/2026;1.964;0;0;434;0;1.530;86;1.530;57,03%;0,00%;2;0
FIDO SEP - PRUDENCIAL;1000085609;n1;S5;I;2;BRASILIA;DF;03/2026;1.936;0;0;2.156;0;-221;421;-1.283;-315,69%;0,00%;2;0
GUARDIAN SCD - PRUDENCIAL;1000088730;n1;S5;I;2;SAO PAULO;SP;03/2026;1.929;293;970;325;0;1.604;93;1.604;180,05%;0,00%;2;0
PACIFIC INVEST DTVM LTDA - PRUDENCIAL;1000084143;n2;S4;I;2;JOACABA;SC;03/2026;1.916;0;0;519;0;1.397;-306;NI;NI%;NI%;8;0
COOPERATIVA DE ECONOMIA E CRÉDITO MÚTUO DOS EMPREGADOS DA INDÚSTRIA DE PAPÉIS SUDESTE LTDA . - CREDESTE;18340695;b3S;S5;I;2;JUIZ DE FORA;MG;03/2026;1.909;1.310;414;149;0;1.760;-28;1.760;100,12%;0,40%;0;0
COOPERATIVA DE CRÉDITO MÚTUO DOS TRABALHADORES DO SISTEMA FINANCEIRO DE CURITIBA E REGIÃO - COOPCREFI;6942423;b3S;S5;I;2;CURITIBA;PR;03/2026;1.874;694;1.081;70;0;1.804;10;1.796;102,84%;0,32%;0;0
COOPERATIVA DE CRÉDITO DOS EMPREGADOS DA CBA ITAPISSUMA E EMPREGADOS DE EMPRESAS PRESTADORA DE SERVIÇOS INDUSTRIAIS, NO ESTADO DE PERNAMBUCO - CREDCOOPE;8931800;b3S;S5;I;2;ITAPISSUMA;PE;03/2026;1.853;606;1.009;49;0;1.805;-13;1.805;107,23%;0,04%;0;0
VIPS CC LTDA. - PRUDENCIAL;1000082444;n2;S5;I;2;SAO PAULO;SP;03/2026;1.830;0;1;384;0;1.446;40;1.446;28,75%;8,90%;2;0
COOPERATIVA DE ECONOMIA E CRÉDITO MÚTUO DOS SERVIDORES DA PREFEITURA MUNICIPAL DE VOTORANTIM;52137361;b3S;S5;I;2;VOTORANTIM;SP;03/2026;1.803;1.435;292;49;0;1.753;26;1.753;112,28%;0,48%;0;0
EMCASH SERVICOS FINANCEIROS SEP - PRUDENCIAL;1000085283;n1;S5;I;2;BELO HORIZONTE;MG;03/2026;1.796;0;658;248;0;1.549;-39;1.028;63,95%;12,82%;2;0
COOPERATIVA DE ECONOMIA E CRÉDITO MÚTUO DOS SERVIDORES DA POLÍCIA MILITAR DO ESTADO DE SÃO PAULO DA REGIÃO CENTRO-OESTE PAULISTA - CREDMIL;4152107;b3S;S5;I;2;BAURU;SP;03/2026;1.784;1.093;494;732;0;1.051;-18;1.030;60,38%;0,78%;0;0
GDC PART SERV FIDUC DTVM LTDA - PRUDENCIAL;1000084208;n2;S5;I;2;RIO DE JANEIRO;RJ;03/2026;1.783;0;1.365;857;0;926;206;926;18,93%;5,36%;3;0
FINANCRED SCMEPP LTDA. - PRUDENCIAL;1000084679;n1;S5;I;2;CAMPO GRANDE;MS;03/2026;1.751;1.539;28;112;0;1.639;20;1.639;100,38%;0,00%;2;0
COOPERATIVA DE CRÉDITO DE SERVIDORES DA UESC - UESCOOP;10548608;b3S;S5;I;2;ILHEUS;BA;03/2026;1.664;1.315;319;64;0;1.600;6;1.600;132,71%;0,48%;0;0
LAMARA SCD - PRUDENCIAL;1000084394;n1;S5;I;2;FORTALEZA;CE;03/2026;1.648;528;33;35;0;1.614;46;1.614;152,89%;1,38%;2;0
JM CC - PRUDENCIAL;1000086660;n2;S5;I;2;SAO PAULO;SP;03/2026;1.630;0;341;961;0;669;138;669;25,21%;4,35%;2;0
CORPORE SCD - PRUDENCIAL;1000083216;n1;S5;I;2;DOURADOS;MS;03/2026;1.621;1.347;1;30;0;1.591;-77;1.591;115,55%;3,13%;2;0
DELEND IP - PRUDENCIAL;1000087748;n4;NA;I;2;SAO PAULO;SP;03/2026;1.611;0;399;6;0;1.605;-17;NI;NI%;NA%;1;0
LUMINA CC - PRUDENCIAL;1000082310;n2;S5;I;2;SALVADOR;BA;03/2026;1.526;0;0;348;0;1.178;24;1.178;28,74%;32,85%;2;0
COOPERATIVA DE ECONOMIA E CREDITO MUTUO DOS TRABALHADORES DO GRUPO EMPRESARIAL ITATIAIA LTDA. - COOPERITA;20177390;b3S;S5;I;2;UBA;MG;03/2026;1.501;904;365;173;0;1.328;17;1.328;148,17%;0,00%;0;0
COOPERATIVA DE CRÉDITO MÚTUO DOS EMPREGADOS DAS INDÚSTRIAS DO PAPEL, PAPELÃO E CORTIÇA DE OTACÍLIO COSTA, LAGES E CORREA PINTO - PAPELCREDI;6369729;b3S;S5;I;2;OTACILIO COSTA;SC;03/2026;1.478;1.148;52;672;659;806;79;806;65,97%;7,16%;0;0
SINGRATUR CC LTDA. - PRUDENCIAL;1000082389;n2;S5;I;2;MARINGA;PR;03/2026;1.462;0;0;152;0;1.310;-88;1.310;45,99%;29,26%;2;0
OMIE IP - PRUDENCIAL;1000087157;n4;NA;I;3;SAO PAULO;SP;03/2026;1.441;0;1.347;4;0;1.437;-8;1.437;99,74%;NA%;1;0
GREEN ALTERNATIVE INVESTMENTS DTVM - PRUDENCIAL;1000085568;n2;S4;I;2;SAO PAULO;SP;03/2026;1.436;0;284;190;0;1.246;-82;1.246;26,58%;20,84%;2;0
COOPERATIVA DE ECONOMIA E CRÉDITO MÚTUO DOS FUNCIONÁRIOS DA EDUCAÇÃO E COMUNICAÇÃO;43438662;b3S;S5;I;2;SAO PAULO;SP;03/2026;1.423;1.317;1;955;0;468;-63;463;32,31%;NI%;0;0
COOPERATIVA DE CRÉDITO DOS EMPREGADOS DO GRUPO NEFFA E DEMAIS ESTABELECIMENTOS DO SETOR DE ALIMENTOS DA GRANDE VITÓRIA.;29985421;b3S;S5;I;2;VITORIA;ES;03/2026;1.406;553;524;34;0;1.372;-16;1.372;103,84%;11,14%;0;0
COOPERATIVA DE ECONOMIA E CREDITO MUTUO DOS FUNCIONARIOS DA FMC LTDA;42258376;b3S;S5;I;2;RIO DE JANEIRO;RJ;03/2026;1.406;973;10;55;0;1.351;18;1.341;125,05%;0,32%;0;0
COOPERATIVA DE CRÉDITO DOS FUNCIONÁRIOS DO GRUPO PPG;3657230;b3S;S5;I;2;SUMARE;SP;03/2026;1.377;433;787;11;0;1.367;9;1.350;101,44%;0,00%;0;0
CREDFC SCD - PRUDENCIAL;1000085764;n1;S5;I;2;SAO PAULO;SP;03/2026;1.369;0;1.202;319;0;1.049;9;1.049;69,39%;0,00%;2;0
INFINIA BRASIL IP - PRUDENCIAL;1000087951;n4;NA;I;2;SAO PAULO;SP;03/2026;1.327;0;1.047;17;0;1.310;-14;1.310;976,00%;NA%;1;0
BEZZ SCD - PRUDENCIAL;1000086127;n1;S5;I;2;RIO DE JANEIRO;RJ;03/2026;1.326;445;413;47;0;1.279;-102;1.279;117,00%;0,00%;2;0
COOPERATIVA DE ECONOMIA E CRÉDITO MÚTUO SERVIDORES PÚBLICOS ATIVOS, INATIVOS E PENSIONISTAS DA ADMINISTRAÇÃO DIRETA, INDIRETA E ASSEMBLÉIA LEGISLATIVA DO ESTADO DO RIO GRANDE SUL - COOPSERGS;5591437;b3S;S5;I;2;PORTO ALEGRE;RS;03/2026;1.287;778;0;908;0;379;-253;379;30,21%;36,36%;0;0
HR SCMEPP LTDA. - PRUDENCIAL;1000084411;n1;S5;I;2;MACEIO;AL;03/2026;1.271;88;154;30;0;1.241;-41;241;64,08%;0,88%;1;0
EFEX IP - PRUDENCIAL;1000087779;n4;NA;I;2;SAO PAULO;SP;03/2026;1.251;0;387;562;0;690;476;NI;NI%;NA%;1;0
COOPERATIVA DE CRÉDITO DE CAPITAL E EMPRÉSTIMO DOS EMPREGADOS CELETISTAS DE COOPERATIVAS DOS ESTADOS DE SÃO PAULO E MINAS GERAIS - COCREUNI;57987273;b3S;S5;I;2;RIBEIRAO PRETO;SP;03/2026;1.216;573;533;131;0;1.086;15;1.075;100,19%;0,00%;0;0
LARCA CAPITAL SCD - PRUDENCIAL;1000088486;n1;S5;I;2;PORTO ALEGRE;RS;03/2026;1.215;127;785;32;0;1.183;-307;1.183;458,76%;0,00%;2;0
COOPERATIVA DE ECONOMIA E CREDITO MUTUO DOS EMPREGADOS DA CIA DE ELETRICIDADE DO ESTADO DO RJ CREDICERJ LTDA;30138226;b3S;S5;I;2;NITEROI;RJ;03/2026;1.196;965;50;90;0;1.106;-4;1.106;101,86%;0,00%;0;0
OPPENS SEP - PRUDENCIAL;1000086639;n1;S5;I;2;BRASILIA;DF;03/2026;1.160;0;1.074;6;0;1.154;-44;934;193,34%;1,72%;2;0
COOPERATIVA DE CRÉDITO DE CAPITAL E EMPRÉSTIMO DOS TRABALHADORES NAS EMPRESAS DE TECNOLOGIA E INFORMÁTICA DE BELO HORIZONTE E CIDADES LIMÍTROFES LTDA - COOPERINFOR;28435685;b3S;S5;I;2;BELO HORIZONTE;MG;03/2026;1.136;1.052;0;31;0;1.104;43;1.104;126,88%;0,00%;0;0
CREDIMÓVEL SCD - PRUDENCIAL;1000086055;n1;S5;I;2;GOIANIA;GO;03/2026;1.120;35;1.016;22;0;1.099;-23;NI;85,49%;0,00%;2;0
COOPERATIVA DE ECONOMIA E CRÉDITO MÚTUO DOS EMPREGADOS DA MOSAIC FERTILIZANTES DO BRASIL - COCRESGO LTDA.;968834;b3S;S5;I;2;CATALAO;GO;03/2026;1.110;592;160;42;0;1.067;19;1.067;124,64%;0,57%;0;0
CF GROUP SEP - PRUDENCIAL;1000085551;n1;S5;I;2;PORTO ALEGRE;RS;03/2026;1.105;0;935;106;0;1.000;-23;1.000;192,55%;0,00%;2;0
PRONANCE SCC - PRUDENCIAL;1000086804;n2;S5;I;2;CURITIBA;PR;03/2026;1.097;0;916;120;0;977;-23;977;75,68%;0,00%;2;0
PB SCD - PRUDENCIAL;1000088149;n1;S5;I;2;SAO BERNARDO DO CAMPO;SP;03/2026;1.043;27;0;47;0;996;-14;996;252,89%;0,00%;2;0
COOPERATIVA DE ECONOMIA E CRÉDITO MÚTUO DOS BANCÁRIOS DO TRIÂNGULO LTDA.;1301541;b3S;S5;I;2;UBERLANDIA;MG;03/2026;1.038;132;818;252;0;786;9;NI;NI%;NI%;0;0
ATUAL CC - PRUDENCIAL;1000087858;n2;S4;I;2;SOROCABA;SP;03/2026;1.038;0;438;591;0;447;-130;447;21,60%;2,41%;2;0
ÓPERA SCD  - PRUDENCIAL;1000087638;n1;S5;I;2;JARAGUA DO SUL;SC;03/2026;1.022;0;0;0;0;1.022;-45;1.022;276,86%;0,00%;2;0
ONNIX CC LTDA. - PRUDENCIAL;1000082011;n2;S4;I;2;PORTO ALEGRE;RS;03/2026;992;0;0;250;0;742;72;724;15,59%;13,46%;2;0
FATORI SCMEPP - PRUDENCIAL;1000083065;n1;S5;I;2;JOINVILLE;SC;03/2026;977;520;0;16;0;961;-52;961;107,34%;0,00%;2;0
SOL CC - PRUDENCIAL;1000082097;n2;S4;I;2;NATAL;RN;03/2026;957;0;0;722;0;235;-106;235;12,05%;22,14%;2;0
COOPERATIVA DE ECONOMIA E CRÉDITO MÚTUO DOS TRABALHADORES DAS INDÚSTRIAS METALÚRGICAS DE PORTO ALEGRE E GRANDE PORTO ALEGRE;90560434;b3S;S5;I;2;CACHOEIRINHA;RS;03/2026;951;721;0;23;0;929;-5;919;115,50%;2,17%;0;0
COOPERATIVA DE ECONOMIA E CREDITO MUTUO DOS EMPREGADOS NAS INDUSTRIAS QUIMICAS, FARMACEUTICAS E SIMILARES DA REGIAO METROPOLITANA DO RIO DE JANEIRO LTDA;5424088;b3S;S5;I;2;SAO GONCALO;RJ;03/2026;856;305;318;16;0;840;-9;840;105,81%;1,36%;0;0
NGO ASSOCIADOS CC LTDA. - PRUDENCIAL;1000082152;n2;S5;I;2;SAO PAULO;SP;03/2026;851;0;0;432;0;419;-72;419;17,74%;10,93%;2;0
FIDUCIAL DTVM LTDA - PRUDENCIAL;1000084198;n2;S5;I;2;BELO HORIZONTE;MG;03/2026;850;0;507;70;0;781;138;781;31,76%;5,74%;2;0
EURO17 SCD - PRUDENCIAL;1000088314;n1;S5;I;2;SAO PAULO;SP;03/2026;845;813;28;10;0;835;-89;835;121,72%;0,00%;2;0
SADOC CC - PRUDENCIAL;1000084758;n2;S5;I;2;FORTALEZA;CE;03/2026;838;0;0;375;0;463;-473;463;9,72%;9,03%;2;0
COOPERATIVA DE ECONOMIA E CRÉDITO MÚTUO DOS BANCÁRIOS DE BELO HORIZONTE E REGIÃO METROPOLITANA LTDA. - COOPEB;71502181;b3S;S5;I;2;BELO HORIZONTE;MG;03/2026;793;601;37;45;0;748;-9;716;133,01%;0,52%;0;0
CORREPARTI CC LTDA - PRUDENCIAL;1000082231;n2;S5;I;2;SAO JOSE DOS PINHAIS;PR;03/2026;762;0;209;152;0;610;-45;610;18,86%;0,30%;2;0
CRYSTAL BMC IP - PRUDENCIAL;1000086196;n4;NA;I;2;BARUERI;SP;03/2026;743;0;68;6;0;737;-55;74;203,97%;NA%;1;0
COOPERATIVA DE ECONOMIA E CRÉDITO MÚTUO DOS EMPREGADOS DAS EMPRESAS SOMART LTDA.;129753;b3S;S5;I;2;URUCANIA;MG;03/2026;727;16;629;412;0;315;-17;315;38,69%;0,00%;0;0
COOPERATIVA DE ECONOMIA E CREDITO MUTUO DOS EMPREGADOS DO COLEGIO SANTO INACIO - COESI;2447184;b3S;S5;I;2;RIO DE JANEIRO;RJ;03/2026;703;417;44;247;0;456;-46;456;78,41%;1,66%;0;0
AVIPAM CC LTDA. - PRUDENCIAL;1000082042;n2;S4;I;2;RIO DE JANEIRO;RJ;03/2026;648;0;390;37;0;612;11;612;141,54%;0,00%;2;0
CONSEGTUR CC - PRUDENCIAL;1000082303;n2;S4;I;2;SAO PAULO;SP;03/2026;647;0;495;345;0;302;-98;302;13,90%;3,06%;2;0
EBADIVAL - E BAGGIO DTVM LTDA - PRUDENCIAL;1000083876;n2;S5;I;2;CURITIBA;PR;03/2026;602;0;420;5;0;597;-39;597;141,25%;0,10%;2;0
COOPERATIVA DE ECONOMIA E CREDITO MUTUO DOS FUNCIONARIOS DA SANEPAR - CREDISANEPAR;3165497;b3S;S5;I;2;CASCAVEL;PR;03/2026;566;320;227;37;0;528;0;NI;95,07%;NI%;0;0
COOPERATIVA DE ECONOMIA E CRÉDITO MÚTUO DOS FUNCIONÁRIOS DO BANESPA DE BOTUCATU E CIDADES LIMÍTROFES;3219207;b3S;S5;I;2;BOTUCATU;SP;03/2026;557;190;0;10;0;547;3;547;175,75%;0,00%;0;0
COOPERATIVA DE ECONOMIA E CRÉDITO MÚTUO DOS BANCÁRIOS DE JUIZ DE FORA LTDA. - COCBAN;4158581;b3S;S5;I;2;JUIZ DE FORA;MG;03/2026;488;333;0;19;0;469;-5;467;130,13%;0,19%;0;0
ICARO CC LTDA - PRUDENCIAL;1000082190;n2;S5;I;2;CURITIBA;PR;03/2026;475;0;0;17;0;459;42;459;80,94%;1,11%;2;0
COOPERATIVA DE ECONOMIA E CRÉDITO MÚTUO DOS BANCÁRIOS DE SOROCABA E REGIÃO;71491609;b3S;S5;I;2;SOROCABA;SP;03/2026;414;151;169;90;0;323;15;323;96,68%;0,00%;0;0
BRB - PRUDENCIAL;1000080288;b1;S3;C;1;BRASILIA;DF;03/2026;NI;NI;NI;NI;NI;NI;NI;NI;NI%;NI%;69;200
BCO CATERPILLAR S.A. - PRUDENCIAL;1000081397;b2;S4;I;3;SAO PAULO;SP;03/2026;NI;NI;NI;NI;NI;NI;NI;1.334.547;19,68%;1,19%;2;0
CREDILON SCM REG. LONDRINA LTD - PRUDENCIAL;1000083120;n1;S5;I;2;LONDRINA;PR;03/2026;NI;NI;NI;NI;NI;NI;NI;1.016;112,63%;NI%;2;0
ATRIA S.A. - CFI - PRUDENCIAL;1000083508;n1;S5;I;2;ARAUCARIA;PR;03/2026;NI;NI;NI;NI;NI;NI;NI;NI;NI%;NI%;1;0
LEBES FINANCEIRA SCFI - PRUDENCIAL;1000083656;n1;S5;I;2;ELDORADO;RS;03/2026;NI;NI;NI;NI;NI;NI;NI;NI;NI%;NI%;2;0
H.COMMCOR DTVM LTDA. - PRUDENCIAL;1000084222;n2;S4;I;2;SAO PAULO;SP;03/2026;NI;NI;NI;NI;NI;NI;NI;10.056;48,99%;1,64%;2;0
BANCO RIBEIRÃO PRETO - PRUDENCIAL;1000084349;b1;S4;I;3;RIBEIRAO PRETO;SP;03/2026;NI;NI;NI;NI;NI;NI;NI;233.381;15,88%;6,93%;2;0
FRENTE CC - PRUDENCIAL;1000084387;n2;S4;I;2;SAO PAULO;SP;03/2026;NI;NI;NI;NI;NI;NI;NI;NI;NI%;NI%;2;0
TERRA INVESTIMENTOS DTVM - PRUDENCIAL;1000084514;n2;S4;C;2;SAO PAULO;SP;03/2026;NI;NI;NI;NI;NI;NI;NI;92.144;25,02%;2,15%;6;0
COBUCCIO SCFI - PRUDENCIAL;1000085173;n1;S4;C;2;MONTE BELO;MG;03/2026;NI;NI;NI;NI;NI;NI;NI;NI;NI%;NI%;5;0
ACCREDITO SCD - PRUDENCIAL;1000085331;n1;S4;C;2;SAO PAULO;SP;03/2026;NI;NI;NI;NI;NI;NI;NI;70.997;29,53%;0,17%;2;0
FFCRED SCD - PRUDENCIAL;1000085489;n1;S4;C;2;ERECHIM;RS;03/2026;NI;NI;NI;NI;NI;NI;NI;16.156;5,05%;5,84%;4;0
FINVEST DTVM - PRUDENCIAL;1000085544;n2;S4;C;2;SAO PAULO;SP;03/2026;NI;NI;NI;NI;NI;NI;NI;NI;NI%;NI%;2;0
ID CTVM - PRUDENCIAL;1000085582;n2;S4;I;2;SAO PAULO;SP;03/2026;NI;NI;NI;NI;NI;NI;NI;12.024;18,35%;2,31%;2;0
PEAK SEP - PRUDENCIAL;1000085881;n1;S5;I;2;SAO PAULO;SP;03/2026;NI;NI;NI;NI;NI;NI;NI;NI;NI%;NI%;2;0
QUANTO NETWORK IP - PRUDENCIAL;1000085939;n4;NA;I;2;SAO PAULO;SP;03/2026;NI;NI;NI;NI;NI;NI;NI;NI;NI%;NA%;1;0
ACTIVTRADES CCTVM - PRUDENCIAL;1000085977;n2;S4;I;3;FLORIANOPOLIS;SC;03/2026;NI;NI;NI;NI;NI;NI;NI;9.978;38,82%;3,94%;2;0
FIDEM SCD - PRUDENCIAL;1000086141;n1;S5;I;2;SANTA MARIA;RS;03/2026;NI;NI;NI;NI;NI;NI;NI;240;18,66%;NI%;2;0
QUADRA SCD - PRUDENCIAL;1000086646;n1;S5;I;2;SAO PAULO;SP;03/2026;NI;NI;NI;NI;NI;NI;NI;NI;NI%;NI%;2;0
PAGPRIME IP - PRUDENCIAL;1000086880;n4;NA;I;2;GOIANIA;GO;03/2026;NI;NI;NI;NI;NI;NI;NI;-831;-21,96%;NA%;1;0
IDEA MAKER IP - PRUDENCIAL;1000086914;n4;NA;I;2;SAO PAULO;SP;03/2026;NI;NI;NI;NI;NI;NI;NI;-1.671;-80,11%;NA%;1;0
KONECT SCD - PRUDENCIAL;1000087009;n1;S5;I;2;SAO PAULO;SP;03/2026;NI;NI;NI;NI;NI;NI;NI;NI;NI%;NI%;2;0
QESH IP - PRUDENCIAL;1000087030;n4;NA;I;2;NOVA LIMA;MG;03/2026;NI;NI;NI;NI;NI;NI;NI;NI;NI%;NA%;1;0
Z1 INSTITUIÇÃO DE PAGAMENTO - PRUDENCIAL;1000087102;n4;NA;I;3;SAO PAULO;SP;03/2026;NI;NI;NI;NI;NI;NI;NI;NI;NI%;NA%;1;0
VERT DTVM - PRUDENCIAL;1000087171;n2;S4;I;2;SAO PAULO;SP;03/2026;NI;NI;NI;NI;NI;NI;NI;5.058;67,06%;0,00%;2;0
MH SCD - PRUDENCIAL;1000087188;n1;S5;I;2;CIANORTE;PR;03/2026;NI;NI;NI;NI;NI;NI;NI;NI;NI%;NI%;2;0
TYCOON TECHNOLOGY IP - PRUDENCIAL;1000087274;n4;NA;I;2;CURITIBA;PR;03/2026;NI;NI;NI;NI;NI;NI;NI;NI;NI%;NA%;1;0
3X IP - PRUDENCIAL;1000087597;n4;NA;I;2;BELO HORIZONTE;MG;03/2026;NI;NI;NI;NI;NI;NI;NI;NI;NI%;NA%;1;0
FATURACRED SCD - PRUDENCIAL;1000088091;n1;S5;I;2;VILA VELHA;ES;03/2026;NI;NI;NI;NI;NI;NI;NI;NI;NI%;NI%;2;0
FEATBANK IP - PRUDENCIAL;1000088204;n4;NA;I;2;SAO PAULO;SP;03/2026;NI;NI;NI;NI;NI;NI;NI;NI;NI%;NA%;1;0
FIRST SCD - PRUDENCIAL;1000088572;n1;S5;I;2;RIO DE JANEIRO;RJ;03/2026;NI;NI;NI;NI;NI;NI;NI;2.951;139,47%;NI%;2;0
REAG IP - PRUDENCIAL;1000088840;n4;NA;C;2;SAO PAULO;SP;03/2026;NI;NI;NI;NI;NI;NI;NI;NI;NI%;NA%;1;0
COOPERATIVA DE CREDITO RURAL SEARA - CREDISEARA;204963;b3S;S5;I;2;SEARA;SC;03/2026;NI;NI;NI;NI;NI;NI;NI;NI;NI%;NI%;0;5
COOPERATIVA DE ECONOMIA E CRÉDITO MÚTUO DOS SERVIDORES PÚBLICOS DO ESTADO DE SÃO PAULO - CREDIPAULISTA;3139644;b3S;S5;I;2;SAO PAULO;SP;03/2026;NI;NI;NI;NI;NI;NI;NI;69.310;90,03%;5,85%;0;0
COOPERATIVA DE ECONOMIA E CREDITO MUTUO DOS TRABALHADORES PORTUARIOS DA GRANDE VITORIA - CREDESTIVA.;3844699;b3S;S5;I;2;VITORIA;ES;03/2026;NI;NI;NI;NI;NI;NI;NI;11.355;83,39%;2,01%;0;0
COOPESTADO - COOPERATIVA DE ECONOMIA E CRÉDITO MÚTUO DOS SERVIDORES PÚBLICOS NA REGIÃO METROPOLITANA DO ESTADO DO RIO DE JANEIRO LIMITADA;4995006;b3S;S5;I;2;RIO DE JANEIRO;RJ;03/2026;NI;NI;NI;NI;NI;NI;NI;NI;NI%;NI%;0;0
COOPERATIVA DE CRÉDITO, POUPANÇA E SERVIÇOS FINANCEIROS - EM LIQUIDAÇÃO EXTRAJUDICIAL;5491616;b3S;S5;I;2;MINEIROS;GO;03/2026;NI;NI;NI;NI;NI;NI;NI;NI;NI%;NI%;0;1
COOPERATIVA DE CRÉDITO MÚTUO DOS SERVIDORES MUNICIPAIS DE BEBEDOURO - COOCRESB.;5969937;b3S;S5;I;2;BEBEDOURO;SP;03/2026;NI;NI;NI;NI;NI;NI;NI;NI;NI%;NI%;0;0
COOPERATIVA DE ECONOMIA E CRÉDITO MÚTUO DOS FUNCIONÁRIOS DO PODER JUDICIÁRIO E SERVIDORES PÚBLICOS DO ESTADO DE SÃO PAULO - SPCRED;7651495;b3S;S5;I;2;SAO PAULO;SP;03/2026;NI;NI;NI;NI;NI;NI;NI;1.679;80,23%;NI%;0;0
COOPERATIVA DE CRÉDITO RURAL DO AGRESTE ALAGOANO - COOPERAGRE;8482873;b3S;S5;I;2;IGACI;AL;03/2026;NI;NI;NI;NI;NI;NI;NI;NI;NI%;NI%;0;0
COOPERATIVA DE CRÉDITO DOS FUNCIONÁRIOS DA PERPART, DO IPA E DA ADAGRO - COOPEMATER;11356599;b3S;S5;I;2;RECIFE;PE;03/2026;NI;NI;NI;NI;NI;NI;NI;NI;NI%;NI%;0;0
COOPERATIVA DE CRÉDITO MÚTUO DOS EMPREGADOS DO CENTRO UNIVERSITÁRIO NEWTON PAIVA LTDA. - CREDIPAIVA;20833992;b3S;S5;I;2;BELO HORIZONTE;MG;03/2026;NI;NI;NI;NI;NI;NI;NI;NI;NI%;NI%;0;0
COOPERATIVA DE CRÉDITO DOS SERVIDORES DA UNIVERSIDADE FEDERAL DO ESPIRITO SANTO;27302181;b3S;S5;I;2;VITORIA;ES;03/2026;NI;NI;NI;NI;NI;NI;NI;NI;NI%;NI%;0;4
COOPERATIVA DE ECONOMIA E CREDITO MUTUO JOHN F. KENNEDY LTDA;33735192;b3S;S5;I;2;RIO DE JANEIRO;RJ;03/2026;NI;NI;NI;NI;NI;NI;NI;7.695;74,03%;NI%;0;2
COOPERATIVA DE ECONOMIA E CRÉDITO MÚTUO DOS FUNCIONÁRIOS DA ASSEMBLÉIA LEGISLATIVA DO ESTADO DA PARAÍBA LTDA. -  COOPERLEGIS;41146382;b3S;S5;I;2;JOAO PESSOA;PB;03/2026;NI;NI;NI;NI;NI;NI;NI;NI;NI%;NI%;0;0
COOPERATIVA DE CRÉDITO E INVESTIMENTO UNINDÚSTRIA;53841911;b3S;S5;I;2;CONCORDIA;SC;03/2026;NI;NI;NI;NI;NI;NI;NI;6.906;24,57%;7,62%;0;2
COOPERATIVA DE CRÉDITO DE SERVIDORES DO PODER JUDICIÁRIO DA BAHIA LTDA. - COOPEJUS BAHIA;62223733;b3S;S5;I;2;SALVADOR;BA;03/2026;NI;NI;NI;NI;NI;NI;NI;NI;NI%;NI%;0;0
COOPERATIVA DE ECONOMIA E CRÉDITO MÚTUO DOS EMPREGADOS DA PRODAM/SP - CREDIPRODAM;67031757;b3S;S5;I;2;SAO PAULO;SP;03/2026;NI;NI;NI;NI;NI;NI;NI;NI;NI%;NI%;0;0
COOPERATIVA DE ECONOMIA E CRÉDITO MÚTUO DOS FUNCIONÁRIOS DO GRUPO VOTORANTIM LIMITADA.;75174953;b3S;S5;I;2;RIO BRANCO DO SUL;PR;03/2026;NI;NI;NI;NI;NI;NI;NI;NI;NI%;NI%;0;0
COOPERATIVA DE ECONOMIA E CRÉDITO MÚTUO DOS ELETRICITÁRIOS E DOS TRABALHADORES DAS EMPRESAS DO SETOR DE ENERGIA - COOPCRECE;92825397;b3S;S5;I;2;PORTO ALEGRE;RS;03/2026;NI;NI;NI;NI;NI;NI;NI;NI;NI%;NI%;0;1
SR - Segmento Resolução nº 4.553/2017
S1 - Segmento 1;;;;;;;;;11.890.627.152;5.338.701.390;2.595.599.865;10.993.387.684;9.333.818.148;897.239.468;32.144.869;964.252.907;;;12.001;5.883;
S1 - Segmento 1;;;;;;;;;63,93%;67,48%;61,00%;65,15%;68,58%;51,92%;58,18%;54,69%;;;78,46%;32,76%;
S2 - Segmento 2;;;;;;;;;2.946.589.001;1.008.279.491;854.515.683;2.641.392.281;2.014.366.028;305.196.720;7.604.175;350.969.959;;;1.105;58;
S2 - Segmento 2;;;;;;;;;15,84%;12,74%;20,08%;15,65%;14,80%;17,66%;13,76%;19,90%;;;7,22%;0,32%;
S3 - Segmento 3;;;;;;;;;2.213.401.950;903.654.911;519.094.919;1.950.923.042;1.386.883.312;262.478.907;9.106.404;240.260.171;;;833;1.330;
S3 - Segmento 3;;;;;;;;;11,90%;11,42%;12,20%;11,56%;10,19%;15,19%;16,48%;13,63%;;;5,45%;7,41%;
S4 - Segmento 4;;;;;;;;;901.769.908;395.757.350;243.940.452;742.645.151;515.218.551;159.124.757;3.441.273;129.816.603;;;787;4.751;
S4 - Segmento 4;;;;;;;;;4,85%;5,00%;5,73%;4,40%;3,79%;9,21%;6,23%;7,36%;;;5,15%;26,45%;
S5 - Segmento 5;;;;;;;;;492.837.154;262.648.333;30.823.097;412.071.826;335.428.108;80.765.328;2.258.444;67.587.830;;;435;5.938;
S5 - Segmento 5;;;;;;;;;2,65%;3,32%;0,72%;2,44%;2,46%;4,67%;4,09%;3,83%;;;2,84%;33,06%;
TCB - Tipo de Consolidado Bancário
b1 - Banco Comercial, Banco Múltiplo com Carteira Comercial ou Caixa Econômica;;;;;;;;;15.125.625.762;6.428.465.192;3.549.722.800;13.947.826.920;11.656.635.806;1.177.798.842;40.185.020;1.266.566.322;;;14.070;8.038;
b1 - Banco Comercial, Banco Múltiplo com Carteira Comercial ou Caixa Econômica;;;;;;;;;81,32%;81,26%;83,42%;82,67%;85,65%;68,16%;72,74%;71,83%;;;91,98%;44,76%;
b2 - Banco Múltiplo sem Carteira Comercial ou Banco de Investimento ou Banco de Câmbio;;;;;;;;;336.694.263;232.548.472;45.997.496;278.686.292;227.726.034;58.007.971;1.155.555;48.559.374;;;87;0;
b2 - Banco Múltiplo sem Carteira Comercial ou Banco de Investimento ou Banco de Câmbio;;;;;;;;;1,81%;2,94%;1,08%;1,65%;1,67%;3,36%;2,09%;2,75%;;;0,57%;0,00%;
b3S - Cooperativa de Crédito Singulares;;;;;;;;;956.115.490;536.297.259;163.812.010;819.375.603;637.499.276;136.739.886;3.848.308;134.423.459;;;0;9.903;
b3S - Cooperativa de Crédito Singulares;;;;;;;;;5,14%;6,78%;3,85%;4,86%;4,68%;7,91%;6,97%;7,62%;;;0,00%;55,14%;
b3C - Central e Confederação de Cooperativas de Crédito;;;;;;;;;238.803.157;2.857.961;92.396.964;219.469.276;27.115.193;19.333.880;384.759;8.403.635;;;0;11;
b3C - Central e Confederação de Cooperativas de Crédito;;;;;;;;;1,28%;0,04%;2,17%;1,30%;0,20%;1,12%;0,70%;0,48%;;;0,00%;0,06%;
b4 - Banco de Desenvolvimento;;;;;;;;;1.041.311.416;440.432.366;278.085.253;841.380.438;634.889.159;199.930.978;3.639.745;222.422.619;;;13;0;
b4 - Banco de Desenvolvimento;;;;;;;;;5,60%;5,57%;6,54%;4,99%;4,67%;11,57%;6,59%;12,61%;;;0,08%;0,00%;
n1 - Não Bancário de Crédito;;;;;;;;;731.183.227;268.440.214;111.303.484;621.822.157;392.346.291;109.361.069;5.201.875;69.012.824;;;636;0;
n1 - Não Bancário de Crédito;;;;;;;;;3,93%;3,39%;2,62%;3,69%;2,88%;6,33%;9,42%;3,91%;;;4,16%;0,00%;
n2 - Não Bancário de Mercado de Capitais;;;;;;;;;16.654.767;12;2.785.520;12.562.356;9.502.388;4.092.411;191.826;3.499.238;;;355;8;
n2 - Não Bancário de Mercado de Capitais;;;;;;;;;0,09%;0,00%;0,07%;0,07%;0,07%;0,24%;0,35%;0,20%;;;2,32%;0,04%;
n4 - Instituições de Pagamento;;;;;;;;;154.305.366;2.268.210;11.023.372;131.556.867;23.483.223;22.748.499;640.217;10.353.759;;;135;0;
n4 - Instituições de Pagamento;;;;;;;;;0,83%;0,03%;0,26%;0,78%;0,17%;1,32%;1,16%;0,59%;;;0,88%;0,00%;
TC - Tipo de Controle
1 - Público;;;;;;;;;6.400.373.362;3.064.726.761;1.628.216.721;5.845.108.019;4.998.301.227;555.265.344;11.065.821;623.112.668;;;8.323;1.528;
1 - Público;;;;;;;;;34,41%;38,74%;38,26%;34,64%;36,73%;32,13%;20,03%;35,34%;;;54,41%;8,51%;
2 - Privado Nacional;;;;;;;;;9.148.188.099;3.666.601.403;2.020.545.516;8.292.907.369;6.501.334.574;855.280.730;32.428.839;831.073.188;;;5.142;13.601;
2 - Privado Nacional;;;;;;;;;49,18%;46,35%;47,48%;49,15%;47,77%;49,50%;58,70%;47,13%;;;33,62%;75,73%;
3 - Privado com Controle Estrangeiro;;;;;;;;;3.052.131.985;1.179.981.521;606.364.662;2.734.664.521;2.109.561.570;317.467.465;11.752.645;309.055.373;;;1.831;2.831;
3 - Privado com Controle Estrangeiro;;;;;;;;;16,41%;14,92%;14,25%;16,21%;15,50%;18,37%;21,27%;17,53%;;;11,97%;15,76%;
TD - Tipo de Consolidação
C - Conglomerado;;;;;;;;;16.931.647.288;7.116.428.076;3.916.087.285;15.441.256.830;12.666.923.603;1.490.390.458;49.741.515;1.544.697.932;;;14.028;8.011;
C - Conglomerado;;;;;;;;;91,03%;89,95%;92,03%;91,52%;93,08%;86,25%;90,03%;87,61%;;;91,71%;44,60%;
I - Instituição independente;;;;;;;;;1.669.046.159;794.881.609;339.039.613;1.431.423.079;942.273.767;237.623.080;5.505.790;218.543.298;;;1.268;9.949;
I - Instituição independente;;;;;;;;;8,97%;10,05%;7,97%;8,48%;6,92%;13,75%;9,97%;12,39%;;;8,29%;55,40%;
