Instituição;Código;Conglomerado Prudencial;Conglomerado Financeiro;Conglomerado Prudencial;TCB;TC;TI;Cidade;UF;Data;Ativo Total;Carteira de Crédito;Títulos e Valores Mobiliários;Passivo Exigível;Captações;Patrimônio Líquido;Lucro Líquido;Número de Agências;Número de Postos de Atendimento;
BANCO DO BRASIL S.A.;0;BB - PRUDENCIAL;00049906;00080329;b1;1;1;BRASILIA;DF;03/2026;2.494.074.552;1.058.106.636;704.481.403;2.307.554.277;1.993.079.683;186.520.275;3.032.862;3.946;316
CAIXA ECONOMICA FEDERAL;360305;CAIXA ECONÔMICA FEDERAL - PRUDENCIAL;00051626;00080738;b1;1;6;BRASILIA;DF;03/2026;2.341.423.338;1.326.305.265;434.891.894;2.226.534.922;2.046.609.674;114.888.417;3.093.792;3.008;865
ITAÚ UNIBANCO S.A.;60701190;ITAU - PRUDENCIAL;00010069;00080099;b1;2;8;SAO PAULO;SP;03/2026;2.164.397.264;667.649.841;518.427.207;2.002.725.754;1.855.391.489;161.671.510;9.884.979;1.475;1.390
BANCO BRADESCO S.A.;60746948;BRADESCO - PRUDENCIAL;00010045;00080075;b1;2;8;OSASCO;SP;03/2026;1.926.307.365;726.064.672;275.210.812;1.752.758.165;1.523.543.450;173.549.200;5.030.151;2.101;772
BANCO SANTANDER (BRASIL) S.A.;90400888;SANTANDER - PRUDENCIAL;00030379;00080185;b1;3;8;SAO PAULO;SP;03/2026;1.213.439.691;361.589.213;237.308.888;1.116.228.950;940.254.512;97.210.741;3.838.098;1.303;2.528
BANCO NACIONAL DE DESENVOLVIMENTO ECONOMICO E SOCIAL;33657248;BNDES - PRUDENCIAL;;00081847;b4;1;4;RIO DE JANEIRO;RJ;03/2026;992.991.682;367.321.096;181.951.385;800.966.232;623.709.476;192.025.450;3.748.910;5;0
BANCO BTG PACTUAL S.A.;30306294;BTG PACTUAL - PRUDENCIAL;00049944;00080336;b1;2;8;RIO DE JANEIRO;RJ;03/2026;657.008.685;83.049.742;244.799.237;582.498.319;484.196.841;74.510.366;4.570.396;28;0
ITAÚ UNIBANCO HOLDING S.A.;60872504;ITAU - PRUDENCIAL;00010069;00080099;b2;2;8;SAO PAULO;SP;03/2026;472.332.053;173.606.267;37.718.797;272.555.271;104.478.832;199.776.782;11.654.250;2;7
BANCO SAFRA S.A.;58160789;SAFRA - PRUDENCIAL;00010083;00080109;b1;2;8;SAO PAULO;SP;03/2026;268.618.255;94.301.148;49.385.339;251.303.098;213.497.481;17.315.157;979.041;133;3
NU FINANCEIRA S.A. - SOCIEDADE DE CRÉDITO, FINANCIAMENTO E INVESTIMENTO;30680829;NU PAGAMENTOS - PRUDENCIAL;00052058;00084693;n1;3;14;SAO PAULO;SP;03/2026;249.445.758;74.685.961;68.073.540;236.471.490;216.124.678;12.974.268;2.025.724;2;0
BANCO COOPERATIVO SICREDI S.A.;1181521;BCO COOPERATIVO SICREDI - PRUDENCIAL;;00080745;b1;2;11;PORTO ALEGRE;RS;03/2026;227.959.637;48.426.193;52.635.214;222.579.676;196.067.426;5.379.961;62.768;6;0
BANCO XP S.A.;33264668;XP - PRUDENCIAL;00052120;00082475;b1;2;8;RIO DE JANEIRO;RJ;03/2026;226.236.808;32.817.840;74.298.772;214.749.548;179.466.781;11.487.260;-33.358;2;0
BANCO COOPERATIVO SICOOB S.A. - BANCO SICOOB;2038232;BANCO SICOOB - PRUDENCIAL;00051750;00080879;b1;2;11;BRASILIA;DF;03/2026;203.794.132;42.474.028;59.505.363;197.619.474;171.392.923;6.174.658;184.675;5;0
BANCO CITIBANK S.A.;33479023;CITIBANK - PRUDENCIAL;00030403;00080192;b1;3;8;SAO PAULO;SP;03/2026;169.214.768;29.611.651;46.597.104;164.453.089;143.886.026;4.761.678;183.769;47;8
REDECARD INSTITUIÇÃO DE PAGAMENTO S.A.;1425787;ITAU - PRUDENCIAL;;00080099;n4;2;41;SAO PAULO;SP;03/2026;166.877.544;0;10.005.169;126.326.033;8.942.173;40.551.511;840.834;1;0
BANCO DO ESTADO DO RIO GRANDE DO SUL S.A.;92702067;BANRISUL - PRUDENCIAL;00030173;00080154;b1;1;8;PORTO ALEGRE;RS;03/2026;164.204.677;60.227.152;69.908.575;152.881.439;142.196.197;11.323.238;221.407;512;43
BANCO VOTORANTIM S.A.;59588111;VOTORANTIM - PRUDENCIAL;00051011;00080484;b1;2;8;SAO PAULO;SP;03/2026;144.744.663;71.720.961;31.858.270;132.061.657;108.155.934;12.683.005;475.906;4;3
XP INVESTIMENTOS CORRETORA DE CÂMBIO,TÍTULOS E VALORES MOBILIÁRIOS S/A;2332886;XP - PRUDENCIAL;00052120;00082475;n2;2;15;RIO DE JANEIRO;RJ;03/2026;138.988.643;0;37.473.289;131.583.017;93.034.580;7.405.625;23.679;5;0
BANCO J.P. MORGAN S.A.;33172537;JP MORGAN CHASE - PRUDENCIAL;00020107;00080116;b1;3;8;SAO PAULO;SP;03/2026;122.814.828;2.701.253;47.609.796;111.495.784;96.766.399;11.319.043;552.449;3;0
CIELO S.A. - INSTITUIÇÃO DE PAGAMENTO;1027058;CIELO IP - PRUDENCIAL;;00084710;n4;2;41;BARUERI;SP;03/2026;117.467.458;0;7.530.179;106.033.231;10.691.452;11.434.228;326.580;1;0
NU PAGAMENTOS S.A. - INSTITUIÇÃO DE PAGAMENTO;18236120;NU PAGAMENTOS - PRUDENCIAL;;00084693;n4;3;41;SAO PAULO;SP;03/2026;114.849.761;72.339.093;661.831;93.849.637;2.967.957;21.000.124;1.410.234;1;0
BANCO C6 S.A.;31872495;BANCO C6 - PRUDENCIAL;00052072;00084844;b1;2;8;SAO PAULO;SP;03/2026;102.807.723;48.795.286;31.458.862;100.267.350;77.163.485;2.540.373;334.633;2;0
BANCO INTER S.A.;416968;INTER - PRUDENCIAL;00051884;00080996;b1;2;8;BELO HORIZONTE;MG;03/2026;97.024.908;44.329.072;26.852.986;89.693.048;74.911.634;7.331.860;332.661;2;0
MERCADO PAGO INSTITUIÇÃO DE PAGAMENTO LTDA.;10573521;MERCADO PAGO IP - PRUDENCIAL;;00084820;n4;3;41;OSASCO;SP;03/2026;95.878.860;19.992.075;1.467.771;92.800.155;51.823.181;3.078.705;-87.228;1;0
SANTANDER SOCIEDADE DE CRÉDITO, FINANCIAMENTO E INVESTIMENTO S.A.;7707650;SANTANDER - PRUDENCIAL;00030379;00080185;n1;3;14;SAO PAULO;SP;03/2026;93.381.792;77.587.374;9.300.958;88.373.407;83.075.795;5.008.385;299.565;1;0
BANCO DAYCOVAL S.A.;62232889;BCO DAYCOVAL S.A - PRUDENCIAL;00051987;00081744;b1;2;8;SAO PAULO;SP;03/2026;90.867.626;51.449.648;18.626.642;83.511.003;73.557.143;7.356.622;441.286;53;0
STONE INSTITUIÇÃO DE PAGAMENTO S.A.;16501555;STONE IP - PRUDENCIAL;;00084686;n4;3;41;SAO PAULO;SP;03/2026;85.506.383;0;30.011.771;82.187.895;31.204.904;3.318.488;999.067;1;0
BANCO DO NORDESTE DO BRASIL S.A.;7237373;BCO DO NORDESTE DO BRASIL S.A. - PRUDENCIAL;;00081593;b1;1;8;FORTALEZA;CE;03/2026;75.643.743;18.145.187;44.005.173;59.043.145;22.484.396;16.600.598;488.016;301;1
BANCO PAN S.A.;59285411;BTG PACTUAL - PRUDENCIAL;00049944;00080336;b1;2;8;RIO DE JANEIRO;RJ;03/2026;75.544.785;51.343.299;7.387.612;67.179.868;62.856.625;8.364.918;294.759;2;0
GETNET ADQUIRÊNCIA E SERVIÇOS PARA MEIOS DE PAGAMENTO S.A. INSTITUIÇÃO DE PAGAMENTO;10440482;SANTANDER - PRUDENCIAL;;00080185;n4;3;41;SAO PAULO;SP;03/2026;74.743.716;0;454.640;71.186.306;248.386;3.557.410;207.198;1;0
PAGSEGURO INTERNET INSTITUIÇÃO DE PAGAMENTO S.A.;8561701;PAGSEGURO - PRUDENCIAL;;00084813;n4;2;41;SAO PAULO;SP;03/2026;72.408.301;666.000;5.123.712;66.612.946;45.919.424;5.795.355;231.211;1;0
BANCO BRADESCO FINANCIAMENTOS S.A.;7207996;BRADESCO - PRUDENCIAL;00010045;00080075;b1;2;8;OSASCO;SP;03/2026;66.807.271;50.785.180;58.802;66.177.428;63.467.369;629.843;3.838;2;5
BANCO ABC BRASIL S.A.;28195667;ABC-BRASIL - PRUDENCIAL;00041856;00080312;b1;3;8;SAO PAULO;SP;03/2026;65.121.927;18.019.523;28.892.611;57.974.335;49.444.712;7.147.592;230.210;13;0
BANCO DA AMAZONIA S.A.;4902979;BCO DA AMAZONIA S.A. - PRUDENCIAL;;00081249;b1;1;2;BELEM;PA;03/2026;64.644.431;39.703.382;18.300.687;57.461.600;14.847.607;7.182.831;47.537;115;0
BANCO VOLKSWAGEN S.A.;59109165;VOLKSWAGEN - PRUDENCIAL;;00080202;b2;3;8;SAO PAULO;SP;03/2026;58.293.902;48.315.779;678.855;53.045.795;44.890.036;5.248.107;-111.882;2;0
BANCO RABOBANK INTERNATIONAL BRASIL S.A.;1023570;BCO RABOBANK INTL BRASIL S.A. - PRUDENCIAL;;00081555;b1;3;8;SAO PAULO;SP;03/2026;56.389.105;38.503.225;7.480.571;50.726.092;46.097.897;5.663.013;110.640;19;0
BANCO BNP PARIBAS BRASIL S.A.;1522368;BNP PARIBAS - PRUDENCIAL;;00080673;b1;3;8;SAO PAULO;SP;03/2026;56.162.606;6.481.689;20.346.226;51.478.513;33.090.728;4.684.092;59.703;2;0
BANCO C6 CONSIGNADO S.A.;61348538;BANCO C6 - PRUDENCIAL;00052072;00084844;b1;2;8;SAO PAULO;SP;03/2026;53.646.580;41.724.016;7.225.578;49.909.383;37.196.543;3.737.198;304.307;2;0
BANCO BMG S.A.;61186680;BMG - PRUDENCIAL;00030290;00080178;b1;2;8;SAO PAULO;SP;03/2026;51.407.209;21.521.202;14.663.003;47.166.339;37.167.588;4.240.870;147.090;27;2
BANCO AGIBANK S.A.;10664513;AGIBANK - PRUDENCIAL;00051956;00083694;b1;3;2;CAMPINAS;SP;03/2026;50.640.099;33.197.599;9.810.807;47.233.946;34.193.146;3.406.153;142.071;2;291
BANCOSEGURO S.A.;10264663;PAGSEGURO - PRUDENCIAL;00052182;00084813;b1;2;8;SAO PAULO;SP;03/2026;50.374.589;45.931.485;251.241;48.981.792;48.711.451;1.392.797;36.896;2;0
BANK OF AMERICA MERRILL LYNCH BANCO MÚLTIPLO S.A.;62073200;BOFA MERRILL LYNCH - PRUDENCIAL;00051255;00080556;b1;3;8;SAO PAULO;SP;03/2026;46.234.202;2.251.940;12.408.655;39.676.113;27.244.150;6.558.089;263.407;2;0
PICPAY BANK - BANCO MÚLTIPLO S.A;9516419;PICPAY - PRUDENCIAL;00052632;00088022;b1;2;8;SAO PAULO;SP;03/2026;43.693.281;25.479.719;9.772.167;41.157.194;31.523.699;2.536.087;4.729;2;0
BANCO CLASSICO S.A.;31597552;BCO CLASSICO S.A. - PRUDENCIAL;;00081665;b1;2;8;RIO DE JANEIRO;RJ;03/2026;43.622.945;0;37.925.904;20.217.299;5.227.665;23.405.646;-1.162;2;0
BANCO MERCANTIL DO BRASIL S.A.;17184037;MERCANTIL DO BRASIL - PRUDENCIAL;00020152;00080123;b1;2;8;BELO HORIZONTE;MG;03/2026;40.512.154;23.365.437;4.086.702;37.527.371;30.074.868;2.984.783;273.100;3;298
BANESTES S.A. BANCO DO ESTADO DO ESPIRITO SANTO;28127603;BANESTES - PRUDENCIAL;00030159;00080147;b1;1;8;VITORIA;ES;03/2026;40.167.252;12.346.281;18.941.050;37.727.315;36.279.538;2.439.937;90.703;86;62
BANCO PINE S.A.;62144175;PINE - PRUDENCIAL;00050304;00080374;b1;2;8;SAO PAULO;SP;03/2026;35.794.933;14.027.605;16.345.110;34.062.171;29.293.290;1.732.762;149.900;3;0
BANCO ORIGINAL S.A.;92894922;ORIGINAL - PRUDENCIAL;;00080903;b1;2;8;SAO PAULO;SP;03/2026;33.654.383;16.397.391;6.297.243;31.380.990;28.968.526;2.273.393;108.760;2;0
COOPERATIVA CENTRAL DE CRÉDITO DE MINAS GERAIS LTDA. - SICOOB CENTRAL CREDIMINAS;25683434;;;;b3C;2;9;BELO HORIZONTE;MG;03/2026;31.970.633;153.827;15.008.657;30.188.797;870.983;1.781.836;53.451;0;0
GOLDMAN SACHS DO BRASIL BANCO MULTIPLO S.A.;4332281;GOLDMAN SACHS - PRUDENCIAL;00051585;00080714;b2;3;8;SAO PAULO;SP;03/2026;31.828.772;11.370;16.804.599;26.318.496;10.895.711;5.510.276;291.495;2;0
BANCO REGIONAL DE DESENVOLVIMENTO DO EXTREMO SUL;92816560;BD REGIONAL DO EXTREMO SUL - PRUDENCIAL;;00081311;b4;1;5;PORTO ALEGRE;RS;03/2026;29.932.209;23.849.020;5.283.878;24.792.025;22.990.581;5.140.184;143.772;4;0
BANCO ITAÚ CONSIGNADO S.A.;33885724;ITAU - PRUDENCIAL;00010069;00080099;b1;2;8;SAO PAULO;SP;03/2026;29.775.617;20.954.654;0;28.857.626;28.210.912;917.991;-48.453;2;0
STONE SOCIEDADE DE CREDITO, FINANCIAMENTO E INVESTIMENTO S.A.;53505601;STONE IP - PRUDENCIAL;00084686;00084686;n1;3;14;SAO PAULO;SP;03/2026;29.592.083;27.640.325;31.509;29.401.426;28.879.313;190.657;495;2;0
SAFRA CRÉDITO, FINANCIAMENTO E INVESTIMENTO S.A.;45437547;SAFRA - PRUDENCIAL;00010083;00080109;n1;2;14;SAO PAULO;SP;03/2026;29.333.724;18.196.515;1.362.715;28.916.926;28.302.411;416.798;33.273;2;0
BANCO BOCOM BBM S.A.;15114366;BOCOM - PRUDENCIAL;00052003;00084624;b1;3;8;SALVADOR;BA;03/2026;29.214.381;13.957.623;6.979.424;27.465.133;25.404.875;1.749.248;119.754;4;0
BANCO DIGIO S.A.;27098060;BRADESCO - PRUDENCIAL;00010045;00080075;b2;2;8;OSASCO;SP;03/2026;26.378.049;19.775.193;2.261.084;26.064.758;23.848.046;313.291;38.120;2;0
BANCO CNH INDUSTRIAL CAPITAL S.A.;2992446;BANCO CNH INDUSTRIAL CAPITAL S.A - PRUDENCIAL;;00081407;b2;3;8;CURITIBA;PR;03/2026;26.087.865;23.198.875;1.291;23.378.250;21.569.851;2.709.615;-16.033;2;0
BTG PACTUAL CORRETORA DE TÍTULOS E VALORES MOBILIÁRIOS S.A.;43815158;BTG PACTUAL - PRUDENCIAL;00049944;00080336;n2;2;15;RIO DE JANEIRO;RJ;03/2026;25.953.287;0;1.230.634;25.009.831;633.379;943.456;97.189;6;0
COOPERATIVA CENTRAL DE CRÉDITO DE SANTA CATARINA E RIO GRANDE DO SUL - SICOOB CENTRAL SC/RS;80160260;;;;b3C;2;9;FLORIANOPOLIS;SC;03/2026;25.376.454;288.614;4.270.199;23.849.669;665.586;1.526.785;46.760;0;0
CENTRAL DAS COOPERATIVAS DE ECONOMIA E CREDITO DO ESTADO DE MINAS GERAIS LTDA. - SICOOB CENTRAL CECREMGE;309024;;;;b3C;2;9;BELO HORIZONTE;MG;03/2026;24.662.721;814.960;9.496.744;23.716.479;0;946.242;23.218;0;0
PORTOSEG S.A. - CREDITO, FINANCIAMENTO E INVESTIMENTO;4862600;PORTO SEGURO - PRUDENCIAL;00051444;00080642;n1;2;14;SAO PAULO;SP;03/2026;24.046.217;20.218.003;1.613.517;22.697.130;5.773.242;1.349.088;-11.851;2;0
CITIBANK N.A.;33042953;CITIBANK - PRUDENCIAL;00030403;00080192;b1;3;28;SAO PAULO;SP;03/2026;23.566.851;25.160;2.236.936;18.578.344;12.669.032;4.988.507;122.199;2;0
BANCO CSF S.A.;8357240;BCO CSF S.A. - PRUDENCIAL;;00081610;b2;2;8;SAO PAULO;SP;03/2026;22.661.301;17.914.604;936.577;19.390.234;4.445.321;3.271.067;130.447;2;0
MERCADO CRÉDITO SOCIEDADE DE CRÉDITO, FINANCIAMENTO E INVESTIMENTO S.A.;37679449;MERCADO PAGO IP - PRUDENCIAL;00084820;00084820;n1;3;14;OSASCO;SP;03/2026;21.225.542;10.397.570;2.842.439;18.472.430;14.520.807;2.753.112;56.690;2;0
BANCO CRÉDIT AGRICOLE BRASIL S.A.;75647891;CREDIT AGRICOLE - PRUDENCIAL;;00080491;b1;3;8;SAO PAULO;SP;03/2026;21.102.001;9.562.819;3.713.526;16.986.639;14.926.651;4.115.361;53.791;2;0
BANCO MERCEDES-BENZ DO BRASIL S.A.;60814191;MERCEDES-BENZ - PRUDENCIAL;00051262;00080563;b2;3;8;SAO BERNARDO DO CAMPO;SP;03/2026;20.666.323;19.005.236;307.508;18.245.097;17.447.340;2.421.226;29.240;2;0
BANCO FIBRA S.A.;58616418;BCO FIBRA S.A. - PRUDENCIAL;;00081483;b1;2;8;SAO PAULO;SP;03/2026;20.121.273;5.201.906;11.350.401;18.749.582;17.525.044;1.371.692;75.017;2;0
DEUTSCHE BANK S.A. - BANCO ALEMAO;62331228;DEUTSCHE - PRUDENCIAL;;00080532;b1;3;8;SAO PAULO;SP;03/2026;19.964.427;3.581.439;4.045.284;16.920.352;13.463.380;3.044.075;71.791;2;0
LUIZACRED S.A. SOCIEDADE DE CRÉDITO, FINANCIAMENTO E INVESTIMENTO;2206577;ITAU - PRUDENCIAL;00010069;00080099;n1;2;14;SAO PAULO;SP;03/2026;19.512.457;17.970.634;25.345;17.313.827;3.246.144;2.198.630;75.933;2;0
BANCO DO ESTADO DO PARÁ S.A.;4913711;BCO DO EST. DO PA S.A. - PRUDENCIAL;;00081586;b1;1;8;BELEM;PA;03/2026;19.510.051;15.176.409;1.386.443;17.285.863;16.287.928;2.224.188;44.286;165;34
CLOUDWALK INSTITUIÇÃO DE PAGAMENTO E SERVICOS LTDA;18189547;CLOUDWALK IP - PRUDENCIAL;;00086581;n4;2;41;SAO PAULO;SP;03/2026;19.069.767;0;686.560;17.035.342;1.563.755;2.034.426;273.336;1;0
STELLANTIS FINANCIAMENTOS SOCIEDADE DE CRÉDITO, FINANCIAMENTO E INVESTIMENTO S.A;3502961;STELLANTIS - PRUDENCIAL;00052508;00087298;n1;3;14;SAO PAULO;SP;03/2026;18.698.725;16.816.735;597.432;16.183.688;15.600.086;2.515.037;39.718;2;0
BRADESCO LEASING S.A. - ARRENDAMENTO MERCANTIL;47509120;BRADESCO - PRUDENCIAL;00010045;00080075;n1;2;19;OSASCO;SP;03/2026;18.639.472;7.774.412;9.389.131;14.041.073;12.685.894;4.598.399;96.080;2;0
BANCO JOHN DEERE S.A.;91884981;BRADESCO - PRUDENCIAL;00010045;00080075;b1;2;8;OSASCO;SP;03/2026;18.625.265;16.862.776;0;14.402.422;14.282.044;4.222.844;38.196;2;0
COOPERATIVA DE CREDITO CREDICITRUS;54037916;;;;b3S;2;9;BEBEDOURO;SP;03/2026;18.485.899;9.013.443;2.848.880;14.894.124;13.030.629;3.591.775;58.638;0;127
BANCO MORGAN STANLEY S.A.;2801938;MORGAN STANLEY - PRUDENCIAL;00051413;00080628;b1;3;8;SAO PAULO;SP;03/2026;18.361.734;292.045;9.410.159;13.922.111;6.194.196;4.439.623;142.903;2;0
SCOTIABANK BRASIL S.A. BANCO MÚLTIPLO;29030467;SCOTIABANK BRASIL - PRUDENCIAL;00052230;00081452;b1;3;8;SAO PAULO;SP;03/2026;17.976.575;2.164.200;4.518.219;14.775.408;13.783.232;3.201.166;90.031;2;0
COOPERATIVA CENTRAL DE CRÉDITO DO ESTADO DE SÃO PAULO - SICOOB SÃO PAULO;63917579;;;;b3C;2;9;RIBEIRAO PRETO;SP;03/2026;17.968.980;0;6.394.661;17.080.608;781.843;888.372;32.687;0;0
BR PARTNERS BANCO DE INVESTIMENTO S.A.;13220493;BR PARTNERS - PRUDENCIAL;;00080934;b2;2;13;SAO PAULO;SP;03/2026;17.780.592;156.875;16.331.487;17.203.418;15.878.034;577.174;-5.257;2;0
COOPERATIVA CENTRAL DE CRÉDITO COM INTERAÇÃO SOLIDÁRIA - CENTRAL CRESOL BASER;1401771;;;;b3C;2;9;FRANCISCO BELTRAO;PR;03/2026;17.765.649;94.876;3.645.004;17.014.329;10.763.982;751.320;26.417;0;0
BANCO SOFISA S.A.;60889128;SOFISA - PRUDENCIAL;00031873;00080271;b1;2;8;SAO PAULO;SP;03/2026;17.565.140;6.930.990;8.660.243;16.415.995;15.097.958;1.149.145;38.657;24;0
BANCO GM S.A.;59274605;GM - PRUDENCIAL;;00080848;b2;3;8;SAO PAULO;SP;03/2026;17.033.831;13.184.881;67.526;14.172.463;12.469.460;2.861.367;216.626;2;0
COOPERATIVA DE CREDITO VALE DO ITAJAI - VIACREDI;82639451;;;;b3S;2;9;BLUMENAU;SC;03/2026;16.666.711;8.525.611;660.328;12.988.850;11.979.348;3.677.861;191.960;0;117
BANCO NACIONAL S.A.;17157777;BTG PACTUAL - PRUDENCIAL;00049944;00080336;b2;2;8;RIO DE JANEIRO;RJ;03/2026;16.587.243;348.099;196.394;6.311.813;92.364;10.275.430;734.797;1;0
BANCO MUFG BRASIL S.A.;60498557;BCO MUFG BRASIL S.A. - PRUDENCIAL;;00081713;b1;3;8;SAO PAULO;SP;03/2026;16.438.805;3.631.065;4.071.292;14.815.150;13.582.811;1.623.655;2.630;2;0
BANCO VOLVO BRASIL S.A.;58017179;VOLVO - PRUDENCIAL;;00080769;b2;3;8;CURITIBA;PR;03/2026;16.246.955;14.164.764;966.700;12.159.509;12.038.268;4.087.445;99.445;2;0
COOPERATIVA CENTRAL DE CRÉDITO UNICRED DO BRASIL - UNICRED DO BRASIL;315557;;;;b3C;2;9;SAO PAULO;SP;03/2026;16.143.094;0;9.466.695;15.424.494;102;718.599;22.356;0;1
BANCO MIZUHO DO BRASIL S.A.;61088183;MIZUHO - PRUDENCIAL;;00080697;b1;3;8;SAO PAULO;SP;03/2026;15.695.361;3.427.092;5.888.558;14.380.256;13.036.997;1.315.105;21.575;2;0
BANCO BRADESCARD S.A.;4184779;BRADESCO - PRUDENCIAL;00010045;00080075;b1;2;8;OSASCO;SP;03/2026;15.352.477;8.010.180;18;15.230.124;7.219.218;122.353;14.750;2;0
KIRTON BANK S.A. - BANCO MÚLTIPLO;1701201;BRADESCO - PRUDENCIAL;00010045;00080075;b1;2;8;OSASCO;SP;03/2026;15.264.144;3.940;4.113;3.513.552;2.350.908;11.750.592;206.184;1;0
BANCO HSBC S.A.;53518684;BANCO HSBC - PRUDENCIAL;;00084741;b1;3;8;SAO PAULO;SP;03/2026;15.263.580;4.899.247;4.639.556;13.717.073;11.565.174;1.546.507;7.284;2;0
BANCO BRADESCO BBI S.A.;6271464;BRADESCO - PRUDENCIAL;00010045;00080075;b1;2;8;OSASCO;SP;03/2026;15.162.629;0;4.069.583;9.113.820;7.475.050;6.048.809;348.223;5;0
BANCO STELLANTIS S.A.;62237425;STELLANTIS - PRUDENCIAL;00052508;00087298;b2;3;8;SAO PAULO;SP;03/2026;15.046.552;6.646.122;411.693;13.590.482;13.347.463;1.456.069;64.350;2;0
SCANIA BANCO S.A.;11417016;SCANIA - PRUDENCIAL;;00080776;b2;3;8;SAO BERNARDO DO CAMPO;SP;03/2026;14.799.849;14.138.498;1.065;13.544.978;13.445.834;1.254.871;-32.662;2;0
COOPERATIVA DE CRÉDITO, POUPANÇA E INVESTIMENTO DEXIS - SICREDI DEXIS;79342069;;;;b3S;2;9;MARINGA;PR;03/2026;14.734.907;8.968.643;4.390.873;13.346.247;8.204.196;1.388.660;20.242;0;114
BANCO DE DESENVOLVIMENTO DE MINAS GERAIS S.A.-BDMG;38486817;BCO DES. DE MG S.A. - PRUDENCIAL;;00081328;b4;1;5;BELO HORIZONTE;MG;03/2026;14.662.268;8.490.806;4.331.060;12.209.043;11.031.129;2.453.225;42.251;2;0
BANCO BESA S.A.;15124464;BTG PACTUAL - PRUDENCIAL;00049944;00080336;b2;2;8;RIO DE JANEIRO;RJ;03/2026;14.612.035;51.074;164.302;8.788.285;5.572.460;5.823.749;459.392;1;0
BANK OF CHINA (BRASIL) BANCO MÚLTIPLO S/A;7450604;BANK OF CHINA (BRASIL) - PRUDENCIAL;00032119;00080295;b1;3;8;SAO PAULO;SP;03/2026;14.610.444;7.657.336;5.151.469;13.293.226;12.301.965;1.317.218;33.399;8;0
COOPERATIVA CENTRAL DE CREDITO DO ESPIRITO SANTO - SICOOB CENTRAL ES;32428294;;;;b3C;2;9;VITORIA;ES;03/2026;14.319.931;124.827;3.790.577;13.625.633;373.929;694.298;9.173;0;0
SANTANDER LEASING S.A. ARRENDAMENTO MERCANTIL;47193149;SANTANDER - PRUDENCIAL;00030379;00080185;n1;3;19;SAO PAULO;SP;03/2026;14.266.495;3.586.630;1.715.407;3.897.069;2.421.444;10.369.426;264.332;2;0
BANCO INBURSA S.A.;4866275;BCO INBURSA S.A. - PRUDENCIAL;;00081335;b1;3;8;SAO PAULO;SP;03/2026;13.938.457;12.846.593;769.765;12.534.879;12.471.964;1.403.577;8.623;2;1
COOPERATIVA CENTRAL DE CRÉDITO - AILOS;5463212;;;;b3C;2;9;BLUMENAU;SC;03/2026;13.850.321;805.541;9.598.082;12.876.992;2.505.345;973.329;0;0;0
BANCO RCI BRASIL S.A.;62307848;SANTANDER - PRUDENCIAL;00030379;00080185;b2;3;8;SAO PAULO;SP;03/2026;13.713.971;9.339.225;3.012.459;12.357.225;11.235.172;1.356.746;88.307;2;0
COOPERATIVA DE CRÉDITO CONEXÃO - SICOOB CONEXÃO;32430233;;;;b3S;2;9;LINHARES;ES;03/2026;13.652.938;8.277.429;1.091.369;11.002.983;9.303.019;2.649.955;185.662;0;47
COOPERATIVA DE CRÉDITO, POUPANÇA E INVESTIMENTO OURO VERDE DO MATO GROSSO - SICREDI OURO VERDE MT;26529420;;;;b3S;2;9;LUCAS DO RIO VERDE;MT;03/2026;13.601.422;8.105.163;4.583.786;11.518.423;6.361.003;2.083.000;86.038;0;40
BANCO DE INVESTIMENTOS UBS (BRASIL) S.A.;33987793;UBS (BRASIL) - PRUDENCIAL;00030771;00080219;b2;3;13;SAO PAULO;SP;03/2026;13.594.977;3.071.640;3.410.159;9.442.149;7.130.427;4.152.828;-82.968;3;0
SICOOB COCRED COOPERATIVA DE CRÉDITO;71328769;;;;b3S;2;9;SERTAOZINHO;SP;03/2026;13.588.072;7.657.881;412.029;11.710.104;10.981.880;1.877.968;24.561;0;43
PARANÁ BANCO S.A.;14388334;PARANÁ BANCO - PRUDENCIAL;00030881;00080233;b1;2;8;CURITIBA;PR;03/2026;13.400.356;9.210.212;2.298.933;12.088.928;11.638.792;1.311.427;23.517;2;0
COOPERATIVA DE CRÉDITO, POUPANÇA E INVESTIMENTO VALE DO PIQUIRI ABCD - SICREDI VALE DO PIQUIRI ABCD PR/SP;81099491;;;;b3S;2;9;PALOTINA;PR;03/2026;13.340.415;7.616.526;4.396.885;12.133.830;8.382.368;1.206.585;613;0;99
COOPERATIVA DE CRÉDITO, POUPANÇA E INVESTIMENTO CAMPOS GERAIS, GRANDE CURITIBA, VALE DO RIBEIRA E FORÇA DOS VENTOS - SICREDI CAMPOS GERAIS E GRANDE CURITIBA PR/SP;81466286;;;;b3S;2;9;PONTA GROSSA;PR;03/2026;13.128.811;7.484.059;5.076.553;11.731.907;8.614.164;1.396.904;71.309;0;66
BANCO DO ESTADO DE SERGIPE S.A.;13009717;BCO DO EST. DE SE S.A. - PRUDENCIAL;;00081634;b1;1;8;ARACAJU;SE;03/2026;13.093.013;4.951.825;3.543.072;12.121.910;11.595.210;971.103;30.564;65;7
BANCO DE LAGE LANDEN BRASIL S.A.;5040481;BCO DE LAGE LANDEN BRASIL S.A. - PRUDENCIAL;;00081421;b2;3;8;PORTO ALEGRE;RS;03/2026;13.015.662;11.282.155;0;11.964.413;10.873.515;1.051.249;-36.977;3;0
COOPERATIVA DE CRÉDITO, POUPANÇA E INVESTIMENTO VANGUARDA - SICREDI VANGUARDA PR/SP/RJ;78414067;;;;b3S;2;9;MEDIANEIRA;PR;03/2026;12.715.860;7.015.816;4.495.396;11.195.956;7.699.704;1.519.904;59.343;0;102
COOPERATIVA DE CRÉDITO SICREDI SERRANA RS/ES;90608712;;;;b3S;2;9;CARLOS BARBOSA;RS;03/2026;12.675.176;6.194.352;5.141.716;11.336.985;8.798.887;1.338.191;63.645;0;53
BANCO TOYOTA DO BRASIL S.A.;3215790;BCO TOYOTA DO BRASIL S.A. - PRUDENCIAL;;00081562;b2;3;8;SAO PAULO;SP;03/2026;12.414.091;10.631.254;0;11.111.756;10.510.907;1.302.335;58.183;2;0
BANCO BV S.A.;1858774;VOTORANTIM - PRUDENCIAL;00051011;00080484;b1;2;8;SAO PAULO;SP;03/2026;12.094.361;6.848.006;307.604;9.249.393;5.572.593;2.844.969;34.846;3;0
PICPAY INSTITUIÇÃO DE PAGAMENTO S.A.;22896431;PICPAY - PRUDENCIAL;;00088022;n4;2;41;SAO PAULO;SP;03/2026;11.782.821;0;635.461;9.199.802;3.008.104;2.583.019;102.634;1;0
ÁGORA CORRETORA DE TITULOS E VALORES MOBILIARIOS S.A.;74014747;BRADESCO - PRUDENCIAL;00010045;00080075;n2;2;15;OSASCO;SP;03/2026;11.562.963;13.885;3.970.665;7.582.133;1.612.630;3.980.830;108.443;2;0
COOPERATIVA DE CRÉDITO DE LIVRE ADMISSÃO DE ASSOCIADOS - SICOOB MAXICRÉDITO;78825270;;;;b3S;2;9;CHAPECO;SC;03/2026;11.380.047;7.487.560;176.556;10.035.890;8.436.998;1.344.158;54.585;0;103
BANCO SISTEMA S.A.;76543115;BTG PACTUAL - PRUDENCIAL;00049944;00080336;b1;2;8;RIO DE JANEIRO;RJ;03/2026;11.365.396;131.544;420;775.659;576.198;10.589.737;336.727;1;0
COOPERATIVA DE CRÉDITO, POUPANÇA E INVESTIMENTO SICREDI PIONEIRA RS - SICREDI PIONEIRA RS;91586982;;;;b3S;2;9;NOVA PETROPOLIS;RS;03/2026;11.358.937;5.955.694;4.320.892;10.104.352;8.252.392;1.254.584;50.287;0;59
BANCO HONDA S.A.;3634220;HONDA - PRUDENCIAL;00051396;00080611;b2;3;8;SAO PAULO;SP;03/2026;11.314.535;9.212.201;291.804;9.912.350;9.157.310;1.402.185;-35.316;2;0
ASSOCIACAO DE POUPANCA E EMPRESTIMO - POUPEX;655522;APE POUPEX - PRUDENCIAL;;00081184;n1;2;25;BRASILIA;DF;03/2026;11.111.609;5.199.559;1.156.545;3.423.122;3.283.569;7.688.486;45.471;61;0
C6 CORRETORA DE TÍTULOS E VALORES MOBILIÁRIOS LTDA.;32345784;BANCO C6 - PRUDENCIAL;00052072;00084844;n2;2;15;SAO PAULO;SP;03/2026;10.948.756;0;130.164;10.485.899;10.126.946;462.857;31.477;2;0
ITAU CORRETORA DE VALORES S.A.;61194353;ITAU - PRUDENCIAL;00010069;00080099;n2;2;15;SAO PAULO;SP;03/2026;10.769.549;0;737.943;7.379.453;277.570;3.390.096;239.460;2;0
SEM PARAR INSTITUICAO DE PAGAMENTO LTDA;4088208;SEM PARAR IP - PRUDENCIAL;;00086158;n4;3;41;SAO PAULO;SP;03/2026;10.613.338;0;2.345.733;5.100.127;1.386.146;5.513.211;254.529;1;0
SISPRIME DO BRASIL - COOPERATIVA DE CRÉDITO;2398976;;;;b3S;2;9;LONDRINA;PR;03/2026;10.605.314;5.640.756;3.915.711;8.710.695;8.522.469;1.894.619;86.209;0;50
COOPERATIVA DE CRÉDITO, POUPANÇA E INVESTIMENTO UNIÃO - SICREDI UNIAO RS/ES;88894548;;;;b3S;2;9;SANTA ROSA;RS;03/2026;10.299.324;6.274.775;3.231.737;9.026.319;5.538.211;1.273.005;48.645;0;75
COOPERATIVA DE CRÉDITO, POUPANÇA E INVESTIMENTO DO CENTRO SUL DO MATO GROSSO DO SUL E BAHIA - SICREDI CENTRO-SUL MS/BA;26408161;;;;b3S;2;9;DOURADOS;MS;03/2026;10.061.076;6.239.051;2.731.514;8.660.735;5.589.664;1.400.341;22.274;0;63
BANCO DIGIMAIS S.A.;92874270;BANCO DIGIMAIS - PRUDENCIAL;;00081799;b1;3;8;SAO PAULO;SP;03/2026;10.006.112;1.571.477;4.463.903;9.202.521;8.477.598;803.591;-108.731;3;0
COOPERATIVA DE CRÉDITO, POUPANÇA E INVESTIMENTO DO SUDOESTE MT/PA - SICREDI SUDOESTE MT/PA;32995755;;;;b3S;2;9;TANGARA DA SERRA;MT;03/2026;9.994.787;5.115.770;3.731.208;8.728.950;6.155.994;1.265.837;70.069;0;101
BANCO BRADESCO BERJ S.A.;33147315;BRADESCO - PRUDENCIAL;00010045;00080075;b1;2;8;OSASCO;SP;03/2026;9.974.145;0;5.518.002;8.865.551;7.248.043;1.108.594;13.460;2;0
COOPERATIVA DE CRÉDITO DE LIVRE ADMISSÃO CENTRO BRASILEIRA LTDA.;37395399;;;;b3S;2;9;GOIANIA;GO;03/2026;9.954.340;6.266.533;122.337;8.814.624;8.098.825;1.139.716;3.493;0;114
SICOOB CREDICOM - COOPERATIVA DE ECONOMIA E CREDITO MUTUO DOS MEDICOS E PROFISSIONAIS DA AREA DE SAUDE DO BRASIL LTDA.;42898825;;;;b3S;2;9;BELO HORIZONTE;MG;03/2026;9.835.287;4.791.714;210.974;8.432.877;7.787.615;1.402.410;44.319;0;55
BANCO SUMITOMO MITSUI BRASILEIRO S.A.;60518222;BCO SUMITOMO MITSUI BRASIL S.A. - PRUDENCIAL;;00081720;b1;3;8;SAO PAULO;SP;03/2026;9.547.724;1.697.233;3.074.161;7.622.099;6.515.079;1.925.625;-26.710;2;0
FACTA FINANCEIRA S.A. - CRÉDITO FINANCIAMENTO E INVESTIMENTO;15581638;FACTA S.A. CFI - PRUDENCIAL;00083704;00083704;n1;2;14;PORTO ALEGRE;RS;03/2026;9.441.227;4.395.215;4.201.497;8.730.177;7.663.480;711.050;7.511;2;0
FINANCEIRA ITAÚ CBD S.A. CRÉDITO, FINANCIAMENTO E INVESTIMENTO;6881898;ITAU - PRUDENCIAL;00010069;00080099;n1;2;14;SAO PAULO;SP;03/2026;9.154.748;7.906.311;18.008;7.740.271;633.594;1.414.477;104.624;2;0
COOPERATIVA DE CRÉDITO, POUPANÇA E INVESTIMENTO UNIÃO DOS ESTADOS DE MATO GROSSO DO SUL, TOCANTINS E OESTE DA BAHIA - SICREDI UNIÃO MS/TO E OESTE DA BA;24654881;;;;b3S;2;9;CAMPO GRANDE;MS;03/2026;9.115.724;5.459.878;2.520.082;8.108.174;4.652.164;1.007.550;34.675;0;60
BANCO SOCIETE GENERALE BRASIL S.A.;61533584;SOCIETE GENERALE - PRUDENCIAL;;00080264;b1;3;8;SAO PAULO;SP;03/2026;8.823.356;174.144;1.212.021;7.085.793;3.343.333;1.737.563;42.786;2;0
BANCO PACCAR S.A.;28517628;BANCO PACCAR - PRUDENCIAL;;00084899;b2;3;8;PONTA GROSSA;PR;03/2026;8.642.136;7.675.368;0;5.775.769;5.615.300;2.866.367;22.732;2;0
COOPERATIVA DE CRÉDITO, POUPANÇA E INVESTIMENTO UNIÃO DE ESTADOS RIO GRANDE DO SUL, SANTA CATARINA E MINAS GERAIS - SICREDI UNIESTADOS;87780268;;;;b3S;2;9;ERECHIM;RS;03/2026;8.492.768;4.502.423;3.322.961;7.546.557;5.403.429;946.210;33.106;0;71
PAN FINANCEIRA S.A. - SOCIEDADE DE CRÉDITO, FINANCIAMENTO E INVESTIMENTOS;2682287;BTG PACTUAL - PRUDENCIAL;00049944;00080336;n1;2;14;RIO DE JANEIRO;RJ;03/2026;8.218.595;7.485.479;29.596;6.233.601;5.949.014;1.984.994;190.027;3;0
COOPERATIVA DE CRÉDITO, POUPANÇA E INVESTIMENTO SORRISO - SICREDI CELEIRO MT/RR;26555235;;;;b3S;2;9;SORRISO;MT;03/2026;8.135.694;3.089.418;4.368.086;6.871.162;4.876.806;1.264.531;76.724;0;23
COOPERATIVA CENTRAL DE CRÉDITO DE GOIÁS, DISTRITO FEDERAL E TOCANTINS LTDA. - SICOOB NOVA CENTRAL;33416108;;;;b3C;2;9;GOIANIA;GO;03/2026;8.006.613;129.718;3.612.994;7.217.515;0;789.099;15.281;0;1
BANCO HYUNDAI CAPITAL BRASIL S.A.;30172491;SANTANDER - PRUDENCIAL;00030379;00080185;b2;3;8;SAO PAULO;SP;03/2026;7.973.056;5.319.330;2.104.825;7.133.114;7.070.972;839.941;52.524;2;0
COOPERATIVA DE CRÉDITO DE LIVRE ADMISSÃO DE ASSOCIADOS SÃO MIGUEL DO OESTE - SICOOB SÃO MIGUEL SC/PR/RS;81607046;;;;b3S;2;9;SAO MIGUEL D'OESTE;SC;03/2026;7.957.768;4.658.513;105.756;7.117.577;5.722.909;840.192;35.631;0;67
FISERV DO BRASIL  INSTITUIÇÃO DE PAGAMENTO LTDA;4962772;FISERV DO BRASIL IP - PRUDENCIAL;;00086457;n4;3;41;SAO PAULO;SP;03/2026;7.945.098;0;41.974;6.203.791;2.583.306;1.741.306;26.024;1;0
BANCO INDUSTRIAL DO BRASIL S.A.;31895683;INDUSTRIAL DO BRASIL - PRUDENCIAL;00050988;00080477;b1;2;8;SAO PAULO;SP;03/2026;7.937.923;5.342.840;1.353.481;7.202.628;6.223.917;735.294;12.809;10;0
COOPERATIVA DE CRÉDITO E INVESTIMENTO DO SUDOESTE  DA AMAZÔNIA LTDA - SICOOB CREDISUL;3632872;;;;b3S;2;9;VILHENA;RO;03/2026;7.781.577;5.197.288;124.972;6.476.579;5.277.333;1.304.998;59.291;0;47
CENTRAL SICOOB UNI DE COOPERATIVAS DE CRÉDITO;4243780;;;;b3C;2;9;GOIANIA;GO;03/2026;7.630.470;133.077;1.714.942;7.299.771;6.073;330.698;12.977;0;0
CREFISA S.A.-CREDITO, FINANCIAMENTO E INVESTIMENTOS;60779196;CREFISA S.A. CFI - PRUDENCIAL;00052010;00083632;n1;2;14;SAO PAULO;SP;03/2026;7.613.529;2.729.223;1.257.224;362.910;6.241;7.250.619;246.129;2;0
COOPERATIVA DE CRÉDITO, POUPANÇA E INVESTIMENTO PLANALTO - SICREDI PLANALTO RS/MG;88038260;;;;b3S;2;9;CRUZ ALTA;RS;03/2026;7.520.086;5.307.289;1.632.156;6.149.035;2.522.683;1.371.051;1.082;0;41
BANCO BS2 S.A.;71027866;BS2 - PRUDENCIAL;;00080422;b1;2;8;BELO HORIZONTE;MG;03/2026;7.509.946;2.422.445;2.285.512;6.596.952;5.870.925;912.994;11.178;3;0
COOPERATIVA CENTRAL DE CRÉDITO E INVESTIMENTO COM INTERAÇÃO SOLIDÁRIA - CENTRAL CRESOL SICOPER;21198087;;;;b3C;2;9;PASSO FUNDO;RS;03/2026;7.392.298;20.529;1.419.867;7.114.841;4.446.259;277.457;6.548;0;0
CENTRAL DAS COOPERATIVAS DE CREDITO UNICOOB - SICOOB CENTRAL UNICOOB;5036532;;;;b3C;2;9;MARINGA;PR;03/2026;7.354.353;0;4.001.131;6.895.378;12.516;458.975;20.670;0;0
COOPERATIVA DE CRÉDITO SUL-SERRANA DO ESPÍRITO SANTO;815319;;;;b3S;2;9;VENDA NOVA DO IMIGRANTE;ES;03/2026;7.326.862;4.549.208;630.926;6.055.793;5.506.624;1.271.069;74.201;0;43
CONFEDERAÇÃO NACIONAL DAS COOPERATIVAS CENTRAIS DE CRÉDITO E ECONOMIA FAMILIAR E SOLIDÁRIA - CRESOL CONFEDERAÇÃO;10398952;;;;b3C;2;9;FRANCISCO BELTRAO;PR;03/2026;7.157.364;77.989;2.108.696;6.947.707;1.139.094;209.657;12.298;0;0
BANCO BANDEPE S.A.;10866788;SANTANDER - PRUDENCIAL;00030379;00080185;b1;3;8;SAO PAULO;SP;03/2026;7.069.557;0;5.766.831;1.079.194;812.451;5.990.362;151.386;2;0
HAITONG BANCO DE INVESTIMENTO DO BRASIL S.A.;34111187;HAITONG - PRUDENCIAL;00051482;00080666;b2;3;13;SAO PAULO;SP;03/2026;6.862.219;189.176;5.632.603;6.333.819;6.122.879;528.401;-9.432;2;0
COOPERATIVA DE CRÉDITO SICOOB METROPOLITANO;3459850;;;;b3S;2;9;MARINGA;PR;03/2026;6.801.983;3.774.391;90.129;6.001.298;5.317.811;800.685;31.872;0;91
COOPERATIVA DE CRÉDITO, POUPANÇA E INVESTIMENTO DA REGIÃO DOS VALES - SICREDI REGIÃO DOS VALES RS;89126130;;;;b3S;2;9;ENCANTADO;RS;03/2026;6.753.945;1.874.093;4.301.060;5.312.650;4.653.463;1.441.294;63.907;0;21
OMNI S.A. - CREDITO FINANCIAMENTO E INVESTIMENTO;92228410;OMNI - PRUDENCIAL;00050940;00080460;n1;2;14;SAO PAULO;SP;03/2026;6.686.446;3.821.740;448.977;5.786.004;5.491.986;900.443;-18.171;2;0
NEON FINANCEIRA - SOCIEDADE DE CRÉDITO, FINANCIAMENTO E INVESTIMENTO S.A;11285104;NEON PAGAMENTOS IP - PRUDENCIAL;00052285;00085702;n1;2;14;SAO PAULO;SP;03/2026;6.638.160;3.891.082;2.049.735;5.764.654;5.361.571;873.506;-15.377;2;0
COOPERATIVA DE CRÉDITO ARACOOP LTDA. - SICOOB ARACOOP;3320525;;;;b3S;2;9;ARAGUARI;MG;03/2026;6.423.482;4.386.178;87.247;5.711.809;4.163.475;711.673;-50.339;0;37
COOPERATIVA DE CRÉDITO, POUPANÇA E INVESTIMENTO NORTE MATO-GROSSENSE E OESTE PARAENSE - SICREDI GRANDES RIOS MT/PA/AM;37442605;;;;b3S;2;9;COLIDER;MT;03/2026;6.377.378;3.149.486;2.346.477;5.465.547;3.793.017;911.832;32.434;0;52
COOPERATIVA DE CRÉDITO ALIANÇA - SICREDI ALIANÇA;87795639;;;;b3S;2;9;MARAU;RS;03/2026;6.300.308;3.245.378;2.372.985;5.626.853;3.988.299;673.454;32.258;0;63
COOPERATIVA CENTRAL DE CRÉDITO E ECONOMIA COM INTERAÇÃO SOLIDÁRIA - CRESOL CENTRAL BRASIL;7202627;;;;b3C;2;9;CHAPECO;SC;03/2026;6.296.634;36.768;1.968.225;5.952.477;3.459.597;344.157;3.039;0;0
MIDWAY S.A. - SOCIEDADE DE CRÉDITO, FINANCIAMENTO E INVESTIMENTO;9464032;MIDWAY S.A. - SCFI - PRUDENCIAL;;00083553;n1;2;14;SAO PAULO;SP;03/2026;6.207.709;4.721.548;186.812;4.918.924;988.597;1.288.785;36.299;2;0
MORGAN STANLEY CORRETORA DE TÍTULOS E VALORES MOBILIÁRIOS S.A.;4323351;MORGAN STANLEY - PRUDENCIAL;00051413;00080628;n2;3;15;SAO PAULO;SP;03/2026;6.127.444;0;1.716.657;3.947.119;0;2.180.324;68.193;2;0
COOPERATIVA CENTRAL DE CRÉDITO DO NORTE DO BRASIL - SICOOB NORTE;3502131;;;;b3C;2;9;PORTO VELHO;RO;03/2026;6.100.878;0;1.239.394;5.719.716;23.207;381.162;13.717;0;0
REALIZE SOCIEDADE DE CRÉDITO, FINANCIAMENTO E INVESTIMENTO S.A.;27351731;REALIZE SCFI - PRUDENCIAL;;00084703;n1;3;14;PORTO ALEGRE;RS;03/2026;6.076.128;5.056.649;349.259;4.967.035;1.097.838;1.109.093;54.021;2;0
COOPERATIVA DE CRÉDITO DE LIVRE ADMISSÃO DE ASSOCIADOS DO VALE DO CANOINHAS - SICOOB CREDICANOINHAS/SC;78834975;;;;b3S;2;9;CANOINHAS;SC;03/2026;6.051.141;3.755.430;83.965;5.411.681;4.228.616;639.461;44.391;0;43
BANCO TRATON BRASIL S.A.;52067630;BANCO TRATON BRASIL S.A. - PRUDENCIAL;;00088534;b2;3;8;SAO PAULO;SP;03/2026;6.002.868;4.508.211;0;4.855.953;4.816.680;1.146.915;10.889;2;0
J.P. MORGAN CORRETORA DE CAMBIO E VALORES MOBILIARIOS S.A.;32588139;JP MORGAN CHASE - PRUDENCIAL;00020107;00080116;n2;3;15;SAO PAULO;SP;03/2026;5.859.213;0;30.093;3.678.465;2.241.400;2.180.748;90.989;2;0
COOPERATIVA DE CREDITO, POUPANÇA E INVESTIMENTO ALIANÇA - SICREDI ALIANÇA PR/SP;79052122;;;;b3S;2;9;MARECHAL CANDIDO RONDON;PR;03/2026;5.841.822;4.025.307;1.262.622;5.306.032;3.331.221;535.790;-374;0;36
BANRISUL SOLUÇÕES EM PAGAMENTOS S.A. - INSTITUIÇÃO DE PAGAMENTO;92934215;BANRISUL - PRUDENCIAL;;00080154;n4;1;41;PORTO ALEGRE;RS;03/2026;5.818.158;15.677;1.952.808;2.868.764;279.989;2.949.394;122.119;1;0
COOPERATIVA DE CRÉDITO, POUPANÇA E INVESTIMENTO CONEXÃO - SICREDI CONEXÃO;87733770;;;;b3S;2;9;RODEIO BONITO;RS;03/2026;5.796.990;3.846.167;1.586.777;5.045.102;3.628.313;751.888;19.138;0;66
BB-BANCO DE INVESTIMENTO S/A;24933830;BB - PRUDENCIAL;00049906;00080329;b2;1;13;BRASILIA;DF;03/2026;5.680.662;0;2.537.891;4.845.029;3.934.834;835.633;67.225;2;0
COOPERATIVA DE CRÉDITO SUL DO ESPÍRITO SANTO - SICOOB SUL;32467086;;;;b3S;2;9;CACHOEIRO DE ITAPEMIRIM;ES;03/2026;5.678.155;2.282.922;539.392;4.631.894;4.315.916;1.046.261;60.748;0;42
PEFISA S.A. - CRÉDITO, FINANCIAMENTO E INVESTIMENTO;43180355;PEFISA S.A. - PRUDENCIAL;;00080305;n1;2;14;SAO PAULO;SP;03/2026;5.629.297;3.149.193;366.450;4.606.093;2.643.851;1.023.204;-36.629;2;0
BANCO CATERPILLAR S.A.;2658435;BCO CATERPILLAR S.A. - PRUDENCIAL;;00081397;b2;3;8;SAO PAULO;SP;03/2026;5.602.113;5.413.242;0;4.267.565;3.986.966;1.334.547;15.626;2;0
COOPERATIVA DE CRÉDITO DO VALE DO ITAJAÍ E LITORAL CATARINENSE - SICREDI VALE LITORAL SC;10348181;;;;b3S;2;9;ITAPEMA;SC;03/2026;5.540.828;3.204.753;1.788.900;4.818.491;4.060.908;722.337;57.184;0;40
COOPERATIVA DE CRÉDITO DE LIVRE ADMISSÃO DO CENTRO SUL RONDONIENSE - SICOOB CREDIP.;2015588;;;;b3S;2;9;PIMENTA BUENO;RO;03/2026;5.491.726;2.804.258;119.423;4.672.897;3.797.563;818.829;27.421;0;48
COOPERATIVA DE CRÉDITO DE LIVRE ADMISSÃO DO SUDOESTE GOIANO;24795049;;;;b3S;2;9;RIO VERDE;GO;03/2026;5.491.721;2.668.297;260.822;3.962.738;3.485.377;1.528.983;26.660;0;34
COOPERATIVA DE CRÉDITO, POUPANÇA E INVESTIMENTO INTERESTADOS - SICREDI INTERESTADOS;90497256;;;;b3S;2;9;PELOTAS;RS;03/2026;5.483.409;2.677.585;1.928.369;4.776.339;3.430.233;707.070;32.456;0;41
WARREN RENA DISTRIBUIDORA DE TÍTULOS E VALORES MOBILIÁRIOS LTDA;62287735;WARREN CCVM LTDA - PRUDENCIAL;00052333;00082664;n2;2;16;PORTO ALEGRE;RS;03/2026;5.449.600;0;73.534;5.388.206;5.317.655;61.395;-1.323;2;0
COOPERATIVA DE CRÉDITO, POUPANÇA E INVESTIMENTO DO ARAGUAIA E XINGU - SICREDI ARAXINGU;33021064;;;;b3S;2;9;CANARANA;MT;03/2026;5.432.582;3.277.752;833.859;4.812.673;2.903.899;619.909;-24.934;0;30
NEON PAGAMENTOS S.A. - INSTITUIÇÃO DE PAGAMENTO;20855875;NEON PAGAMENTOS IP - PRUDENCIAL;;00085702;n4;2;41;SAO PAULO;SP;03/2026;5.428.531;2.743.581;253.647;4.956.349;1.274.244;472.182;52.758;1;0
COOPERATIVA DE CRÉDITO, POUPANÇA E INVESTIMENTO DA REGIÃO ALTOS DA SERRA - SICREDI ALTOS DA SERRA RS/SC;92555150;;;;b3S;2;9;TAPEJARA;RS;03/2026;5.387.582;3.556.618;1.499.321;4.763.886;2.726.876;623.695;16.758;0;43
IFOOD PAGO INSTITUIÇÃO DE PAGAMENTO S.A.;19468242;IFOOD PAGO IP - PRUDENCIAL;;00087346;n4;2;41;OSASCO;SP;03/2026;5.359.434;0;74.578;4.978.529;2.768.788;380.905;85.600;1;0
BB-LEASING S/A ARRENDAMENTO MERCANTIL;31546476;BB - PRUDENCIAL;00049906;00080329;n1;1;19;BRASILIA;DF;03/2026;5.288.689;742.566;0;348.418;0;4.940.271;96.272;2;0
COOPERATIVA CENTRAL DE CRÉDITO, POUPANÇA E INVESTIMENTO DO SUL E SUDESTE - CENTRAL SICREDI SUL/SUDESTE;87437687;;;;b3C;2;9;PORTO ALEGRE;RS;03/2026;5.200.063;0;3.630.660;2.565.193;10.054;2.634.870;0;0;0
COOPERATIVA DE CRÉDITO, POUPANÇA E INVESTIMENTO OURO BRANCO - SICREDI OURO BRANCO RS/MG;87853206;;;;b3S;2;9;TEUTONIA;RS;03/2026;5.188.856;2.906.415;1.817.968;4.479.939;3.493.758;708.916;50.001;0;37
NU INVESTIMENTOS S.A. - CORRETORA DE TÍTULOS E VALORES MOBILIÁRIOS;62169875;NU PAGAMENTOS - PRUDENCIAL;00052058;00084693;n2;3;15;SAO PAULO;SP;03/2026;5.137.368;0;3.383.358;374.213;143.719;4.763.155;48.504;2;0
BANCO GENIAL S.A.;45246410;GENIAL - PRUDENCIAL;00051839;00080941;b1;2;8;RIO DE JANEIRO;RJ;03/2026;5.126.472;388.796;2.528.633;4.961.919;4.442.230;164.552;-47.721;3;0
NOVO BANCO CONTINENTAL S.A. - BANCO MÚLTIPLO;74828799;NOVO BCO CONTINENTAL S.A. - BM - PRUDENCIAL;;00081768;b1;3;8;PORTO ALEGRE;RS;03/2026;5.067.963;4.288.840;128.863;4.794.960;4.635.808;273.003;-3.359;2;0
CREDICOAMO CREDITO RURAL COOPERATIVA;81723108;;;;b3S;2;9;CAMPO MOURAO;PR;03/2026;5.031.747;2.703.535;146.246;3.285.227;3.051.569;1.746.520;75.037;0;52
COOPERATIVA DE CRÉDITO, POUPANÇA E INVESTIMENTO DO NORTE E NORDESTE DE SANTA CATARINA - SICREDI NORTE SC;2843443;;;;b3S;2;9;JOINVILLE;SC;03/2026;5.016.657;2.488.816;2.065.379;4.306.016;3.805.844;710.641;42.990;0;42
COOPERATIVA DE CRÉDITO, POUPANÇA E INVESTIMENTO DAS REGIÕES CENTRO DO RS E MG - SICREDI REGIÃO CENTRO RS/MG;95594941;;;;b3S;2;9;SANTA MARIA;RS;03/2026;5.008.965;2.950.582;1.480.089;4.331.168;2.878.675;677.797;28.526;0;52
COOPERATIVA DE CRÉDITO, POUPANÇA E INVESTIMENTO FRONTEIRAS DO PARANÁ, SANTA CATARINA E SÃO PAULO - SICREDI FRONTEIRAS PR/SC/SP;82527557;;;;b3S;2;9;CAPANEMA;PR;03/2026;5.004.027;3.061.002;1.595.868;4.462.642;3.094.180;541.384;-10.532;0;48
COOPERATIVA DE CRÉDITO, POUPANÇA E INVESTIMENTO CELEIRO CENTRO OESTE - SICREDI CELEIRO CENTRO OESTE;3566655;;;;b3S;2;9;SAO GABRIEL DO OESTE;MS;03/2026;4.844.321;2.592.256;1.619.795;4.071.889;2.399.369;772.432;-4.426;0;37
COOPERATIVA DE CRÉDITO, POUPANÇA E INVESTIMENTO DA REGIÃO DA PRODUÇÃO - SICREDI REGIÃO DA PRODUÇÃO RS/SC/MG;89468565;;;;b3S;2;9;SARANDI;RS;03/2026;4.813.201;2.666.915;1.603.249;4.368.820;3.204.841;444.381;-20.116;0;44
COOPERATIVA DE CRÉDITO SICOOB ENGECRED LTDA.;4388688;;;;b3S;2;9;GOIANIA;GO;03/2026;4.794.150;1.989.096;82.687;4.194.102;3.833.770;600.048;13.807;0;13
COOPERATIVA DE CRÉDITO COOPERMAIS - SICOOB COOPERMAIS;31804966;;;;b3S;2;9;SANTA MARIA DE JETIBA;ES;03/2026;4.683.576;2.292.185;391.951;4.001.550;3.585.741;682.027;52.149;0;26
COOPERATIVA DE CRÉDITO, POUPANÇA E INVESTIMENTO DE LAJEADO - SICREDI INTEGRAÇÃO RS/MG;91159764;;;;b3S;2;9;LAJEADO;RS;03/2026;4.680.461;2.172.517;1.687.372;3.968.762;3.299.190;711.698;56.849;0;42
COOPERATIVA DE CRÉDITO E INVESTIMENTO DE LIVRE ADMISSÃO AGROEMPRESARIAL - SICREDI AGROEMPRESARIAL PR/SP;79457883;;;;b3S;2;9;MANDAGUARI;PR;03/2026;4.653.900;2.378.720;1.985.767;4.197.501;3.244.157;456.400;21.180;0;43
COOPERATIVA DE CRÉDITO, POUPANÇA E INVESTIMENTO DE IBIRAIARAS - SICREDI IBIRAIARAS RS/MG;89990501;;;;b3S;2;9;IBIRAIARAS;RS;03/2026;4.623.770;2.588.684;1.688.825;3.896.934;2.642.374;726.836;21.598;0;43
AGÊNCIA DE FOMENTO DO PARANÁ S.A.;3584906;AF PARANÁ - PRUDENCIAL;;00081115;n1;1;30;CURITIBA;PR;03/2026;4.617.068;1.709.196;2.780.599;804.185;489.884;3.812.883;60.542;2;0
SHPP BRASIL INSTITUIÇÃO DE PAGAMENTO E SERVIÇOS DE PAGAMENTOS LTDA.;38372267;SHPP BRASIL IP - PRUDENCIAL;;00086275;n4;3;41;SAO PAULO;SP;03/2026;4.587.603;0;1.455.349;4.260.933;1.316.430;326.670;53.200;1;0
SAFRA LEASING S.A. ARRENDAMENTO MERCANTIL;62063177;SAFRA - PRUDENCIAL;00010083;00080109;n1;2;19;SAO PAULO;SP;03/2026;4.569.312;2.767.406;1.656.544;3.354.288;2.882.614;1.215.024;30.713;2;0
BANCO RENDIMENTO S.A.;68900810;RENDIMENTO - PRUDENCIAL;00051468;00080659;b1;2;2;SAO PAULO;SP;03/2026;4.530.262;347.141;427.401;3.980.766;3.093.873;549.496;68.153;8;1
COOPERATIVA DE CRÉDITO, POUPANÇA E INVESTIMENTO SUL RIOGRANDENSE - SICREDI ORIGENS RS;92796564;;;;b3S;2;9;PORTO ALEGRE;RS;03/2026;4.509.125;2.060.935;2.042.529;4.062.087;3.411.795;447.038;22.182;0;32
COOPERATIVA DE CRÉDITO, POUPANÇA E INVESTIMENTO IGUAÇU - SICREDI IGUAÇU PR/SC E REGIÃO METROPOLITANA DE CAMPINAS/SP;84974278;;;;b3S;2;9;SAO JOAO;PR;03/2026;4.504.227;2.700.909;1.324.068;3.946.932;2.813.803;557.295;21.907;0;40
CITIBANK DISTRIBUIDORA DE TITULOS E VALORES MOBILIARIOS S.A;33868597;CITIBANK - PRUDENCIAL;00030403;00080192;n2;3;16;SAO PAULO;SP;03/2026;4.483.311;0;168.022;4.296.459;3.089.251;186.853;91.172;2;0
COOPERATIVA DE CRÉDITO, POUPANÇA E INVESTIMENTO SOMA PR/SC/SP - SICREDI SOMA;82065285;;;;b3S;2;9;MARIOPOLIS;PR;03/2026;4.482.135;2.594.304;1.513.569;4.045.680;2.861.245;436.455;11.997;0;48
COOPERATIVA DE CRÉDITO UNICRED UNIÃO LTDA - UNICRED UNIÃO;74114042;;;;b3S;2;9;ITAJAI;SC;03/2026;4.425.762;2.196.887;58.795;4.096.093;3.855.294;329.668;-4.344;0;32
COOPERATIVA DE CRÉDITO DE LIVRE ADMISSÃO DO CENTRO NORTE BRASILEIRO;2282709;;;;b3S;2;9;ANAPOLIS;GO;03/2026;4.418.527;2.714.029;60.436;3.897.403;3.585.979;521.124;17.034;0;59
INTESA SANPAOLO BRASIL S.A. - BANCO MÚLTIPLO;55230916;INTESA SANPAOLO BRASIL S.A. - PRUDENCIAL;;00084057;b1;3;8;SAO PAULO;SP;03/2026;4.392.935;1.105.472;385.125;3.165.714;2.810.739;1.227.221;20.822;2;0
COOPERATIVA DE CRÉDITO, POUPANÇA E INVESTIMENTO SICREDI EVOLUÇÃO - SICREDI EVOLUÇÃO;35571249;;;;b3S;2;9;JOAO PESSOA;PB;03/2026;4.349.571;2.195.463;1.622.301;3.714.177;3.183.738;635.394;31.351;0;34
BANCO TRIANGULO S.A.;17351180;BCO TRIANGULO S.A. - PRUDENCIAL;;00081438;b1;2;8;UBERLANDIA;MG;03/2026;4.323.346;1.899.962;195.661;3.791.267;2.593.578;532.079;-5.617;2;0
COOPERATIVA DE CRÉDITO, POUPANÇA E INVESTIMENTO VALE DO CERRADO - SICREDI VALE DO CERRADO;32983165;;;;b3S;2;9;CAMPO VERDE;MT;03/2026;4.320.159;3.007.736;713.980;3.824.795;2.109.123;495.363;-11.850;0;25
COOPERATIVA DE CRÉDITO UNICRED VALOR CAPITAL LTDA - UNICRED VALOR CAPITAL;74064502;;;;b3S;2;9;FLORIANOPOLIS;SC;03/2026;4.317.100;2.023.606;94.052;3.824.356;3.575.459;492.744;15.963;0;22
COOPERATIVA DE CRÉDITO, POUPANÇA E INVESTIMENTO ESSÊNCIA RS/ES - SICREDI ESSÊNCIA;87733077;;;;b3S;2;9;ITAQUI;RS;03/2026;4.307.082;2.495.933;1.541.636;3.617.916;2.254.439;689.166;27.217;0;27
COOPERATIVA DE CRÉDITO, POUPANÇA E INVESTIMENTO NOVOS HORIZONTES - SICREDI NOVOS HORIZONTES PR/SP/RJ;7206072;;;;b3S;2;9;ARAPOTI;PR;03/2026;4.305.003;2.684.656;1.095.639;3.874.785;2.660.165;430.218;29.405;0;31
COOPERATIVA DE CRÉDITO DE LIVRE ADMISSÃO DO OESTE MINEIRO LTDA. - SICOOB CREDICOPA;71297899;;;;b3S;2;9;PATOS DE MINAS;MG;03/2026;4.270.339;2.450.577;67.262;3.791.901;3.032.857;478.438;-80.648;0;57
BANCO YAMAHA MOTOR DO BRASIL S.A.;10371492;YAMAHA MOTOR - PRUDENCIAL;;00080721;b1;3;8;SAO PAULO;SP;03/2026;4.248.746;3.030.584;0;3.776.761;3.509.874;471.985;14.805;2;0
BANCO CARGILL S.A.;3609817;BCO CARGILL S.A. - PRUDENCIAL;;00081414;b1;3;8;SAO PAULO;SP;03/2026;4.176.066;2.853.999;314.323;3.229.121;3.172.858;946.944;19.902;2;0
COOPERATIVA DE CRÉDITO, POUPANÇA E INVESTIMENTO REGIÕES DAS CULTURAS - SICREDI DAS CULTURAS RS/MG;90729369;;;;b3S;2;9;IJUI;RS;03/2026;4.154.810;2.246.973;1.569.929;3.501.869;2.458.097;652.941;23.012;0;34
FINANCEIRA ALFA S.A. - CRÉDITO, FINANCIAMENTO E INVESTIMENTOS;17167412;SAFRA - PRUDENCIAL;00010083;00080109;n1;2;14;SAO PAULO;SP;03/2026;4.133.948;2.606.881;444.135;3.115.783;2.941.850;1.018.165;29.552;21;0
DESENVOLVE SP - AGÊNCIA DE FOMENTO DO ESTADO DE SÃO PAULO S.A.;10663610;AF DESENVOLVE SP S.A. - PRUDENCIAL;;00081153;n1;1;30;SAO PAULO;SP;03/2026;4.130.876;2.372.744;1.498.987;587.623;432.155;3.543.253;77.947;1;0
COOPERATIVA DE CRÉDITO, POUPANÇA E INVESTIMENTO DO SUL DO ESTADO DE SANTA CATARINA - SICREDI SUL SC;3793242;;;;b3S;2;9;CRICIUMA;SC;03/2026;4.107.462;1.896.366;1.885.377;3.752.124;3.093.508;355.338;19.433;0;30
COOPERATIVA DE CRÉDITO, POUPANÇA E INVESTIMENTO DO PLANALTO CENTRAL - SICREDI PLANALTO CENTRAL;10736214;;;;b3S;2;9;CRISTALINA;GO;03/2026;4.096.484;2.327.121;1.417.875;3.717.692;2.468.211;378.792;-16.007;0;36
BANCO ANDBANK (BRASIL) S.A.;48795256;ANDBANK - PRUDENCIAL;00051949;00081256;b1;3;8;SAO PAULO;SP;03/2026;4.052.344;2.718.909;700.619;3.813.650;3.696.124;238.693;-3.182;2;2
COOPERATIVA DE CRÉDITO, POUPANÇA E INVESTIMENTO UNIVALES - SICREDI UNIVALES MT/RO;70431630;;;;b3S;2;9;JUINA;MT;03/2026;4.019.280;2.251.625;1.353.101;3.391.041;2.251.950;628.239;13.668;0;46
DM SOCIEDADE DE CRÉDITO, FINANCIAMENTO E INVESTIMENTO S.A;91669747;DM SCFI - PRUDENCIAL;00052357;00083467;n1;2;14;SAO JOSE DOS CAMPOS;SP;03/2026;3.989.296;2.568.076;225.799;3.415.479;1.939.710;573.817;17.765;2;0
COOPERATIVA DE CRÉDITO DE LIVRE ADMISSÃO DO MÉDIO PIRACICABA, CIRCUITO DO OURO, GRANDE BH E RIO GRANDE DO NORTE LTDA. -  SICOOB CREDIMEPI;1644264;;;;b3S;2;9;JOAO MONLEVADE;MG;03/2026;3.976.396;1.909.483;50.031;3.458.951;3.330.540;517.445;23.842;0;33
BANCO J. SAFRA S.A.;3017677;SAFRA - PRUDENCIAL;00010083;00080109;b1;2;8;SAO PAULO;SP;03/2026;3.958.852;1.254.988;232.291;2.787.915;2.544.460;1.170.937;77.772;2;0
BMW FINANCEIRA S.A. - CREDITO, FINANCIAMENTO E INVESTIMENTO;4452473;BMW - PRUDENCIAL;00051420;00080635;n1;3;14;SAO PAULO;SP;03/2026;3.934.736;3.668.253;0;3.274.596;3.107.726;660.139;27.223;2;0
COOPERATIVA DE CRÉDITO, POUPANÇA E INVESTIMENTO INTEGRAÇÃO DE ESTADOS DO RIO GRANDE DO SUL, SANTA CATARINA E MINAS GERAIS - SICREDI INTEGRAÇÃO DE ESTADOS RS/SC/MG;87781530;;;;b3S;2;9;PASSO FUNDO;RS;03/2026;3.905.052;2.558.848;1.141.267;3.449.658;2.289.705;455.394;11.244;0;39
COOPERATIVA DE CRÉDITO DE LIVRE ADMISSÃO DE ASSOCIADOS DO ALTO URUGUAI CATARINENSE - SICOOB CREDIAUC;78840071;;;;b3S;2;9;CONCORDIA;SC;03/2026;3.894.233;2.141.836;63.027;3.429.413;2.650.282;464.820;11.659;0;32
BANCO RODOBENS S.A.;33603457;RODOBENS - PRUDENCIAL;;00080855;b1;2;8;SAO PAULO;SP;03/2026;3.840.253;2.312.313;470.118;3.051.798;2.857.025;788.454;16.012;2;0
DAYCOVAL LEASING SOCIEDADE DE ARRENDAMENTO MERCANTIL S.A.;57731012;BCO DAYCOVAL S.A - PRUDENCIAL;00051987;00081744;n1;2;19;SAO PAULO;SP;03/2026;3.824.700;3.082.134;566.033;3.739.403;3.257.344;85.297;30.576;2;0
BANCO ALFA DE INVESTIMENTO S.A.;60770336;SAFRA - PRUDENCIAL;00010083;00080109;b2;2;13;SAO PAULO;SP;03/2026;3.794.309;1.256.249;305.674;2.303.320;2.143.960;1.490.989;-17.223;9;0
CITIGROUP GLOBAL MARKETS BRASIL, CORRETORA DE CÂMBIO, TÍTULOS E VALORES MOBILIÁRIOS S.A.;33709114;CITIBANK - PRUDENCIAL;00030403;00080192;n2;3;15;SAO PAULO;SP;03/2026;3.768.464;0;61.726;2.951.142;3.811;817.323;34.410;2;0
BANCO LUSO BRASILEIRO S.A.;59118133;BCO LUSO BRASILEIRO S.A. - PRUDENCIAL;;00081706;b1;3;8;SAO PAULO;SP;03/2026;3.731.249;2.813.290;41.731;3.433.363;3.089.436;297.886;-23.595;2;0
BADESUL DESENVOLVIMENTO S.A - AGÊNCIA DE FOMENTO/RS;2885855;BADESUL DESENVOLVIMENTO AF/RS - PRUDENCIAL;;00081029;n1;1;30;PORTO ALEGRE;RS;03/2026;3.710.232;2.804.730;645.854;2.549.431;2.463.677;1.160.801;15.543;2;0
COOPERATIVA CENTRAL DE CRÉDITO, POUPANÇA E INVESTIMENTO DOS ESTADOS DO PARANÁ, SÃO PAULO E RIO DE JANEIRO - CENTRAL SICREDI PR/SP/RJ;80230774;;;;b3C;2;9;CURITIBA;PR;03/2026;3.708.107;0;2.435.475;1.784.155;16.324;1.923.951;0;0;0
COOPERATIVA DE CREDITO E INVESTIMENTO COM INTERACAO SOLIDARIA PIONEIRA - CRESOL PIONEIRA;971300;;;;b3S;2;9;DOIS VIZINHOS;PR;03/2026;3.696.752;2.797.815;45.978;3.225.897;2.040.673;470.855;27.477;0;66
OURIBANK S.A. BANCO MÚLTIPLO;78632767;OURIBANK - PRUDENCIAL;;00081012;b1;2;8;SAO PAULO;SP;03/2026;3.689.481;1.432.803;1.373.353;3.218.597;2.408.496;470.885;98.404;2;0
COOPERFORTE COOPERATIVA DE CRÉDITO E INVESTIMENTOS LTDA;1658426;;;;b3S;2;9;BRASILIA;DF;03/2026;3.658.567;2.333.630;1.286.875;2.871.603;2.810.035;786.964;14.312;0;3
COOPERATIVA DE CRÉDITO UNICRED CENTRO-SUL LTDA - UNICRED CENTRO-SUL;75847;;;;b3S;2;9;CRICIUMA;SC;03/2026;3.634.375;1.807.746;61.766;3.303.743;3.082.697;330.632;10.468;0;20
COOPERATIVA DE CRÉDITO, POUPANÇA E INVESTIMENTO RAÍZES - SICREDI RAÍZES RS/SC/MG;88099247;;;;b3S;2;9;CAMPO NOVO;RS;03/2026;3.541.309;2.147.523;1.103.286;2.896.521;2.033.443;644.787;30.509;0;47
ADYEN DO BRASIL INSTITUICAO DE PAGAMENTO LTDA.;14796606;ADYEN DO BRASIL IP - PRUDENCIAL;;00087401;n4;3;41;SAO PAULO;SP;03/2026;3.526.958;0;174.639;2.710.227;222.507;816.731;39.807;1;0
COOPERATIVA DE ECONOMIA E CREDITO MUTUO DOS MEDICOS DE PORTO ALEGRE LTDA-UNICRED PORTO ALEGRE;94433109;;;;b3S;2;9;PORTO ALEGRE;RS;03/2026;3.465.829;1.965.731;63.628;3.070.453;2.808.268;395.376;28.392;0;36
COOPERATIVA DE CRÉDITO, POUPANÇA E INVESTIMENTO PROGRESSO - SICREDI PROGRESSO PR/SP;76059997;;;;b3S;2;9;TOLEDO;PR;03/2026;3.393.206;2.160.372;815.581;3.013.100;1.996.733;380.106;4.670;0;26
BANCO ABN AMRO CLEARING S.A.;3532415;BCO ABN AMRO CLEARING - PRUDENCIAL;00052302;00081579;b1;3;8;SAO PAULO;SP;03/2026;3.392.971;0;822.028;2.773.529;1.557.422;619.441;11.376;2;0
COOPERATIVA DE CRÉDITO AGROCREDI LTDA. - SICOOB AGROCREDI;42873828;;;;b3S;2;9;GUAXUPE;MG;03/2026;3.377.942;828.391;91.245;2.608.333;2.287.418;769.609;41.710;0;27
COOPERATIVA DE CRÉDITO, POUPANÇA E INVESTIMENTO DE CAMPO GRANDE E REGIÃO - SICREDI CAMPO GRANDE MS/GO;3042597;;;;b3S;2;9;CAMPO GRANDE;MS;03/2026;3.368.344;2.399.672;647.537;2.944.246;1.622.048;424.098;-12.383;0;24
CREDSYSTEM INSTITUIÇÃO DE PAGAMENTO LTDA;4670195;CREDSYSTEM IP - PRUDENCIAL;;00085441;n4;2;41;BARUERI;SP;03/2026;3.364.463;2.578.041;225.127;2.889.561;469;474.902;36.263;1;0
COOPERATIVA DE CRÉDITO CREDIVAR LTDA. - SICOOB CREDIVAR;25798596;;;;b3S;2;9;VARGINHA;MG;03/2026;3.359.338;1.746.469;75.132;2.874.318;2.419.948;485.020;15.346;0;31
COOPERATIVA DE CRÉDITO, POUPANÇA E INVESTIMENTO BOTUCARAÍ - SICREDI BOTUCARAÍ RS/MG;87900601;;;;b3S;2;9;SOLEDADE;RS;03/2026;3.357.442;2.445.875;619.119;2.885.179;1.856.201;472.263;15.531;0;39
COOPERATIVA DE CRÉDITO, POUPANÇA E INVESTIMENTO CENTRO SUL - SICREDI CENTRO SUL PR/SC/RJ;78907607;;;;b3S;2;9;PRUDENTOPOLIS;PR;03/2026;3.321.184;2.176.456;866.326;2.878.415;1.740.540;442.769;16.129;0;37
COOPERATIVA DE CREDITO CREDIROCHAS - SICOOB CREDIROCHAS;3358914;;;;b3S;2;9;CACHOEIRO DE ITAPEMIRIM;ES;03/2026;3.279.675;1.616.327;61.789;2.921.051;2.796.660;358.624;17.689;0;29
COOPERATIVA DE CRÉDITO, POUPANÇA E INVESTIMENTO INTEGRAÇÃO DO SUL DE MATO GROSSO, AMAPÁ E PARÁ - SICREDI INTEGRAÇÃO MT/AP/PA;26549311;;;;b3S;2;9;RONDONOPOLIS;MT;03/2026;3.276.461;1.619.673;1.017.618;2.869.913;2.003.890;406.547;3.024;0;23
COOPERATIVA DE CRÉDITO, POUPANÇA E INVESTIMENTO PARANAPANEMA SERRANA PR/SP/RJ - SICREDI PARANAPANEMA SERRANA PR/SP/RJ;79086997;;;;b3S;2;9;CAMBARA;PR;03/2026;3.169.385;1.930.562;728.260;2.928.544;1.979.596;240.842;-4.354;0;47
COOPERATIVA DE CRÉDITO ROTA DAS TERRAS - SICREDI   ROTA DAS TERRAS;87510475;;;;b3S;2;9;TAPERA;RS;03/2026;3.156.510;2.103.390;865.078;2.789.549;1.312.507;366.961;-10.194;0;28
COOPERATIVA DE CRÉDITO DE LIVRE ADMISSÃO DO PONTAL DO TRIANGULO LTDA - SICOOB CREDIPONTAL;26178533;;;;b3S;2;9;ITUIUTABA;MG;03/2026;3.146.123;2.139.181;32.824;2.845.524;1.743.706;300.599;-2.346;0;10
COOPERATIVA DE CRÉDITO, POUPANÇA E INVESTIMENTO DO CERRADO DE GOIÁS - SICREDI CERRADO GO;6332931;;;;b3S;2;9;GOIANIA;GO;03/2026;3.144.869;1.982.112;750.634;2.871.001;1.784.157;273.868;126;0;30
COOPERATIVA DE CRÉDITO, POUPANÇA E INVESTIMENTO CAMINHO DAS ÁGUAS RS - SICREDI CAMINHO DAS ÁGUAS RS;95213211;;;;b3S;2;9;ROLANTE;RS;03/2026;3.055.460;1.693.302;1.069.501;2.816.108;2.153.398;239.352;3.548;0;27
COOPERATIVA DE CRÉDITO DE LIVRE ADMISSÃO DE ASSOCIADOS SUL CATARINENSE - SICOOB CREDISULCA SC;81367880;;;;b3S;2;9;TURVO;SC;03/2026;3.047.469;1.317.162;50.019;2.597.758;2.254.667;449.711;28.734;0;29
COOPERATIVA DE CRÉDITO SICOOB VALE SUL;2466552;;;;b3S;2;9;FRANCISCO BELTRAO;PR;03/2026;3.039.109;2.008.164;39.980;2.694.230;1.896.865;344.879;20.380;0;50
VORTX DISTRIBUIDORA DE TITULOS E VALORES MOBILIARIOS LTDA.;22610500;VORTX DTVM - PRUDENCIAL;00052364;00084538;n2;2;16;SAO PAULO;SP;03/2026;3.034.693;0;32.441;2.946.518;2.858.888;88.176;14.534;2;0
BB GESTÃO DE RECURSOS - DISTRIBUIDORA DE TÍTULOS E VALORES MOBILIÁRIOS S.A.;30822936;BB - PRUDENCIAL;00049906;00080329;n2;1;16;BRASILIA;DF;03/2026;3.019.190;0;587.386;988.241;0;2.030.948;601.731;3;0
99PAY INSTITUICAO DE PAGAMENTO S.A.;24313102;99PAY IP - PRUDENCIAL;;00087793;n4;3;41;SAO PAULO;SP;03/2026;3.003.740;0;1.448.812;2.871.105;2.432.160;132.635;2.341;1;0
COOPERATIVA DE CRÉDITO, POUPANÇA E INVESTIMENTO RIO PARANÁ - SICREDI RIO PARANÁ;81206039;;;;b3S;2;9;NOVA LONDRINA;PR;03/2026;2.994.094;1.838.998;868.254;2.553.134;1.768.156;440.960;25.821;0;37
BANCO KDB DO BRASIL S.A.;7656500;BCO KDB BRASIL S.A. - PRUDENCIAL;;00081603;b1;3;8;SAO PAULO;SP;03/2026;2.989.781;508.865;2.308.236;2.447.453;2.329.043;542.327;15.910;2;0
INTER PAG INSTITUIÇÃO DE PAGAMENTO S.A.;22177858;INTER - PRUDENCIAL;;00080996;n4;2;41;BELO HORIZONTE;MG;03/2026;2.980.655;0;1.875.438;833.340;0;2.147.315;28.266;1;0
QI CORRETORA DE TÍTULOS E VALORES MOBILIÁRIOS S.A.;62285390;QI SCD - PRUDENCIAL;00052395;00084882;n2;3;15;SAO PAULO;SP;03/2026;2.919.288;0;240.837;2.196.394;1.966.370;722.895;44.085;2;0
COOPERATIVA DE CRÉDITO, POUPANÇA E INVESTIMENTO NORTE SUL - SICREDI NORTE SUL;79063574;;;;b3S;2;9;SANTO ANTONIO DA PLATINA;PR;03/2026;2.911.786;1.667.872;979.274;2.627.311;1.590.882;284.475;-107;0;34
COOPERATIVA DE CRÉDITO, POUPANÇA E INVESTIMENTO SUL MINAS DO RIO GRANDE DO SUL E MINAS GERAIS - SICREDI SUL MINAS RS/MG.;87784088;;;;b3S;2;9;ESTACAO;RS;03/2026;2.909.094;1.900.263;790.296;2.611.011;1.490.004;298.083;1.222;0;30
COOPERATIVA DE CRÉDITO DE LIVRE ADMISSÃO DE ASSOCIADOS DO VALE DO VINHO - SICOOB VALE DO VINHO;81016131;;;;b3S;2;9;VIDEIRA;SC;03/2026;2.908.195;1.477.957;60.489;2.606.747;2.026.694;301.448;6.248;0;34
COOPERATIVA DE CRÉDITO, POUPANÇA E INVESTIMENTO DO NOROESTE DE MATO GROSSO, ACRE E AMAZONAS - SICREDI BIOMAS;33022690;;;;b3S;2;9;ARAPUTANGA;MT;03/2026;2.905.458;1.954.486;600.529;2.546.934;1.600.354;358.524;-1.668;0;36
CORA SOCIEDADE DE CRÉDITO, FINANCIAMENTO E INVESTIMENTO S.A.;37880206;CORA SCFI - PRUDENCIAL;;00085317;n1;2;14;SAO PAULO;SP;03/2026;2.896.494;274.282;1.976.577;2.663.533;2.381.491;232.961;7.597;2;0
COOPERATIVA DE CRÉDITO, POUPANÇA E INVESTIMENTO TERRA DOS PINHEIRAIS DO PARANÁ E NOROESTE PAULISTA - SICREDI PLANALTO DAS ÁGUAS PR/SP;77984870;;;;b3S;2;9;GUARAPUAVA;PR;03/2026;2.888.579;1.831.772;708.804;2.623.051;1.580.023;265.528;-7.736;0;28
COOPERATIVA DE CREDITO DE LIVRE ADMISSÃO DO SUL DE MINAS LTDA - SICOOB CREDIVASS;1604998;;;;b3S;2;9;SAO GONCALO DO SAPUCAI;MG;03/2026;2.874.813;1.119.465;61.950;2.496.021;2.189.291;378.792;21.605;0;44
COOPERATIVA DE CRÉDITO, POUPANÇA E INVESTIMENTO CONFIANÇA - SICREDI CONFIANÇA;89049738;;;;b3S;2;9;TRES DE MAIO;RS;03/2026;2.874.107;1.688.471;868.228;2.220.037;1.538.803;654.070;24.002;0;26
COOPERATIVA DE CRÉDITO SICOOB OURO VERDE;5582619;;;;b3S;2;9;LONDRINA;PR;03/2026;2.851.616;1.886.318;45.383;2.554.133;2.267.088;297.482;14.933;0;56
COOPERATIVA DE CREDITO DE LIVRE ADMISSÃO DE ASSOCIADOS ITAIPU SICOOB CREDITAIPU;81014060;;;;b3S;2;9;PINHALZINHO;SC;03/2026;2.849.297;1.802.515;66.049;2.483.050;1.806.688;366.248;-3.732;0;24
COOPERATIVA DE CRÉDITO E INVESTIMENTO COM INTERAÇÃO SOLIDÁRIA FRONTEIRAS PR/SC/SP/ES - CRESOL FRONTEIRAS PR/SC/SP/ES;5276770;;;;b3S;2;9;REALEZA;PR;03/2026;2.824.963;2.196.719;44.094;2.467.518;1.309.666;357.444;9.138;0;43
SUMUP INSTITUICAO DE PAGAMENTO BRASIL LTDA;16668076;SUMUP IP - PRUDENCIAL;;00085238;n4;3;41;SAO PAULO;SP;03/2026;2.814.576;0;92.314;2.394.015;131.131;420.561;4.182;1;0
OMNI BANCO S.A.;60850229;OMNI - PRUDENCIAL;00050940;00080460;b1;2;8;SAO PAULO;SP;03/2026;2.812.252;492.864;111.365;2.348.860;2.235.003;463.392;6.218;2;0
COOPERATIVA DE CRÉDITO, POUPANÇA E INVESTIMENTO DO VALE DO RIO PARDO - SICREDI VALE DO RIO PARDO RS;95424891;;;;b3S;2;9;SANTA CRUZ DO SUL;RS;03/2026;2.777.560;1.517.360;1.126.001;2.282.726;1.681.708;494.834;24.722;0;15
COOPERATIVA DE CRÉDITO, POUPANÇA E INVESTIMENTO NOSSA TERRA - SICREDI NOSSA TERRA PR/SP;81192106;;;;b3S;2;9;CAFELANDIA;PR;03/2026;2.771.649;1.686.520;762.988;2.501.063;1.586.503;270.586;-1.651;0;30
COOPERATIVA DE CRÉDITO GERAÇÕES - SICREDI GERAÇÕES RS/MG;88471024;;;;b3S;2;9;CACHOEIRA DO SUL;RS;03/2026;2.767.700;1.855.914;650.782;2.369.879;1.548.806;397.821;18.797;0;31
BANCO RANDON S.A.;11476673;RANDON - PRUDENCIAL;;00080800;b2;2;8;CAXIAS DO SUL;RS;03/2026;2.730.687;1.970.926;635.455;2.362.421;2.345.529;368.266;813;2;0
COOPERATIVA DE CRÉDITO SUL - SICOOB SUL;5888589;;;;b3S;2;9;CURITIBA;PR;03/2026;2.717.095;1.963.622;37.008;2.376.611;2.066.933;340.484;12.621;0;38
COOPERATIVA DE CRÉDITO DE LIVRE ADMISSÃO DE ASSOCIADOS AURIVERDE -  SICOOB - CREDIAL SC/RS;78858107;;;;b3S;2;9;CUNHA PORA;SC;03/2026;2.717.001;996.982;56.100;2.241.036;1.870.466;475.965;20.606;0;18
COOPERATIVA DE CRÉDITO E INVESTIMENTO COM INTERAÇÃO SOLIDÁRIA RAIZ - CRESOL RAIZ;17343510;;;;b3S;2;9;FREDERICO WESTPHALEN;RS;03/2026;2.702.799;2.181.073;42.047;2.385.866;1.313.942;316.933;7.745;0;56
ASAAS GESTÃO FINANCEIRA INSTITUIÇÃO DE PAGAMENTO S.A.;19540550;ASAAS GESTAO FINANCEIRA IP - PRUDENCIAL;;00085771;n4;2;41;JOINVILLE;SC;03/2026;2.693.371;2.168;1.142.292;2.311.222;1.171.676;382.149;4.984;1;0
COOPERATIVA DE CRÉDITO DOS TRANSPORTES, CORREIOS E LOGÍSTICA DO BRASIL - TRANSPOCRED;8075352;;;;b3S;2;9;FLORIANOPOLIS;SC;03/2026;2.678.324;2.176.504;58.893;2.393.118;1.499.183;285.206;-7.774;0;58
PAYPAL DO BRASIL INSTITUIÇÃO DE PAGAMENTO LTDA.;10878448;PAYPAL DO BRASIL IP - PRUDENCIAL;;00085018;n4;3;41;SAO PAULO;SP;03/2026;2.671.580;0;538.622;2.086.253;213.743;585.327;3.325;1;0
BANCO AFINZ S.A. - BANCO MÚLTIPLO;4814563;BANCO AFINZ BM - PRUDENCIAL;;00083539;b1;2;8;SOROCABA;SP;03/2026;2.663.149;599.559;213.777;2.522.894;2.368.264;140.255;-47.841;2;1
COOPERATIVA DE CRÉDITO LITORÂNEA;85291086;;;;b3S;2;9;JACINTO MACHADO;SC;03/2026;2.656.789;1.387.238;46.053;2.243.984;2.004.398;412.805;24.203;0;16
BBVA BRASIL BANCO DE INVESTIMENTO S.A.;45283173;BBVA BRASIL BI S.A. - PRUDENCIAL;;00081366;b2;3;13;SAO PAULO;SP;03/2026;2.651.923;914.557;101.772;1.550.086;1.361.994;1.101.837;-6.095;2;0
CREDISIS - CENTRAL DE COOPERATIVAS DE CRÉDITO LTDA.;4632856;;;;b3C;2;9;JI-PARANA;RO;03/2026;2.621.348;94.390;1.822.942;2.457.154;459.707;164.194;7.074;0;0
COOPERATIVA DE CRÉDITO, POUPANÇA E INVESTIMENTO SEMENTES DO SUL - SICREDI SEMENTES DO SUL;87900411;;;;b3S;2;9;ESPUMOSO;RS;03/2026;2.619.979;1.802.577;607.007;2.014.441;1.025.840;605.538;20.461;0;25
MAGALUPAY INSTITUIÇÃO DE PAGAMENTO S.A.;13884775;MAGALUPAY IP - PRUDENCIAL;;00085348;n4;2;41;BARUERI;SP;03/2026;2.606.343;160;319.173;2.107.383;171.550;498.960;11.005;1;0
BANCO DA CHINA BRASIL S.A.;10690848;BANK OF CHINA (BRASIL) - PRUDENCIAL;00032119;00080295;b1;3;8;SAO PAULO;SP;03/2026;2.606.212;644.334;803.964;1.965.949;1.770.960;640.263;26.148;2;1
COOPERATIVA DE CRÉDITO, POUPANÇA E INVESTIMENTO CENTRO SERRA - SICREDI CENTRO SERRA RS;87067757;;;;b3S;2;9;AGUDO;RS;03/2026;2.600.782;1.160.120;1.249.436;1.923.534;1.287.093;677.247;26.115;0;16
COOPERATIVA CENTRAL DE ECONOMIA E CRÉDITO SICOOB UNIMAIS RIO LTDA.;14568725;;;;b3C;2;9;RIO DE JANEIRO;RJ;03/2026;2.600.021;46.354;913.647;2.348.491;0;251.530;5.639;0;2
BANCO CREFISA S.A.;61033106;CREFISA S.A. CFI - PRUDENCIAL;00052010;00083632;b1;2;2;SAO PAULO;SP;03/2026;2.591.856;1.859.639;325.092;2.149.051;1.448.533;442.805;35.585;2;1.195
COOPERATIVA DE CRÉDITO SICOOB PRIMAVERA - SICOOB PRIMAVERA;5241619;;;;b3S;2;9;PRIMAVERA DO LESTE;MT;03/2026;2.585.851;1.896.411;40.347;2.303.525;1.815.341;282.326;2.030;0;35
BANCO BRASILEIRO DE CRÉDITO SOCIEDADE ANÔNIMA;1852137;BBC S.A. - PRUDENCIAL;;00084480;b1;2;8;SAO PAULO;SP;03/2026;2.576.878;2.188.625;80.849;2.314.536;2.255.439;262.343;2.276;2;0
COOPERATIVA DE CRÉDITO DE EMPRESÁRIOS - SICOOB/TRANSCREDI;4247370;;;;b3S;2;9;CONCORDIA;SC;03/2026;2.498.570;1.488.290;148.041;2.047.972;2.006.369;450.598;20.987;0;5
COOPERATIVA DE CRÉDITO PRO;44469161;;;;b3S;2;9;GUARIBA;SP;03/2026;2.492.763;1.245.015;524.986;2.040.659;1.902.099;452.104;11.103;0;12
DOCK INSTITUIÇÃO DE PAGAMENTO S.A.;13370835;DOCK IP - PRUDENCIAL;;00084789;n4;2;41;BARUERI;SP;03/2026;2.483.629;22.765;107.627;2.280.993;1.913.684;202.636;4.257;1;0
COOPERATIVA DE CRÉDITO, POUPANÇA E INVESTIMENTO GRANDES LAGOS DO PARANÁ E LITORAL PAULISTA - SICREDI GRANDES LAGOS PR/SP;81115149;;;;b3S;2;9;LARANJEIRAS DO SUL;PR;03/2026;2.477.064;1.315.184;918.685;2.212.986;1.520.139;264.078;4.564;0;32
COOPERATIVA DE CRÉDITO E INVESTIMENTO COM INTERAÇÃO SOLIDÁRIA TRADIÇÃO - CRESOL TRADIÇÃO;4350225;;;;b3S;2;9;FRANCISCO BELTRAO;PR;03/2026;2.475.204;1.866.808;31.382;2.207.381;1.385.017;267.823;3.784;0;30
BTG PACTUAL SERVIÇOS FINANCEIROS S.A. DISTRIBUIDORA DE TÍTULOS E VALORES MOBILIÁRIOS;59281253;BTG PACTUAL - PRUDENCIAL;00049944;00080336;n2;2;16;RIO DE JANEIRO;RJ;03/2026;2.471.404;0;0;2.136.362;0;335.042;102.448;2;0
COOPERATIVA DE CRÉDITO DE LIVRE ADMISSÃO DO VALE - SICOOB CREDIVALE/SC;86829827;;;;b3S;2;9;BRACO DO NORTE;SC;03/2026;2.467.617;1.424.071;46.378;2.168.862;1.671.757;298.755;13.698;0;17
COOPERATIVA DE CRÉDITO DOS MÉDICOS, PROFISSIONAIS DA SAÚDE E EMPRESÁRIOS - UNICRED RAÍZES;36900256;;;;b3S;2;9;CUIABA;MT;03/2026;2.455.916;1.491.524;44.649;2.142.218;1.913.443;313.698;37.716;0;17
COOPERATIVA DE CRÉDITO E ECONOMIA COM INTERAÇÃO SOLIDÁRIA - CRESOL NOROESTE;2663426;;;;b3S;2;9;CONSTANTINA;RS;03/2026;2.449.116;1.778.716;82.776;2.142.496;1.077.220;306.620;13.130;0;37
COOPERATIVA DE CRÉDITO DE LIVRE ADMISSÃO DA REGIÃO CENTRAL E OESTE MINEIRO LTDA. - SICOOB DIVICRED;1736516;;;;b3S;2;9;DIVINOPOLIS;MG;03/2026;2.435.895;919.127;29.435;2.149.382;2.101.948;286.513;8.597;0;29
COOPERATIVA DE CRÉDITO E INVESTIMENTO COM INTERAÇÃO SOLIDÁRIA DO VALE EUROPEU - CRESOL VALE EUROPEU;7512780;;;;b3S;2;9;AGUAS MORNAS;SC;03/2026;2.419.230;1.572.004;22.748;2.034.727;1.415.951;384.504;18.245;0;52
COOPERATIVA DE CRÉDITO - SICREDI EXPANSÃO;41180092;;;;b3S;2;9;MACEIO;AL;03/2026;2.392.524;1.288.249;861.793;2.012.708;1.689.228;379.816;18.152;0;26
COOPERATIVA DE CRÉDITO SUL-LITORÂNEA DO ESPÍRITO SANTO;32474884;;;;b3S;2;9;ALFREDO CHAVES;ES;03/2026;2.388.804;824.196;232.389;2.086.305;1.947.462;302.499;16.459;0;18
FLASH TECNOLOGIA E  INSTITUICAO DE PAGAMENTO LTDA;32223020;FLASH TECNOLOGIA IP - PRUDENCIAL;;00087315;n4;2;41;SAO PAULO;SP;03/2026;2.378.712;41.621;770.458;2.153.881;1.916.686;224.831;-1.103;1;0
COOPERATIVA DE CRÉDITO, POUPANÇA E INVESTIMENTO DA REGIÃO CENTRO OESTE PAULISTA - SICREDI CENTRO OESTE PAULISTA;4463602;;;;b3S;2;9;MARILIA;SP;03/2026;2.358.036;1.143.488;969.732;2.176.557;1.758.981;181.480;-1.784;0;27
COOPERATIVA DE CRÉDITO DE LIVRE ADMISSÃO DE ASSOCIADOS OESTE CATARINENSE;78825023;;;;b3S;2;9;PALMITOS;SC;03/2026;2.350.628;1.248.479;32.317;2.091.879;1.510.659;258.749;5.894;0;20
COOPERATIVA DE CRÉDITO, POUPANÇA E INVESTIMENTO INTEGRAÇÃO - SICREDI INTEGRAÇÃO PR/SC;81054686;;;;b3S;2;9;LAPA;PR;03/2026;2.344.381;1.039.096;1.183.324;2.070.351;1.484.888;274.030;14.547;0;29
BANCO DE DESENVOLVIMENTO DO ESPIRITO SANTO S.A.;28145829;BCO DES. DO ES S.A. - PRUDENCIAL;;00081304;b4;1;5;VITORIA;ES;03/2026;2.332.492;645.777;851.815;1.730.606;856.659;601.886;11.974;2;0
COOPERATIVA DE CRÉDITO DE LIVRE ADMISSÃO DA UNIÃO DOS VALES DO PIRANGA E MATIPÓ LTDA. - SICOOB UNIÃO DOS VALES;1060307;;;;b3S;2;9;RAUL SOARES;MG;03/2026;2.327.029;1.040.211;136.395;2.092.907;1.797.242;234.122;10.649;0;39
COOPERATIVA DE CRÉDITO UNICRED DESBRAVADORA LTDA - UNICRED DESBRAVADORA;1039011;;;;b3S;2;9;CHAPECO;SC;03/2026;2.313.265;1.478.269;38.724;2.062.668;1.883.659;250.597;5.166;0;21
COOPERATIVA DE CRÉDITO, POUPANÇA E INVESTIMENTO DO RIO GRANDE DO NORTE - SICREDI RIO GRANDE DO NORTE;70038237;;;;b3S;2;9;NATAL;RN;03/2026;2.311.416;1.239.159;827.856;2.040.590;1.779.381;270.825;26.624;0;11
COOPERATIVA DE CRÉDITO DA REGIÃO MERIDIONAL DO BRASIL - SICOOB UNICOOB MERIDIONAL;5392810;;;;b3S;2;9;TOLEDO;PR;03/2026;2.283.912;1.387.768;33.858;2.014.318;1.759.178;269.594;2.519;0;33
COOPERATIVA DE CRÉDITO, POUPANÇA E INVESTIMENTO VALOR SUSTENTÁVEL - SICREDI VALOR SUSTENTÁVEL PR/SP;81706616;;;;b3S;2;9;JANDAIA DO SUL;PR;03/2026;2.283.862;1.516.684;440.342;2.058.376;1.118.092;225.486;-3.636;0;23
COOPERATIVA DE CRÉDITO E INVESTIMENTO COM INTERAÇÃO SOLIDÁRIA CENTRO SUL - CRESOL CENTRO SUL;2910987;;;;b3S;2;9;ERECHIM;RS;03/2026;2.276.544;1.631.761;26.432;1.968.781;1.308.158;307.763;3.928;0;32
COOPERATIVA DE CRÉDITO CREDILIVRE LTDA. - SICOOB CREDILIVRE;41697103;;;;b3S;2;9;MANHUACU;MG;03/2026;2.266.793;1.112.664;69.675;1.834.484;1.465.839;432.309;24.355;0;21
COOPERATIVA DE CRÉDITO DE LIVRE ADMISSÃO DA ZONA DA MATA LTDA   SICOOB COOPEMATA;2335109;;;;b3S;2;9;CATAGUASES;MG;03/2026;2.263.759;1.320.204;33.989;1.943.687;1.838.078;320.072;3.009;0;31
SANTANDER INSTITUCIONAL CORRETORA DE CÂMBIO E VALORES MOBILIÁRIOS S.A.;51014223;SANTANDER - PRUDENCIAL;00030379;00080185;n2;3;15;SAO PAULO;SP;03/2026;2.258.608;0;873.296;1.105.752;0;1.152.856;45.985;3;0
COOPERATIVA DE CRÉDITO DO NORTE CATARINENSE E SUL PARANAENSE - SICOOB CREDINORTE;81011686;;;;b3S;2;9;MAFRA;SC;03/2026;2.245.614;1.234.915;81.479;1.971.972;1.492.363;273.641;7.699;0;17
REDECARD SOCIEDADE DE CRÉDITO DIRETO S.A.;46743943;ITAU - PRUDENCIAL;00010069;00080099;n1;2;43;SAO PAULO;SP;03/2026;2.235.214;0;1;1.428.962;0;806.252;52.846;2;0
BANCO GUANABARA S.A.;31880826;BCO GUANABARA S.A. - PRUDENCIAL;;00081672;b1;2;8;RIO DE JANEIRO;RJ;03/2026;2.215.799;1.107.909;573.657;1.912.735;1.883.658;303.063;20.088;3;0
COOPERATIVA CENTRAL DE CRÉDITO, POUPANÇA E INVESTIMENTO DO CENTRO NORTE DO BRASIL - CENTRAL SICREDI CENTRO NORTE;33667205;;;;b3C;2;9;CUIABA;MT;03/2026;2.193.970;0;1.274.434;931.542;0;1.262.429;848;0;0
COOPERATIVA DE CRÉDITO DE LIVRE ADMISSÃO DA REGIÃO DO CIRCUITO CAMPOS DAS VERTENTES LTDA - SICOOB COPERMEC;2232383;;;;b3S;2;9;CLAUDIO;MG;03/2026;2.184.283;1.016.152;27.826;1.875.979;1.777.951;308.304;15.468;0;22
COOPERATIVA DE CRÉDITO DE LIVRE ADMISSÃO DO ALTO VALE DO ITAJAÍ - VIACREDI ALTO VALE;16779741;;;;b3S;2;9;IBIRAMA;SC;03/2026;2.184.045;1.332.445;54.460;1.879.429;1.733.171;304.617;12.171;0;30
COOPERATIVA DE CRÉDITO COCRE;54401286;;;;b3S;2;9;PIRACICABA;SP;03/2026;2.133.757;742.422;189.785;1.877.245;1.700.502;256.512;6.513;0;26
BANCO PAULISTA S.A.;61820817;BANCO PAULISTA - PRUDENCIAL;;00080381;b1;2;8;SAO PAULO;SP;03/2026;2.126.776;955.948;486.427;1.974.440;1.759.313;152.337;-12.299;2;0
BANCO TOPÁZIO S.A.;7679404;BANCO TOPÁZIO S.A. - PRUDENCIAL;;00081517;b1;3;8;PORTO ALEGRE;RS;03/2026;2.126.086;97.908;550.340;1.839.699;1.651.482;286.386;1.882;2;0
COOPERATIVA DE CRÉDITO E INVESTIMENTO COM INTERAÇÃO SOLIDÁRIA UNIÃO DOS VALES - CRESOL UNIÃO DOS VALES;5231945;;;;b3S;2;9;IVAIPORA;PR;03/2026;2.109.655;1.736.188;34.231;1.831.400;941.650;278.255;14.807;0;44
BTG PACTUAL ASSET MANAGEMENT S.A. DISTRIBUIDORA DE TÍTULOS E VALORES MOBILIÁRIOS;29650082;BTG PACTUAL - PRUDENCIAL;00049944;00080336;n2;2;16;RIO DE JANEIRO;RJ;03/2026;2.077.594;0;0;1.153.045;0;924.549;138.743;18;0
COOPERATIVA DE CREDITO CREDICERIPA - SICOOB CREDICERIPA;966246;;;;b3S;2;9;ITAI;SP;03/2026;2.074.944;979.922;54.777;1.814.584;1.640.507;260.360;9.264;0;33
COOPERATIVA DE ECONOMIA E CRÉDITO MÚTUO UNICRED PREMIUM CAPITAL - UNICRED PREMIUM CAPITAL;1635462;;;;b3S;2;9;LAJEADO;RS;03/2026;2.046.829;1.200.321;42.521;1.810.282;1.646.599;236.547;421;0;29
SAFRA DISTRIBUIDORA DE TÍTULOS E VALORES MOBILIÁRIOS LTDA.;1638542;SAFRA - PRUDENCIAL;00010083;00080109;n2;2;16;SAO PAULO;SP;03/2026;2.037.379;0;578.728;1.438.984;607;598.395;48.743;2;0
COOPERATIVA DE CRÉDITO, POUPANÇA E INVESTIMENTO VALE DO JAGUARI E ZONA DA MATA - SICREDI VALE DO JAGUARI E ZONA DA MATA RS/MG;87780284;;;;b3S;2;9;SANTIAGO;RS;03/2026;2.036.013;1.346.034;572.653;1.604.483;964.738;431.530;11.015;0;29
SICOOB MANTIQUEIRA - COOPERATIVA DE CRÉDITO DE LIVRE ADMISSÃO;71698674;;;;b3S;2;9;TAUBATE;SP;03/2026;2.021.671;1.300.251;46.135;1.802.746;1.723.336;218.925;5.150;0;34
COOPERATIVA DE CRÉDITO CREDIGUAÇU - SICOOB CREDIGUAÇU;67960229;;;;b3S;2;9;DESCALVADO;SP;03/2026;2.017.872;798.976;92.066;1.735.981;1.697.270;281.891;8.530;0;36
COOPERATIVA DE CRÉDITO ALTO VALE DO ITAJAÍ - SICOOB ALTO VALE;80959612;;;;b3S;2;9;RIO DO SUL;SC;03/2026;2.016.587;957.324;45.866;1.768.261;1.445.641;248.325;13.182;0;29
AGÊNCIA DE FOMENTO DO ESTADO DE SANTA CATARINA S.A.-BADESC;82937293;AF DO ESTADO DE SC S.A. - PRUDENCIAL;;00081074;n1;1;30;FLORIANOPOLIS;SC;03/2026;2.014.027;1.509.403;414.147;835.241;759.496;1.178.786;20.276;2;0
COOPERATIVA DE CRÉDITO DE LIVRE ADMISSÃO DA REGIÃO METROPOLITANA DE GOIÂNIA LTDA.;7599206;;;;b3S;2;9;GOIANIA;GO;03/2026;1.974.036;1.086.368;122.143;1.497.931;1.300.834;476.104;-9.092;0;12
SICREDI VEREDAS COOPERATIVA DE CREDITO;72257793;;;;b3S;2;9;FORTALEZA;CE;03/2026;1.956.825;681.356;1.011.481;1.679.543;1.438.147;277.282;16.573;0;26
BNY MELLON BANCO S.A.;42272526;BNY MELLON - PRUDENCIAL;00051808;00080910;b1;3;2;RIO DE JANEIRO;RJ;03/2026;1.956.551;0;178.336;1.634.796;1.608.763;321.755;9.619;3;0
S3 CACEIS BRASIL DISTRIBUIDORA DE TÍTULOS E VALORES MOBILIÁRIOS S.A.;62318407;S3 CACEIS BRASIL DTVM - PRUDENCIAL;;00086622;n2;3;16;SAO PAULO;SP;03/2026;1.936.018;0;157.349;958.842;319.275;977.176;56.100;2;0
COOPERATIVA DE CRÉDITO E INVESTIMENTO LIBERDADE - SICREDI LIBERDADE;88530142;;;;b3S;2;9;BAGE;RS;03/2026;1.929.406;1.137.421;662.054;1.587.120;951.874;342.285;11.504;0;22
CENTRAL DAS COOPERATIVAS DE CRÉDITO DOS ESTADOS DE MATO GROSSO, MATO GROSSO DO SUL E DO MUNICÍPIO DE CACOAL/RO - SICOOB CENTRAL RONDON;106180;;;;b3C;2;9;CUIABA;MT;03/2026;1.926.368;3.959;791.439;1.772.807;144;153.561;-173;0;2
BANCO CAIXA GERAL - BRASIL S.A.;33466988;CAIXA GERAL - PRUDENCIAL;00051815;00080927;b1;3;8;SAO PAULO;SP;03/2026;1.925.946;825.006;600.429;1.628.582;1.597.744;297.364;-5.066;2;0
COOPERATIVA DE CRÉDITO DE LIVRE ADMISSÃO DE ASSOCIADOS DO PLANALTO CATARINENSE SICOOB CREDIPLANALTO SC/RS;1389651;;;;b3S;2;9;PAPANDUVA;SC;03/2026;1.920.310;1.335.768;23.727;1.710.589;1.494.050;209.721;7.071;0;20
DAYCOVAL LEASING - BANCO MÚLTIPLO S.A.;43818780;BCO DAYCOVAL S.A - PRUDENCIAL;00051987;00081744;b2;2;8;SAO PAULO;SP;03/2026;1.911.160;1.019.793;68.584;471.844;60.165;1.439.316;43.359;2;0
COOPERATIVA DE CRÉDITO UNICRED EVOLUÇÃO LTDA. - UNICRED EVOLUÇÃO;1727929;;;;b3S;2;9;PATOS DE MINAS;MG;03/2026;1.891.729;1.115.752;25.069;1.726.923;1.530.241;164.806;4.841;0;32
BMP SOCIEDADE DE CRÉDITO AO MICROEMPREENDEDOR E A EMPRESA DE PEQUENO PORTE LTDA.;11581339;BMP SCMEPP LTDA - PRUDENCIAL;00052137;00083292;n1;2;10;SAO PAULO;SP;03/2026;1.867.949;13.175;0;1.796.665;1.540.654;71.283;5.006;2;0
CENTRAL DAS COOPERATIVAS DE CRÉDITO DO ESTADO DE SÃO PAULO - SICOOB CENTRAL CECRESP;62931522;;;;b3C;2;9;SAO PAULO;SP;03/2026;1.861.388;6.575;1.258.716;1.481.219;1.350.792;380.168;10.537;0;0
AFINZ INSTITUIÇÃO DE PAGAMENTO S.A.;60114865;BANCO AFINZ BM - PRUDENCIAL;;00083539;n4;2;41;SOROCABA;SP;03/2026;1.845.836;792.557;131.274;1.706.833;26.042;139.002;-4.467;1;0
COOPERATIVA DE CRÉDITO COOPERAÇÃO - SICREDI COOPERAÇÃO;87779625;;;;b3S;2;9;NAO-ME-TOQUE;RS;03/2026;1.843.613;1.118.443;613.203;1.500.221;921.372;343.393;13.230;0;27
GOLDMAN SACHS DO BRASIL CORRETORA DE TÍTULOS E VALORES MOBILIÁRIOS S.A.;9605581;GOLDMAN SACHS - PRUDENCIAL;00051585;00080714;n2;3;15;SAO PAULO;SP;03/2026;1.842.851;0;43.031;620.782;0;1.222.069;90.632;2;0
COOPERATIVA DE CRÉDITO DA AMAZÔNIA - SICOOB AMAZÔNIA;5203605;;;;b3S;2;9;BURITIS;RO;03/2026;1.841.828;1.297.942;44.262;1.584.267;1.261.524;257.561;5.916;0;28
CREDISIS PRIMACREDI COOPERATIVA DE CRÉDITO;26563270;;;;b3S;2;9;PRIMAVERA DO LESTE;MT;03/2026;1.841.337;1.320.658;42.564;1.652.247;1.410.552;189.090;-19.383;0;9
BANCO BARI DE INVESTIMENTOS E FINANCIAMENTOS S.A.;556603;BANCO BARI DE INVESTIMENTO E FINANCI. - PRUDENCIAL;00051774;00080893;b1;2;8;CURITIBA;PR;03/2026;1.838.199;1.367.206;142.458;1.629.922;1.583.262;208.277;8.951;2;0
ASA SOCIEDADE DE CRÉDITO FINANCIAMENTO E INVESTIMENTO S.A.;48703388;ASA SCFI - PRUDENCIAL;;00086608;n1;2;14;SAO PAULO;SP;03/2026;1.821.775;737.303;887.174;1.531.793;1.456.518;289.982;-39.381;2;0
BANCO BMG CONSIGNADO S.A.;50585090;BMG - PRUDENCIAL;00030290;00080178;b1;2;8;SAO PAULO;SP;03/2026;1.821.269;166.251;914.937;132.473;0;1.688.796;41.506;2;0
COOPERATIVA DE ECONOMIA E CRÉDITO MÚTUO UNICRED INTEGRAÇÃO LTDA.;73750424;;;;b3S;2;9;CAXIAS DO SUL;RS;03/2026;1.793.909;878.181;34.958;1.636.894;1.511.667;157.015;-736;0;21
DLOCAL BRASIL INSTITUIÇÃO DE PAGAMENTO S.A.;25021356;DLOCAL BRASIL INSTITUIÇÃO DE PAGAMENTO - PRUDENCIA;;00087133;n4;3;41;SAO PAULO;SP;03/2026;1.793.367;0;11.884;1.631.063;237.092;162.304;2.129;1;0
HP FINANCIAL SERVICES ARRENDAMENTO MERCANTIL S.A.;97406706;HP FINANCIAL SERVICES AM S.A - PRUDENCIAL;;00082987;n1;3;19;BARUERI;SP;03/2026;1.792.112;1.627.630;0;533.273;312.885;1.258.838;30.864;4;0
COOPERATIVA DE CRÉDITO DE LIVRE ADMISSÃO SICOOB ARENITO PARANÁ / SÃO PAULO;7026923;;;;b3S;2;9;UMUARAMA;PR;03/2026;1.791.115;936.091;21.614;1.616.187;1.345.279;174.928;9.387;0;37
RECARGAPAY INSTITUICAO DE PAGAMENTO LTDA.;11275560;RECARGAPAY IP - PRUDENCIAL;;00085898;n4;3;41;SAO PAULO;SP;03/2026;1.790.628;150.035;880.027;1.611.898;395.880;178.730;4.091;1;0
CELCOIN INSTITUICAO DE PAGAMENTO S.A.;13935893;CELCOIN IP - PRUDENCIAL;;00085960;n4;3;41;BARUERI;SP;03/2026;1.789.703;0;396.291;1.437.707;997.655;351.996;-21.922;1;0
COOPERATIVA DE CRÉDITO DE LIVRE ADMISSÃO DA PARAÍBA - SICOOB PARAÍBA;11907520;;;;b3S;2;9;CAMPINA GRANDE;PB;03/2026;1.786.978;1.033.862;64.612;1.447.694;1.383.270;339.284;20.622;0;11
COOPERATIVA DE CRÉDITO COOPACREDI LTDA. - SICOOB COOPACREDI;65229254;;;;b3S;2;9;PATROCINIO;MG;03/2026;1.783.847;1.045.270;60.268;1.473.278;1.112.779;310.569;11.158;0;21
COOPERATIVA DE CRÉDITO UNICRED VALE LTDA - UNICRED VALE;73443863;;;;b3S;2;9;BLUMENAU;SC;03/2026;1.780.476;1.014.372;32.313;1.629.462;1.508.364;151.014;-21.855;0;18
COOPERATIVA CENTRAL DE CRÉDITO DA BAHIA LTDA - SICOOB CENTRAL BA;34148882;;;;b3C;2;9;SALVADOR;BA;03/2026;1.778.531;18.388;350.796;1.604.293;112.471;174.238;3.274;0;0
QI SOCIEDADE DE CRÉDITO DIRETO S.A.;32402502;QI SCD - PRUDENCIAL;00052395;00084882;n1;3;43;SAO PAULO;SP;03/2026;1.777.775;195.582;475.694;1.355.144;1.132.115;422.631;79.560;2;0
UBS (BRASIL) CORRETORA DE VALORES S.A.;61809182;UBS (BRASIL) - PRUDENCIAL;00030771;00080219;n2;3;15;SAO PAULO;SP;03/2026;1.776.953;0;17.874;1.560.775;115.593;216.178;-50.251;3;0
COOPERATIVA DE CRÉDITO E INVESTIMENTO COM INTERAÇÃO SOLIDÁRIA UNIÃO - CRESOL UNIÃO;2446089;;;;b3S;2;9;CORONEL VIVIDA;PR;03/2026;1.775.484;1.399.405;29.634;1.571.328;847.149;204.156;-5.501;0;21
LEASEPLAN ARRENDAMENTO MERCANTIL S.A.;4836002;LEASEPLAN AM S.A. - PRUDENCIAL;;00082963;n1;3;19;SAO PAULO;SP;03/2026;1.765.310;0;0;1.449.138;1.133.193;316.172;-98.573;2;0
SWAP INSTITUIÇÃO DE PAGAMENTO S.A.;31680151;SWAP IP - PRUDENCIAL;;00086732;n4;3;41;SAO PAULO;SP;03/2026;1.754.538;65.403;225.052;1.649.498;790.243;105.040;7.015;1;0
COOPERATIVA DE CRÉDITO UNICRED DO ESTADO DE SÃO PAULO LTDA.;71884498;;;;b3S;2;9;CAMPINAS;SP;03/2026;1.748.914;943.334;37.891;1.495.832;1.389.504;253.082;9.786;0;34
QISTA S.A. - CRÉDITO, FINANCIAMENTO E INVESTIMENTO;36583700;QISTA S.A. CFI - PRUDENCIAL;;00085506;n1;2;14;SAO PAULO;SP;03/2026;1.735.809;441.452;1.159.643;1.636.319;1.321.088;99.491;-19.124;2;0
BANCO MONEO S.A.;7441209;BANCO MONEO S.A. - PRUDENCIAL;;00081500;b2;2;8;CAXIAS DO SUL;RS;03/2026;1.732.942;1.636.242;859;1.400.956;1.340.782;331.986;11.562;2;0
UBS BB CORRETORA DE CÂMBIO, TÍTULOS E VALORES MOBILIÁRIOS S.A.;2819125;UBS (BRASIL) - PRUDENCIAL;00030771;00080219;n2;3;15;SAO PAULO;SP;03/2026;1.724.673;0;512.647;1.086.486;3.854;638.187;28.699;3;0
COOPERATIVA DE CRÉDITO CREDICOCAPEC;67096909;;;;b3S;2;9;FRANCA;SP;03/2026;1.723.124;923.200;102.582;1.403.345;1.170.854;319.778;11.969;0;10
COOPERATIVA DE CRÉDITO SAROM;66402207;;;;b3S;2;9;SAO ROQUE DE MINAS;MG;03/2026;1.712.122;802.979;17.354;1.519.236;1.229.276;192.887;1.534;0;30
COOPERATIVA DE CRÉDITO E INVESTIMENTO SICOOB CENTRO;8044854;;;;b3S;2;9;JI-PARANA;RO;03/2026;1.694.517;872.174;44.773;1.430.975;1.052.856;263.542;10.609;0;21
COOPERATIVA DE CRÉDITO DE LIVRE ADMISSÃO DE ITAÚNA E REGIÃO LTDA - SICOOB CENTRO-OESTE;66463407;;;;b3S;2;9;ITAUNA;MG;03/2026;1.662.521;807.582;23.255;1.456.754;1.420.183;205.767;6.814;0;9
COOPERATIVA DE ECONOMIA E CRÉDITO MÚTUO UNICRED ELEVA LTDA.;95163002;;;;b3S;2;9;SANTO ANGELO;RS;03/2026;1.658.436;961.340;29.509;1.503.697;1.393.974;154.739;1.255;0;18
STATE STREET BRASIL S.A. - BANCO COMERCIAL;9274232;STATE STREET BRASIL - PRUDENCIAL;;00081627;b1;3;2;SAO PAULO;SP;03/2026;1.647.486;0;962.406;935.995;893.935;711.491;2.388;2;0
AGROLEND SOCIEDADE DE CREDITO, FINANCIAMENTO E INVESTIMENTO S.A.;43774196;AGROLEND SCFI - PRUDENCIAL;;00085867;n1;2;14;SAO PAULO;SP;03/2026;1.646.318;763.669;857.298;1.126.051;1.123.511;520.267;18.111;2;0
COOPERATIVA DE CRÉDITO E INVESTIMENTO COM INTERAÇÃO SOLIDÁRIA INTEGRAÇÃO - CRESOL INTEGRAÇÃO;7268499;;;;b3S;2;9;TOLEDO;PR;03/2026;1.641.106;1.227.894;23.228;1.430.791;826.640;210.316;3.317;0;31
INTRAG DISTRIBUIDORA DE TITULOS E VALORES MOBILIARIOS LTDA.;62418140;ITAU - PRUDENCIAL;00010069;00080099;n2;2;16;SAO PAULO;SP;03/2026;1.637.205;0;0;332.782;0;1.304.423;65.540;2;0
COOPERATIVA DE CRÉDITO, CAPTAÇÃO, POUPANÇA E SOLUÇÕES FINANCEIRAS SICOOB CREDICAPITAL;4529074;;;;b3S;2;9;CASCAVEL;PR;03/2026;1.611.230;981.412;34.505;1.439.339;1.183.529;171.892;1.865;0;25
COOPERATIVA DE CRÉDITO E INVESTIMENTO COM INTERAÇÃO SOLIDÁRIA VANGUARDA - CRESOL VANGUARDA;3965737;;;;b3S;2;9;CHAPECO;SC;03/2026;1.605.359;1.191.375;24.099;1.466.777;837.174;138.582;-87;0;23
COOPERATIVA DE CRÉDITO CREDINOR LTDA - SICOOB CREDINOR;21866694;;;;b3S;2;9;MONTES CLAROS;MG;03/2026;1.593.668;696.394;30.305;1.355.548;1.240.677;238.120;13.515;0;33
COOPERATIVA DE CREDITO CREDISUDESTE LTDA. - SICOOB CREDISUDESTE;22656789;;;;b3S;2;9;MURIAE;MG;03/2026;1.587.717;696.155;52.657;1.418.369;1.064.916;169.348;-559;0;26
EBANX INSTITUICAO DE PAGAMENTOS LTDA.;21018182;EBANX IP - PRUDENCIAL;;00085094;n4;2;41;CURITIBA;PR;03/2026;1.578.498;0;0;1.450.708;1.423.233;127.790;25.638;1;0
COOPERATIVA DE CRÉDITO CREDIVERTENTES LTDA. - SICOOB CREDIVERTENTES;22724710;;;;b3S;2;9;SAO TIAGO;MG;03/2026;1.578.458;632.258;25.449;1.331.392;1.277.437;247.065;8.189;0;22
COOPERATIVA DE CRÉDITO INTEGRADO - SICOOB INTEGRADO;7122321;;;;b3S;2;9;PATO BRANCO;PR;03/2026;1.552.660;945.619;19.501;1.391.944;1.228.153;160.717;1.006;0;44
CHG-MERIDIAN DO BRASIL ARRENDAMENTO MERCANTIL S.A.;18539102;CHG-MERIDIAN DO BRASIL AM S.A. - PRUDENCIAL;;00082994;n1;3;19;BARUERI;SP;03/2026;1.551.021;278.988;0;1.383.187;997.767;167.834;-11.777;2;0
IUGU INSTITUIÇÃO DE PAGAMENTO S.A.;15111975;IUGU IP - PRUDENCIAL;;00085434;n4;2;41;SAO PAULO;SP;03/2026;1.546.013;0;71.329;1.495.811;419.107;50.203;-8.695;1;0
COOPERATIVA DE CRÉDITO E INVESTIMENTO COM INTERAÇÃO SOLIDÁRIA DA AMAZÔNIA - CRESOL AMAZÔNIA;10520232;;;;b3S;2;9;JI-PARANA;RO;03/2026;1.544.264;1.242.175;30.463;1.351.459;565.999;192.804;6.588;0;22
COOPERATIVA DE CRÉDITO DE LIVRE ADMISSÃO DE ASSOCIADOS - SICOOB CREDICARU SC/RS;694389;;;;b3S;2;9;SAO JOSE DO CERRITO;SC;03/2026;1.541.194;1.043.996;30.269;1.265.441;791.494;275.753;7.029;0;15
BANCO ARBI S.A.;54403563;BCO ARBI S.A. - PRUDENCIAL;;00081201;b1;2;2;RIO DE JANEIRO;RJ;03/2026;1.539.337;422.571;193.522;1.443.296;1.381.793;96.041;-9.231;5;0
BANCO B3 S.A.;997185;BANCO B3 - PRUDENCIAL;;00081225;b1;2;2;SAO PAULO;SP;03/2026;1.534.851;0;202.263;1.297.815;1.269.220;237.036;18.772;2;0
COOPERATIVA DE CRÉDITO CREDINTER LTDA. - SICOOB CREDINTER;24048910;;;;b3S;2;9;GUARANESIA;MG;03/2026;1.524.771;907.806;42.413;1.324.485;1.139.819;200.286;-9.523;0;19
STARA FINANCEIRA S.A. - CRÉDITO FINANCIAMENTO E INVESTIMENTO;17359351;STARA FINANCEIRA S.A. - CFI - PRUDENCIAL;;00083711;n1;2;14;NAO-ME-TOQUE;RS;03/2026;1.518.136;1.374.845;122.186;1.260.206;1.251.263;257.930;3.061;2;0
CAIXA DISTRIBUIDORA DE TÍTULOS E VALORES MOBILIÁRIOS S.A.;42040639;CAIXA ECONÔMICA FEDERAL - PRUDENCIAL;00051626;00080738;n2;1;16;BRASILIA;DF;03/2026;1.510.345;0;1.459.435;374.739;0;1.135.606;286.249;2;0
MERRILL LYNCH S.A. CORRETORA DE TÍTULOS E VALORES MOBILIÁRIOS;2670590;BOFA MERRILL LYNCH - PRUDENCIAL;00051255;00080556;n2;3;15;SAO PAULO;SP;03/2026;1.508.040;0;31.157;843.785;0;664.255;43.167;1;0
COOPERATIVA DE CRÉDITO CREDICAF LTDA - SICOOB CREDICAF;25395435;;;;b3S;2;9;LAJINHA;MG;03/2026;1.501.627;759.643;75.754;1.264.859;947.172;236.768;3.017;0;20
CENTRAL DAS COOPERATIVAS DE CRÉDITO DO NORDESTE - SICOOB CENTRAL NE;70116611;;;;b3C;2;9;JOAO PESSOA;PB;03/2026;1.488.932;7.526;432.413;1.393.166;113.579;95.766;3.809;0;2
J.P. MORGAN S.A. - DISTRIBUIDORA DE TÍTULOS E VALORES MOBILIÁRIOS;33851205;JP MORGAN CHASE - PRUDENCIAL;00020107;00080116;n2;3;16;SAO PAULO;SP;03/2026;1.485.443;0;0;698.182;631.810;787.260;45.813;2;0
COOPERATIVA DE CRÉDITO DE LIVRE ADMISSÃO DE ASSOCIADOS ITAPIRANGA - SICOOB CREDITAPIRANGA SC/RS;78483310;;;;b3S;2;9;ITAPIRANGA;SC;03/2026;1.478.235;833.466;20.337;1.328.654;836.593;149.582;3.627;0;11
COOPERATIVA DE CRÉDITO DE LIVRE ADMISSÃO DO NORTE DE MATO GROSSO - SICOOB NORTE MT;23623636;;;;b3S;2;9;SINOP;MT;03/2026;1.475.834;990.197;26.767;1.308.417;1.181.826;167.417;8.498;0;27
COOPERATIVA DE CRÉDITO E ECONOMIA COM INTERAÇÃO SOLIDÁRIA DO PLANALTO SERRA SUL DO RIO GRANDE DO SUL - CRESOL PLANALTO SERRA SUL;5863726;;;;b3S;2;9;SANANDUVA;RS;03/2026;1.470.289;1.073.556;41.781;1.309.219;755.618;161.070;5.971;0;29
BANCO ALFA S.A.;3323840;SAFRA - PRUDENCIAL;00010083;00080109;b1;2;2;SAO PAULO;SP;03/2026;1.468.577;997.678;87.398;1.346.154;1.283.727;122.422;3.272;10;0
COOPERATIVA DE CRÉDITO DE LIVRE ADMISSÃO DO CENTRO NORTE DOS ESTADOS DE MATO GROSSO E MATO GROSSO DO SUL - SICOOB UNIÃO MT/MS;3326437;;;;b3S;2;9;CUIABA;MT;03/2026;1.465.858;1.010.968;31.067;1.333.855;1.118.317;132.003;-24.642;0;29
ICBC DO BRASIL BANCO MÚLTIPLO S.A.;17453575;ICBC DO BRASIL BM S.A. - PRUDENCIAL;;00081830;b1;3;8;SAO PAULO;SP;03/2026;1.463.101;93.666;1.056.643;1.312.932;1.007.618;150.169;-9.598;2;0
COOPERATIVA DE CRÉDITO NOSSOCRÉDITO LTDA - SICOOB NOSSOCRÉDITO;22760839;;;;b3S;2;9;SAO SEBASTIAO DO PARAISO;MG;03/2026;1.453.935;675.670;26.605;1.232.912;1.118.270;221.024;7.600;0;11
COOPERATIVA DE POUPANÇA E CRÉDITO DO VALE DO RIO DOCE LTDA - SICOOB CREDIRIODOCE;25606237;;;;b3S;2;9;GOVERNADOR VALADARES;MG;03/2026;1.439.696;461.299;27.747;1.256.882;1.165.644;182.814;9.830;0;28
BANCO KEB HANA DO BRASIL S.A.;2318507;BCO KEB DO BRASIL SA - PRUDENCIAL;;00081232;b1;3;2;SAO PAULO;SP;03/2026;1.436.488;176.719;324.490;1.225.233;1.207.160;211.255;4.076;2;0
COOPERATIVA DE CRÉDITO E INVESTIMENTO COM INTERAÇÃO SOLIDÁRIA DE MINAS GERAIS - CRESOL MINAS GERAIS;8624548;;;;b3S;2;9;MURIAE;MG;03/2026;1.428.337;976.247;20.163;1.279.140;784.099;149.197;568;0;31
COOPERATIVA DE CRÉDITO DE LIVRE ADMISSÃO DE ASSOCIADOS NOVA TRENTO   SICOOB TRENTOCREDI SC;2641969;;;;b3S;2;9;NOVA TRENTO;SC;03/2026;1.415.516;715.360;124.532;1.159.814;1.137.323;255.702;15.507;0;17
COOPERATIVA DE CREDITO COOPLIVRE;49389307;;;;b3S;2;9;CAPIVARI;SP;03/2026;1.401.433;686.535;37.299;1.226.030;1.093.076;175.403;2.616;0;21
COOPERATIVA DE CRÉDITO CREDCOOPER LTDA - SICOOB CREDCOOPER;19449602;;;;b3S;2;9;CARATINGA;MG;03/2026;1.400.852;641.288;44.863;1.190.688;899.377;210.164;4.326;0;11
COOPERATIVA DE CRÉDITO, POUPANÇA E INVESTIMENTO DO NOROESTE DO ESTADO DE SÃO PAULO - SICREDI NOROESTE SP;3065046;;;;b3S;2;9;SAO JOSE DO RIO PRETO;SP;03/2026;1.397.533;656.947;600.764;1.257.036;930.293;140.496;10.986;0;20
BANCO IBM S.A.;34270520;BANCO IBM S.A. - PRUDENCIAL;;00081689;b2;2;8;RIO DE JANEIRO;RJ;03/2026;1.395.469;798.302;0;878.159;585.083;517.310;2.256;2;0
COOPERATIVA DE CRÉDITO CREDIUNA LTDA - SICOOB CREDIUNA;64237530;;;;b3S;2;9;ITAUNA;MG;03/2026;1.389.413;551.195;29.574;1.136.912;1.015.851;252.500;20.832;0;10
COOPERATIVA DE CRÉDITO DE LIVRE ADMISSÃO TRÊS FRONTEIRAS - SICOOB TRÊS FRONTEIRAS;4876393;;;;b3S;2;9;FOZ DO IGUACU;PR;03/2026;1.386.753;844.239;17.505;1.236.747;1.047.204;150.006;5.053;0;21
EMPRESA BRASILEIRA DE BENEFICIOS E PAGAMENTOS INSTITUICAO DE PAGAMENTO LTDA;33449007;EMPRESA BRASILEIRA DE BENEFICIOS E PAGAMENTOS IP -;;00087834;n4;2;41;SAO PAULO;SP;03/2026;1.386.225;29.720;1.276.634;1.317.813;520.640;68.412;-4.445;1;0
COOPERATIVA DE CRÉDITO DE LIVRE ADMISSÃO DE ASSOCIADOS VALE DO CHAPECOZINHO - SICOOB VALCREDI SUL;2090126;;;;b3S;2;9;PASSOS MAIA;SC;03/2026;1.371.895;922.877;21.451;1.235.806;1.007.484;136.089;2.390;0;19
COOPERATIVA DE CRÉDITO E INVESTIMENTO COM INTERAÇÃO SOLIDÁRIA ESSÊNCIA - CRESOL ESSÊNCIA;6031727;;;;b3S;2;9;SANTO CRISTO;RS;03/2026;1.348.079;907.204;17.275;1.202.563;756.179;145.516;2.394;0;23
STRIPE BRASIL SOLUCOES DE PAGAMENTO INSTITUICAO DE PAGAMENTO LTDA;22121209;STRIPE BRASIL IP PRUDENCIAL;;00086251;n4;3;41;SAO PAULO;SP;03/2026;1.347.045;0;64.721;1.269.535;0;77.510;4.650;1;0
BANCO KOMATSU DO BRASIL S.A.;23903068;BANCO KOMATSU DO BRASIL - PRUDENCIAL;;00084576;b2;3;8;SAO PAULO;SP;03/2026;1.334.195;1.221.984;0;1.088.340;935.151;245.856;9.365;2;0
COOPERATIVA DE CRÉDITO CREDISETE LTDA. - SICOOB CREDISETE;22753982;;;;b3S;2;9;SETE LAGOAS;MG;03/2026;1.318.332;456.980;22.657;1.165.214;1.127.984;153.118;4.008;0;14
COOPERATIVA DE CRÉDITO E INVESTIMENTO COM INTERAÇÃO SOLIDÁRIA TRIUNFO - CRESOL TRIUNFO;8560508;;;;b3S;2;9;SAO JOAO DO TRIUNFO;PR;03/2026;1.310.767;987.158;17.526;1.174.182;748.067;136.585;6.559;0;15
COOPERATIVA DE CRÉDITO DOS PROFISSIONAIS DA ÁREA DA SAÚDE E DE LIVRE ADMISSÃO LTDA - UNICRED ALIANÇA;70937271;;;;b3S;2;9;UBERLANDIA;MG;03/2026;1.306.909;765.496;23.855;1.174.708;1.055.459;132.201;8.303;0;27
WISE BRASIL INSTITUICAO DE PAGAMENTO LTDA;40571694;WISE BRASIL CC - PRUDENCIAL;;00085647;n4;3;41;SAO PAULO;SP;03/2026;1.305.949;0;12.417;1.284.791;856.679;21.159;5.115;1;0
CREDISIS JICRED - COOPERATIVA DE CRÉDITO DE LIVRE ADMISSÃO JICRED;2309070;;;;b3S;2;9;JI-PARANA;RO;03/2026;1.269.049;712.331;41.606;1.050.969;886.672;218.081;8.960;0;26
COOPERATIVA DE CRÉDITO DE LIVRE ADMISSÃO DO ESTADO DE SÃO PAULO - SICOOB PAULISTA;10262276;;;;b3S;2;9;PRESIDENTE PRUDENTE;SP;03/2026;1.264.936;814.845;28.529;1.131.007;1.049.308;133.930;7.310;0;22
COOPERATIVA DE CRÉDITO DA FOZ DO RIO ITAJAÍ AÇU - CREDIFOZ;9512539;;;;b3S;2;9;ITAJAI;SC;03/2026;1.262.232;917.830;40.276;1.044.514;882.963;217.718;4.203;0;25
COOPERATIVA DE CRÉDITO CREDICARPA LTDA. - SICOOB CREDICARPA;23949522;;;;b3S;2;9;CARMO DO PARANAIBA;MG;03/2026;1.256.742;670.000;38.875;1.027.704;748.407;229.038;3.720;0;5
COOPERATIVA DE CRÉDITO CREDISG LTDA. - SICOOB CREDISG;3645752;;;;b3S;2;9;SAO GOTARDO;MG;03/2026;1.249.290;726.245;44.053;1.016.284;637.772;233.007;-1.602;0;2
COOPERATIVA DE CRÉDITO DE LIVRE ADMISSÃO DA REGIÃO DE FRUTAL LTDA.   SICOOB FRUTAL;71419600;;;;b3S;2;9;FRUTAL;MG;03/2026;1.247.805;788.298;41.236;1.063.054;757.855;184.750;6.227;0;8
BS2 PAYMENTS INSTITUIÇÃO DE PAGAMENTO S.A.;20520298;BS2 - PRUDENCIAL;;00080422;n4;2;41;BELO HORIZONTE;MG;03/2026;1.241.744;0;86.569;846.423;56.776;395.321;-1.245;1;0
BANCO SEMEAR S.A.;795423;BANCO SEMEAR - PRUDENCIAL;;00081380;b1;2;8;BELO HORIZONTE;MG;03/2026;1.241.350;623.531;181.554;1.132.087;1.091.366;109.263;-1.340;2;0
CREDISIS CREDIARI - COOPERATIVA DE CRÉDITO LTDA.;3222753;;;;b3S;2;9;ARIQUEMES;RO;03/2026;1.241.116;751.906;61.296;872.261;803.090;368.856;6.189;0;18
COOPERATIVA DE CRÉDITO CREDIBOM LTDA. - SICOOB CREDIBOM;21670187;;;;b3S;2;9;BOM DESPACHO;MG;03/2026;1.234.044;462.602;28.840;1.049.601;968.624;184.443;6.885;0;7
COOPERATIVA DE CRÉDITO, POUPANÇA E INVESTIMENTO DE ARARAQUARA E REGIÃO - SICREDI MORADA DO SOL SP;73113243;;;;b3S;2;9;ARARAQUARA;SP;03/2026;1.232.081;704.114;453.309;1.125.525;854.539;106.557;2.083;0;11
DESENBAHIA - AGENCIA DE FOMENTO DO ESTADO DA BAHIA S.A.;15163587;DESENBAHIA AG FOMENTO BAHIA SA - PRUDENCIAL;;00081067;n1;1;30;SALVADOR;BA;03/2026;1.224.251;639.875;445.436;341.747;218.991;882.505;8.265;2;0
OLIVEIRA TRUST DISTRIBUIDORA DE TÍTULOS E VALORES MOBILIARIOS S.A.;36113876;OLIVEIRA TRUST DTVM S.A. - PRUDENCIAL;;00084040;n2;2;16;RIO DE JANEIRO;RJ;03/2026;1.224.084;0;326.697;1.121.897;1.026.586;102.187;26.023;3;0
COOPERATIVA DE CRÉDITO DE LIVRE ADMISSÃO DE ASSOCIADOS VALE DO RIO DO PEIXE - SICOOB CREDIRIO SC;78865995;;;;b3S;2;9;JOACABA;SC;03/2026;1.217.749;599.132;17.360;1.105.784;923.392;111.965;-4.230;0;10
COOPERATIVA DE CRÉDITO E INVESTIMENTO COM INTERAÇÃO SOLIDÁRIA PROGRESSO - CRESOL PROGRESSO;2448310;;;;b3S;2;9;CASCAVEL;PR;03/2026;1.214.504;916.778;16.720;1.069.116;642.840;145.388;2.885;0;17
SANTANDER CORRETORA DE TÍTULOS E VALORES MOBILIÁRIOS S.A.;29162769;SANTANDER - PRUDENCIAL;00030379;00080185;n2;3;15;SAO PAULO;SP;03/2026;1.205.312;0;294.462;823.351;578.969;381.961;3.660;2;0
PAGUEVELOZ INSTITUIÇÃO DE PAGAMENTO LTDA.;3816413;PAGUEVELOZ IP - PRUDENCIAL;;00086505;n4;3;41;BLUMENAU;SC;03/2026;1.197.697;0;197.575;1.114.892;113.330;82.805;-17.378;1;0
BPCE EQUIPMENT SOLUTIONS BRASIL S.A. - ARRENDAMENTO MERCANTIL;62816426;BPCE EQUIPMENT AM - PRUDENCIAL;;00088390;n1;3;19;BARUERI;SP;03/2026;1.195.415;947.238;187.158;896.052;800.106;299.363;-1.876;2;0
COOPERATIVA DE CRÉDITO NOROESTE DE MINAS LTDA. - SICOOB NOROESTE DE MINAS;86564051;;;;b3S;2;9;UNAI;MG;03/2026;1.187.004;777.415;63.557;1.047.261;780.715;139.743;-2.049;0;6
COOPERATIVA DE CRÉDITO E INVESTIMENTO COM INTERAÇÃO SOLIDÁRIA NORTE PARANAENSE - CRESOL NORTE PARANAENSE;7925729;;;;b3S;2;9;LONDRINA;PR;03/2026;1.184.527;853.467;11.890;1.064.837;755.705;119.690;-6.616;0;20
COOPERATIVA DE CRÉDITO CREDIFOR LTDA - SICOOB CREDIFOR;41931445;;;;b3S;2;9;FORMIGA;MG;03/2026;1.184.457;424.323;27.584;1.075.097;996.433;109.361;2.842;0;8
COOPERATIVA DE CRÉDITO DE LIVRE ADMISSÃO UNIÃO E NEGÓCIOS - SICOOB INTEGRAÇÃO;8742188;;;;b3S;2;9;CUIABA;MT;03/2026;1.176.451;815.438;19.457;1.052.596;945.969;123.855;-4.079;0;25
COOPERATIVA DE CRÉDITO DE LIVRE ADMISSÃO DE PERNAMBUCO - SICOOB PERNAMBUCO;3732359;;;;b3S;2;9;SAO JOSE DO EGITO;PE;03/2026;1.171.851;845.594;40.916;1.028.190;917.220;143.661;3.308;0;43
COOPERATIVA DE CRÉDITO CREDIVALE LTDA - SICOOB CREDIVALE;25387655;;;;b3S;2;9;TEOFILO OTONI;MG;03/2026;1.146.248;353.607;26.792;978.198;889.992;168.050;8.283;0;26
BANCO BMG SOLUÇÕES FINANCEIRAS S.A.;62421979;BMG - PRUDENCIAL;00030290;00080178;b1;2;8;SAO PAULO;SP;03/2026;1.136.072;97.609;525.962;133.357;0;1.002.714;25.119;2;0
SEM PARAR SOCIEDADE DE CRÉDITO DIRETO S.A.;45879000;SEM PARAR IP - PRUDENCIAL;;00086158;n1;3;43;SAO PAULO;SP;03/2026;1.134.069;205.261;692.061;61.584;0;1.072.485;-22.275;2;0
WORLDPAY DO BRASIL INSTITUICAO DE PAGAMENTO LTDA;991143;WORLDPAY DO BRASIL IP - PRUDENCIAL;;00086110;n4;3;41;SAO PAULO;SP;03/2026;1.126.994;0;223.451;804.259;0;322.735;22.513;1;0
COOPERATIVA DE CRÉDITO E INVESTIMENTO COM INTERAÇÃO SOLIDÁRIA LIDERANÇA - CRESOL LIDERANÇA;2934201;;;;b3S;2;9;CHOPINZINHO;PR;03/2026;1.122.749;843.807;20.396;958.301;478.228;164.449;-722;0;19
STARK BANK S.A. - INSTITUICAO DE PAGAMENTO;20018183;STARK SCD - PRUDENCIAL;;00085513;n4;2;41;SAO PAULO;SP;03/2026;1.118.993;38.572;34.182;996.709;892.323;122.283;-3.681;1;0
COOPERATIVA DE CRÉDITO E INVESTIMENTO COM INTERAÇÃO SOLIDÁRIA DO RIO GRANDE DO SUL - CRESOL RIO GRANDE DO SUL;6139650;;;;b3S;2;9;BENTO GONCALVES;RS;03/2026;1.118.151;825.057;16.504;995.449;617.099;122.702;-626;0;23
MULVI INSTITUICAO DE PAGAMENTO S.A.;3847413;BCO DO EST. DE SE S.A. - PRUDENCIAL;;00081634;n4;1;41;ARACAJU;SE;03/2026;1.115.104;600.816;50.979;1.046.013;6.105;69.090;-6.402;1;0
COOPERATIVA DE CREDITO NOSSO - SICOOB NOSSO;59869560;;;;b3S;2;9;ADAMANTINA;SP;03/2026;1.112.219;450.122;32.953;979.369;869.883;132.850;1.995;0;19
COOPERATIVA DE CRÉDITO, POUPANÇA E INVESTIMENTO SICREDI SERIGY - SICREDI SERIGY SE/BA;2923389;;;;b3S;2;9;ARACAJU;SE;03/2026;1.106.491;405.369;580.425;976.118;873.252;130.373;8.494;0;12
CARUANA S.A. - SOCIEDADE DE CRÉDITO, FINANCIAMENTO E INVESTIMENTO;9313766;CARUANA SCFI - PRUDENCIAL;;00083591;n1;2;14;SAO PAULO;SP;03/2026;1.102.189;886.632;18.980;977.346;968.568;124.842;-4.013;2;0
COOPERATIVA DE CRÉDITO DO NORTE CATARINENSE - ACREDICOOP;3461243;;;;b3S;2;9;JOINVILLE;SC;03/2026;1.095.882;853.914;27.277;961.950;808.235;133.932;-651;0;23
COOPERATIVA DE CRÉDITO EVOLUA;10311218;;;;b3S;2;9;FRANCISCO BELTRAO;PR;03/2026;1.086.074;878.332;28.480;941.159;583.333;144.915;-3.772;0;20
COOPERATIVA DE CRÉDITO DE LIVRE ADMISSÃO DO VALE DO PARANAPANEMA;1637949;;;;b3S;2;9;PRESIDENTE PRUDENTE;SP;03/2026;1.083.074;341.052;39.734;920.244;846.605;162.830;4.011;0;15
COOPERATIVA DE ECONOMIA E CRÉDITO MÚTUO DOS PROFISSIONAIS DA SAÚDE DA REGIÃO DA ALTA MOGIANA - SICOOB CREDIMOGIANA;69346856;;;;b3S;2;9;FRANCA;SP;03/2026;1.081.304;790.567;138.874;961.503;870.998;119.801;-4.989;0;9
COOPERATIVA DE CRÉDITO POUPANÇA E INVESTIMENTO DA ALTA NOROESTE DE SÃO PAULO - SICREDI ALTA NOROESTE SP;4484490;;;;b3S;2;9;BIRIGUI;SP;03/2026;1.079.429;562.746;422.755;984.973;816.096;94.455;-223;0;12
COOPERATIVA DE CRÉDITO E INVESTIMENTO COM INTERAÇÃO SOLIDÁRIA GRANDES LAGOS PR/SP - CRESOL GRANDES LAGOS PR/SP;6126780;;;;b3S;2;9;GUARAPUAVA;PR;03/2026;1.073.179;834.427;15.981;962.122;601.237;111.057;-3.974;0;18
SICREDI RECIFE - COOPERATIVA DE CRÉDITO, POUPANÇA E INVESTIMENTO SICREDI RECIFE;70241658;;;;b3S;2;9;RECIFE;PE;03/2026;1.072.371;458.384;473.442;967.353;791.703;105.018;622;0;6
JPMORGAN CHASE BANK, NATIONAL ASSOCIATION;46518205;JP MORGAN CHASE - PRUDENCIAL;00020107;00080116;b1;3;28;SAO PAULO;SP;03/2026;1.069.589;0;0;493.061;124.133;576.528;10.712;2;0
COOPERATIVA CENTRAL DE CRÉDITO, POUPANÇA E INVESTIMENTO DE MATO GROSSO DO SUL, GOIÁS, DISTRITO FEDERAL E TOCANTINS - CENTRAL SICREDI BRASIL CENTRAL;33737818;;;;b3C;2;9;GOIANIA;GO;03/2026;1.066.055;0;786.104;481.033;0;585.022;2.251;0;0
COOPERATIVA DE CRÉDITO ORIGINAL - SICOOB ORIGINAL;81292278;;;;b3S;2;9;SAO LOURENCO D'OESTE;SC;03/2026;1.065.562;544.793;21.391;867.858;669.135;197.705;4.605;0;13
COOPERATIVA DE CRÉDITO DOS PROFISSIONAIS DOS CREAS E DEMAIS ÁREAS TECNOLÓGICAS - CREDCREA;5979692;;;;b3S;2;9;FLORIANOPOLIS;SC;03/2026;1.062.733;594.848;28.918;912.225;848.769;150.508;-947;0;24
COOPERATIVA DE CREDITO DE LIVRE ADMISSAO DO CENTRO NORDESTE MINEIRO LTDA - SICOOB CREDICENM;2173447;;;;b3S;2;9;GUANHAES;MG;03/2026;1.054.577;384.491;11.743;925.810;897.716;128.767;5.363;0;25
COOPERATIVA DE CRÉDITO E INVESTIMENTO COM INTERAÇÃO SOLIDÁRIA HORIZONTE - CRESOL HORIZONTE;5277312;;;;b3S;2;9;UNIAO DA VITORIA;PR;03/2026;1.051.735;803.603;12.608;919.278;617.773;132.457;-2.334;0;23
COOPERATIVA DE CRÉDITO UNIQUE BR;73647935;;;;b3S;2;9;CAMPO GRANDE;MS;03/2026;1.050.875;641.684;11.806;888.348;837.396;162.527;-922;0;18
COOPERATIVA DE CRÉDITO E INVESTIMENTO COM INTERAÇÃO SOLIDÁRIA ORIGENS - CRESOL ORIGENS;5220243;;;;b3S;2;9;SARANDI;RS;03/2026;1.050.748;810.341;13.000;949.810;591.285;100.938;3.992;0;18
NATURA &CO PAY SOCIEDADE DE CRÉDITO DIRETO S.A.;48805820;NATURA &CO PAY SCD;;00086598;n1;2;43;SAO PAULO;SP;03/2026;1.049.961;645.568;289.882;445.975;0;603.986;8.494;2;0
COOPERATIVA DE CRÉDITO E CAPTAÇÃO SICOOB UNICIDADES;3047549;;;;b3S;2;9;RIO VERDE;GO;03/2026;1.039.637;594.613;11.160;885.971;684.983;153.666;-7.718;0;13
COOPERATIVA DE CRÉDITO CREDIPEU LTDA.  - SICOOB CREDIPEU;66262643;;;;b3S;2;9;POMPEU;MG;03/2026;1.033.010;357.847;31.689;893.017;762.957;139.993;9.650;0;2
COOPERATIVA DE CRÉDITO DE LIVRE ADMISSÃO E DOS TRANSPORTADORES RODOVIÁRIOS DE VEÍCULOS - SICOOB CREDCEG;7789195;;;;b3S;2;9;SAO BERNARDO DO CAMPO;SP;03/2026;1.029.961;640.549;368.524;813.640;800.164;216.320;11.135;0;2
COOPERATIVA DE CRÉDITO DE LIVRE ADMISSÃO DE  LAGOA DA PRATA E REGIÃO LTDA.   SICOOB LAGOACRED GERAIS;1739375;;;;b3S;2;9;LAGOA DA PRATA;MG;03/2026;1.024.585;477.214;17.025;834.602;733.661;189.983;8.646;0;3
BANCO SENFF S.A.;11970623;SENFFNET IP - PRUDENCIAL;;00083670;b1;2;8;CURITIBA;PR;03/2026;1.022.100;817.367;91.422;869.247;843.939;152.853;4.413;2;0
COOPERATIVA DE CRÉDITO CREDICOPE LTDA. - SICOOB CREDICOPE;38588174;;;;b3S;2;9;CONSELHEIRO PENA;MG;03/2026;1.020.362;346.293;27.752;875.587;770.280;144.775;6.479;0;19
DIBENS LEASING S.A. ARRENDAMENTO MERCANTIL;65654303;ITAU - PRUDENCIAL;00010069;00080099;n1;2;19;SAO PAULO;SP;03/2026;1.006.028;0;9.430;15.449;1.339;990.579;19.497;2;0
SICOOB UNIMAIS METROPOLITANA - COOPERATIVA DE CRÉDITO DE LIVRE ADMISSÃO;259231;;;;b3S;2;9;SANTOS;SP;03/2026;992.521;734.047;29.565;859.418;833.045;133.104;6.878;0;26
COOPERATIVA DE CRÉDITO DE LIVRE ADMISSÃO DA REGIÃO DE  PARÁ DE MINAS LTDA - SICOOB CREDIRURAL;25387713;;;;b3S;2;9;PARA DE MINAS;MG;03/2026;990.782;388.444;11.354;870.301;851.882;120.481;6.855;0;7
COOPERATIVA DE CRÉDITO DE PRODUTORES RURAIS E DE LIVRE ADMISSÃO DO TRIÂNGULO LTDA    SICOOB CREDITRIL;41669227;;;;b3S;2;9;UBERLANDIA;MG;03/2026;985.123;286.656;52.100;798.608;780.874;186.514;6.422;0;9
DM INSTITUICAO DE PAGAMENTO S.A.;16581207;DM SCFI - PRUDENCIAL;;00083467;n4;2;41;SAO JOSE DOS CAMPOS;SP;03/2026;980.570;641.992;21.795;805.545;61.386;175.025;-20.282;1;0
COOPERATIVA DE CRÉDITO DE LIVRE ADMISSÃO DO VALE DO PARANAÍBA LTDA.;24799033;;;;b3S;2;9;QUIRINOPOLIS;GO;03/2026;971.489;636.173;79.584;699.018;563.910;272.471;4.275;0;16
COOPERATIVA DE CRÉDITO E INVESTIMENTO COM INTERAÇÃO SOLIDÁRIA CONEXÃO - CRESOL CONEXÃO;11969853;;;;b3S;2;9;MEDIANEIRA;PR;03/2026;961.158;701.356;13.330;860.411;511.406;100.747;-1.626;0;16
COOPERATIVA DE CRÉDITO SICOOB CREDSEGURO LTDA.;2935307;;;;b3S;2;9;GOIANIA;GO;03/2026;957.863;413.716;21.037;723.878;668.354;233.985;-1.273;0;11
COOPERATIVA DE CRÉDITO DE LIVRE ADMISSÃO DE ASSOCIADOS NOVOS CAMPOS - SICOOB NOVOS CAMPOS;78862083;;;;b3S;2;9;CAMPOS NOVOS;SC;03/2026;945.870;571.006;23.347;838.375;644.717;107.495;284;0;13
COOPERATIVA DE CRÉDITO DE LIVRE ADMISSÃO DE BELO HORIZONTE E CIDADES POLO DO ESTADO DE MINAS GERAIS LTDA. - SICOOB NOSSACOOP;1760242;;;;b3S;2;9;BELO HORIZONTE;MG;03/2026;945.722;551.165;15.666;845.180;816.826;100.541;-1.471;0;32
BANCO XCMG BRASIL S.A.;36658769;BANCO XCMG BRASIL - PRUDENCIAL;;00085300;b2;3;8;POUSO ALEGRE;MG;03/2026;940.390;834.346;30.603;673.457;621.561;266.933;3.134;2;0
COOPERATIVA DE CRÉDITO DE LIVRE ADMISSÃO CREDINOVA LTDA. - SICOOB CREDINOVA;1667766;;;;b3S;2;9;NOVA SERRANA;MG;03/2026;937.975;345.483;12.816;802.926;726.716;135.049;3.087;0;9
COOPERATIVA DE CRÉDITO SICOOB EXTREMO SUL LTDA.;2447120;;;;b3S;2;9;TEIXEIRA DE FREITAS;BA;03/2026;937.303;341.295;142.208;721.780;645.554;215.523;9.644;0;11
RP FINANCEIRA S.A. - SOCIEDADE DE CRÉDITO, FINANCIAMENTO E INVESTIMENTO;44431743;RECARGAPAY IP - PRUDENCIAL;;00085898;n1;3;14;SAO PAULO;SP;03/2026;933.793;692.746;57.154;766.920;758.193;166.873;617;2;0
COOPERATIVA DE CREDITO DE LIVRE ADMISSAO DO VALE DO AÇO LTDA - SICOOB VALE DO AÇO;19869338;;;;b3S;2;9;IPATINGA;MG;03/2026;930.093;296.796;24.109;790.417;763.047;139.676;4.290;0;24
SAFRA ASSET CORRETORA DE TÍTULOS E VALORES MOBILIÁRIOS S.A.;65913436;SAFRA - PRUDENCIAL;00010083;00080109;n2;2;15;SAO PAULO;SP;03/2026;927.764;0;426.477;161.778;0;765.986;59.396;2;0
BMG LEASING S.A. ARRENDAMENTO MERCANTIL;34265561;BMG - PRUDENCIAL;00030290;00080178;n1;2;19;SAO PAULO;SP;03/2026;922.113;0;763.006;153.086;0;769.027;21.412;2;0
COOPERATIVA DE CRÉDITO DE LIVRE ADMISSÃO DA REGIÃO LESTE DA BACIA DO RIO DOCE LTDA   SICOOB CREDILESTE;5158093;;;;b3S;2;9;CARATINGA;MG;03/2026;920.631;598.736;12.026;780.442;719.860;140.188;6.929;0;4
COOPERATIVA DE CRÉDITO MÚTUO DOS ADVOGADOS DE SANTA CATARINA;5861932;;;;b3S;2;9;SAO JOSE;SC;03/2026;918.442;277.598;26.853;797.253;783.750;121.189;5.078;0;15
COOPERATIVA DE CRÉDITO RURAL COOPAVEL;76461557;;;;b3S;2;9;CASCAVEL;PR;03/2026;916.334;459.639;410.001;603.314;581.217;313.020;13.799;0;2
COOPERATIVA DE CRÉDITO UNIÃO CENTRO OESTE LTDA. - SICOOB UNIÃO CENTRO OESTE;26178111;;;;b3S;2;9;LAGOA DA PRATA;MG;03/2026;908.599;343.788;21.360;752.043;661.936;156.555;2.364;0;6
UNIPRIME PIONEIRA COOPERATIVA DE CRÉDITO;1286361;;;;b3S;2;9;TOLEDO;PR;03/2026;897.120;537.753;10.404;822.813;810.983;74.307;-11.053;0;18
COOPERATIVA DE CRÉDITO DE LIVRE ADMISSÃO SICOOB UNIMAIS CENTRO LESTE PAULISTA - SICOOB UNIMAIS CENTRO LESTE PAULISTA;1259518;;;;b3S;2;9;RIO CLARO;SP;03/2026;895.168;625.826;25.660;771.238;754.042;123.930;-912;0;12
BULLLA INSTITUICAO DE PAGAMENTO S.A.;8422119;BULLLA IP - PRUDENCIAL;;00084985;n4;2;41;SAO PAULO;SP;03/2026;894.401;120.885;191.533;643.042;347.059;251.359;35.515;1;0
COOPERATIVA DE CRÉDITO CREDPLUS LTDA. - SICOOB CREDPLUS;25536764;;;;b3S;2;9;LUZ;MG;03/2026;890.794;400.536;68.936;790.908;748.274;99.885;3.694;0;19
COOPERATIVA DE CRÉDITO MÚTUO DOS EMPREGADOS DA EMBRAER- SICOOB COOPEREMB;46642294;;;;b3S;2;9;SAO JOSE DOS CAMPOS;SP;03/2026;889.933;526.360;325.314;432.375;393.302;457.559;8.580;0;26
COOPERATIVA DE CRÉDITO DA REGIÃO DO CONTESTADO - CIVIA;10218474;;;;b3S;2;9;SAO BENTO DO SUL;SC;03/2026;887.197;675.750;21.568;770.436;652.364;116.761;3.929;0;20
COOPERATIVA DE CRÉDITO DE LIVRE ADMISSÃO DO VALE DO ARAGUAIA LTDA.;24830879;;;;b3S;2;9;MINEIROS;GO;03/2026;885.402;423.502;18.691;529.842;497.286;355.560;9.037;0;4
CSILATINA ARRENDAMENTO MERCANTIL S.A.;5883884;CSILATINA A.M. S.A. - PRUDENCIAL;;00082970;n1;3;19;BARUERI;SP;03/2026;880.133;490.890;22.341;753.220;516.054;126.913;-2.567;2;0
COOPERATIVA DE CRÉDITO DO CENTRO SUL MINEIRO LTDA. - SICOOB CENTRO SUL MINEIRO;71238232;;;;b3S;2;9;CARMOPOLIS DE MINAS;MG;03/2026;878.935;384.628;86.421;723.526;635.271;155.409;12.554;0;14
COOPERATIVA DE CRÉDITO CREDIFIEMG LTDA. - SICOOB CREDIFIEMG;7469260;;;;b3S;2;9;BELO HORIZONTE;MG;03/2026;878.720;258.919;12.488;761.855;751.088;116.866;6.161;0;0
COOPERATIVA DE CRÉDITO SICOOB UNI SUDESTE;86389236;;;;b3S;2;9;UBA;MG;03/2026;865.063;393.416;23.233;777.960;733.905;87.103;-2.203;0;31
NAIP INSTITUIÇÃO DE PAGAMENTO S.A.;9092759;NAIP IP - PRUDENCIAL;;00088802;n4;2;41;BARUERI;SP;03/2026;859.708;47.199;0;629.867;494.882;229.841;20.575;1;0
COOPERATIVA DE CRÉDITO SICOOB 3 COLINAS;4013172;;;;b3S;2;9;FRANCA;SP;03/2026;857.447;522.370;74.955;770.127;704.353;87.321;-1.290;0;11
COOPERATIVA DE CRÉDITO CENTRO LESTE NORTE MARANHENSE - SICOOB CENTROLESTE;9403026;;;;b3S;2;9;GRAJAU;MA;03/2026;850.517;658.571;28.071;695.193;502.770;155.324;4.761;0;26
COOPERATIVA DE CRÉDITO DE LIVRE ADMISSÃO DO TOCANTINS LTDA;26960328;;;;b3S;2;9;PARAISO DO NORTE DO TOCANTINS;TO;03/2026;845.130;446.929;25.311;722.336;632.117;122.794;3.484;0;16
COOPERATIVA DE CRÉDITO CREDIJEQUITINHONHA LTDA. - SICOOB CREDIJEQUITINHONHA;71243034;;;;b3S;2;9;CAPELINHA;MG;03/2026;843.839;261.011;15.923;681.507;625.986;162.332;6.553;0;25
AGENCIA DE FOMENTO DO ESTADO DO RIO DE JANEIRO S.A.;5940203;AGENCIA FOMENTO EST RJ S.A. - PRUDENCIAL;;00081139;n1;1;30;RIO DE JANEIRO;RJ;03/2026;842.198;278.875;498.312;243.586;100.933;598.612;4.064;1;0
COOPERATIVA DE CRÉDITO COOCRELIVRE;53935029;;;;b3S;2;9;ORLANDIA;SP;03/2026;836.099;283.813;46.870;551.473;500.708;284.625;3.526;0;13
SICOOB AC CREDI - COOPERATIVA DE CRÉDITO DE LIVRE ADMISSÃO DO LESTE E NORDESTE MINEIRO LTDA.;1559914;;;;b3S;2;9;GOVERNADOR VALADARES;MG;03/2026;835.232;300.688;20.823;721.810;672.264;113.422;6.797;0;19
COOPERATIVA DE CRÉDITO CREDIARA LTDA - SICOOB CREDIARA;66398496;;;;b3S;2;9;ARAXA;MG;03/2026;831.983;487.287;21.869;707.784;579.269;124.199;-3.546;0;10
COOPERATIVA DE CRÉDITO CREDIMATA LTDA. - SICOOB CREDIMATA;1152097;;;;b3S;2;9;VOLTA GRANDE;MG;03/2026;829.339;330.823;19.997;707.028;626.275;122.311;2.134;0;19
REPOM INSTITUIÇÃO DE PAGAMENTO HUSA S.A.;65697260;EDENRED SOLUCOES E IP AHA - PRUDENCIAL;;00084916;n4;3;41;BARUERI;SP;03/2026;820.057;339.101;3.452;685.430;98.417;134.627;1.727;1;0
BMP SOCIEDADE DE CRÉDITO DIRETO S.A;34337707;BMP SCMEPP LTDA - PRUDENCIAL;00052137;00083292;n1;2;43;SAO PAULO;SP;03/2026;819.613;71.525;0;608.851;37.304;210.763;44.822;2;0
COOPERATIVA DE CRÉDITO E INVESTIMENTO COM INTERAÇÃO SOLIDÁRIA TRANSFORMAÇÃO - CRESOL TRANSFORMAÇÃO;4261151;;;;b3S;2;9;DONA EMMA;SC;03/2026;805.520;561.429;9.794;708.469;447.870;97.051;482;0;25
COOPERATIVA DE CREDITO DE LIVRE ADMISSAO DE PARA DE MINAS LTDA - SICOOB ASCICRED;1009908;;;;b3S;2;9;PARA DE MINAS;MG;03/2026;799.260;231.819;10.056;707.594;686.851;91.667;5.018;0;4
INTER DISTRIBUIDORA DE TITULOS E VALORES MOBILIARIOS LTDA;18945670;INTER - PRUDENCIAL;00051884;00080996;n2;2;16;BELO HORIZONTE;MG;03/2026;795.444;0;236.967;439.436;123.062;356.007;12.212;2;0
SIMPALA S.A. CRÉDITO, FINANCIAMENTO E INVESTIMENTO;34991938;SIMPALA CFI - PRUDENCIAL;;00085070;n1;2;14;PORTO ALEGRE;RS;03/2026;789.243;292.481;51.876;735.363;685.740;53.880;2.148;2;0
SENFFNET INSTITUIÇÃO DE PAGAMENTO LTDA.;3877288;SENFFNET IP - PRUDENCIAL;;00083670;n4;2;41;CURITIBA;PR;03/2026;785.920;430.397;140.241;711.011;122.822;74.909;-2.234;1;0
COOPERATIVA DE CRÉDITO SICOOB ALIANÇA;6174009;;;;b3S;2;9;APUCARANA;PR;03/2026;780.539;427.522;17.738;675.305;559.393;105.234;909;0;30
COOPERATIVA DE CRÉDITO E INVESTIMENTO COM INTERAÇÃO SOLIDÁRIA COOPERAR - CRESOL COOPERAR;5983995;;;;b3S;2;9;HUMAITA;RS;03/2026;779.124;580.081;11.464;699.572;410.423;79.552;-3.343;0;20
COOPERATIVA DE CRÉDITO COPERSUL LTDA - SICOOB COPERSUL;18966739;;;;b3S;2;9;TRES PONTAS;MG;03/2026;777.112;262.517;25.767;689.639;554.931;87.473;1.864;0;4
BANCO TRICURY S.A.;57839805;BCO TRICURY S.A. - PRUDENCIAL;;00081696;b2;2;8;SAO PAULO;SP;03/2026;772.002;317.682;2.428;542.802;530.920;229.200;6.424;2;0
COOPERATIVA DE CRÉDITO E INVESTIMENTO COM INTERAÇÃO SOLIDÁRIA ATIVA - CRESOL ATIVA;7946451;;;;b3S;2;9;TANGARA;SC;03/2026;770.452;598.778;9.868;681.397;421.501;89.055;657;0;23
BANCO WOORI BANK DO BRASIL S.A.;15357060;BCO WOORI BANK DO BRASIL S.A. - PRUDENCIAL;;00081823;b1;3;8;SAO PAULO;SP;03/2026;769.609;55.182;332.930;713.888;708.598;55.720;-5.368;2;0
BITZ INSTITUICAO DE PAGAMENTO S.A.;15011719;BRADESCO - PRUDENCIAL;;00080075;n4;2;41;OSASCO;SP;03/2026;760.909;0;684.690;15.944;0;744.965;-1.086;1;0
MIRAE ASSET (BRASIL) CORRETORA DE CÂMBIO, TÍTULOS  E VALORES MOBILIÁRIOS LTDA.;12392983;MIRAE ASSET (BRASIL) CCTVM - PRUDENCIAL;;00082932;n2;3;15;SAO PAULO;SP;03/2026;760.627;0;403.259;366.218;223.803;394.410;5.905;2;0
STONE SOCIEDADE DE CRÉDITO DIRETO S.A.;34590184;STONE IP - PRUDENCIAL;00084686;00084686;n1;3;43;SAO PAULO;SP;03/2026;760.200;190.342;0;21.640;0;738.560;-3.722;2;0
BANCO FATOR S.A.;33644196;FATOR - PRUDENCIAL;;00080350;b1;2;8;SAO PAULO;SP;03/2026;759.638;1.656;632.297;549.697;526.287;209.941;14.736;3;0
UNIPRIME CENTRAL NACIONAL - CENTRAL NACIONAL DE COOPERATIVA DE CREDITO;3046391;;;;b3C;2;9;LONDRINA;PR;03/2026;757.957;0;464.559;730.151;3.609;27.807;22;0;3
COOPERATIVA DE CRÉDITO SICOOB MÉDIO OESTE;7318874;;;;b3S;2;9;ASSIS CHATEAUBRIAND;PR;03/2026;746.615;467.240;13.158;640.883;534.405;105.732;3.035;0;10
COOPERATIVA DE CRÉDITO - CREDICOMIN;9590601;;;;b3S;2;9;LAGES;SC;03/2026;741.084;467.532;18.209;650.570;548.036;90.513;-864;0;12
COOPERATIVA DE CRÉDITO DE LIVRE ADMISSÃO DE SANTO ANTÔNIO DO MONTE LTDA.   SICOOB CREDIMONTE;41707258;;;;b3S;2;9;SANTO ANTONIO DO MONTE;MG;03/2026;740.141;449.975;17.935;655.178;552.047;84.963;734;0;8
BANCO TRAVELEX S.A.;11703662;BANCO TRAVELEX - PRUDENCIAL;00051671;00080783;b1;3;8;SAO PAULO;SP;03/2026;739.665;27.047;203.107;531.767;255.546;207.898;499;2;0
BANCO INVESTCRED UNIBANCO S.A.;61182408;ITAU - PRUDENCIAL;00010069;00080099;b1;2;2;SAO PAULO;SP;03/2026;738.775;623.523;0;596.558;117.937;142.217;8.830;2;0
OPEA SOCIEDADE DE CRÉDITO DIRETO S.A.;39519944;OPEA SCD - PRUDENCIAL;;00085269;n1;3;43;SAO PAULO;SP;03/2026;737.386;0;20.777;717.820;691.849;19.566;276;2;0
FITS INSTITUIÇÃO DE PAGAMENTO S.A.;13203354;FITS IP - PRUDENCIAL;;00085726;n4;2;41;SAO PAULO;SP;03/2026;733.526;0;19.320;635.971;586.054;97.556;3.930;1;0
DEUTSCHE SPARKASSEN LEASING DO BRASIL BANCO MÚLTIPLO S.A.;23511655;DEUTSCHE SPARKASSEN LEASING DO BRASIL - PRUDENCIAL;;00084545;b2;3;8;SAO PAULO;SP;03/2026;731.598;657.597;0;645.192;593.153;86.407;-7.170;2;0
BRL TRUST DISTRIBUIDORA DE TÍTULOS E VALORES MOBILIÁRIOS S.A.;13486793;MAF-BRL TRUST - PRUDENCIAL;00052560;00084277;n2;2;16;SAO PAULO;SP;03/2026;722.844;0;21.797;681.990;669.301;40.853;10.182;1;0
COOPERATIVA DE CRÉDITO E ECONOMIA COM INTERAÇÃO SOLIDÁRIA CRESOL EVOLUÇÃO;2844024;;;;b3S;2;9;DIONISIO CERQUEIRA;SC;03/2026;718.943;518.855;22.260;636.312;372.279;82.631;2.965;0;13
COOPERATIVA DE CREDITO DE LIVRE ADMISSAO DE RUBIATABA E REGIAO LTDA;73422792;;;;b3S;2;9;RUBIATABA;GO;03/2026;717.142;247.229;33.216;574.347;490.000;142.795;3.300;0;13
QUERO-QUERO VERDECARD INSTITUIÇÃO DE PAGAMENTO S.A.;1722480;QUERO-QUERO VERDECARD IP - PRUDENCIAL;;00085678;n4;2;41;CACHOEIRINHA;RS;03/2026;713.074;332.942;96.563;593.036;17.852;120.039;9.281;1;0
COOPERATIVA DE CRÉDITO E INVESTIMENTO COM INTERAÇÃO SOLIDÁRIA ALTO VALE - CRESOL ALTO VALE;7465539;;;;b3S;2;9;WITMARSUM;SC;03/2026;712.613;583.693;11.274;600.573;360.354;112.040;209;0;19
COOPERATIVA DE CRÉDITO DE LIVRE ADMISSÃO DE ASSOCIADOS DO MEIO OESTE CATARINENSE - SICOOB CREDIMOC SC;80959638;;;;b3S;2;9;XANXERE;SC;03/2026;708.412;282.101;139.497;594.710;546.943;113.702;2.255;0;4
CLARA INSTITUICAO DE PAGAMENTO LTDA.;41538335;CLARA IP - PRUDENCIAL;;00087205;n4;3;41;SAO PAULO;SP;03/2026;707.944;373.731;96.676;685.668;174.322;22.277;401;1;0
COOPERATIVA DE CRÉDITO E INVESTIMENTO COM INTERAÇÃO SOLIDÁRIA VALE DAS ÁGUAS PR/MG - CRESOL VALE DAS ÁGUAS PR/MG;4663561;;;;b3S;2;9;LARANJEIRAS DO SUL;PR;03/2026;707.085;569.985;11.406;580.841;289.738;126.243;3.185;0;17
COOPERATIVA DE CRÉDITO DE LIVRE ADMISSÃO CENTRO OESTE LTDA.;7502031;;;;b3S;2;9;GOIANESIA;GO;03/2026;701.911;512.482;30.347;529.415;455.001;172.495;5.614;0;10
CLOUDWALK FINANCEIRA S.A. CRÉDITO, FINANCIAMENTO E INVESTIMENTO;5503849;CLOUDWALK IP - PRUDENCIAL;;00086581;n1;2;14;SAO PAULO;SP;03/2026;701.088;520.919;380;605.075;571.804;96.013;30.857;1;0
COOPERATIVA DE CRÉDITO DE LIVRE ADMISSÃO DA GRANDE GOIÂNIA LTDA.;10209619;;;;b3S;2;9;GOIANIA;GO;03/2026;698.479;439.493;45.326;550.916;503.347;147.563;-68;0;6
COOPERATIVA DE CRÉDITO ARACREDI LTDA. - SICOOB ARACREDI;68987;;;;b3S;2;9;ARAGUARI;MG;03/2026;697.924;424.843;26.793;611.367;397.129;86.557;-2.845;0;13
COOPERATIVA DE CRÉDITO CREDINACIONAL LTDA. - SICOOB CREDINACIONAL;25420696;;;;b3S;2;9;ABAETE;MG;03/2026;692.869;231.565;19.894;603.348;524.494;89.522;1.152;0;12
COOPERATIVA DE CRÉDITO CREDIVERDE LTDA. - SICOOB CREDIVERDE;25528753;;;;b3S;2;9;DIVINOPOLIS;MG;03/2026;690.986;262.716;9.641;571.108;544.114;119.878;5.329;0;15
CONFEDERACAO NACIONAL DAS COOPERATIVAS DO SICOOB LTDA;4891850;;;;b3C;2;42;BRASILIA;DF;03/2026;687.661;0;129.500;233.175;0;454.485;51.923;0;0
BANCO VR S.A.;78626983;VR - PRUDENCIAL;00050524;00080408;b1;2;8;SAO PAULO;SP;03/2026;684.812;68.176;0;634.688;568.530;50.124;3.100;2;0
BRADESCO-KIRTON CORRETORA DE CÂMBIO S.A.;58229246;BRADESCO - PRUDENCIAL;00010045;00080075;n2;2;21;OSASCO;SP;03/2026;684.764;0;620.461;75.366;0;609.398;29.115;2;0
BARI COMPANHIA HIPOTECÁRIA;14511781;BANCO BARI DE INVESTIMENTO E FINANCI. - PRUDENCIAL;00051774;00080893;n1;2;29;CURITIBA;PR;03/2026;678.499;610.465;9.215;592.539;528.825;85.961;4.623;2;0
COOPERATIVA DE CREDITO DE LIVRE ADMISSÃO DO VALE DO SÃO PATRICIO LTDA.;968602;;;;b3S;2;9;GOIANESIA;GO;03/2026;674.066;421.352;30.971;529.932;424.293;144.135;-5.095;0;5
COOPERATIVA DE CRÉDITO GUARANICREDI LTDA. - SICOOB GUARANICREDI;26014175;;;;b3S;2;9;GUARANI;MG;03/2026;673.795;187.359;14.068;611.717;568.677;62.078;2.894;0;9
COOPERATIVA DE CRÉDITO DE LIVRE ADMISSÃO DA REGIÃO CENTRAL DE RONDÔNIA   SICOOB OUROCREDI;2144899;;;;b3S;2;9;OURO PRETO DO OESTE;RO;03/2026;670.187;359.389;21.954;530.883;406.789;139.303;5.936;0;15
COOPERATIVA DE CRÉDITO E ECONOMIA COM INTERAÇÃO SOLIDÁRIA - CRESOL ALIANÇA;7412987;;;;b3S;2;9;CHAPECO;SC;03/2026;669.641;463.486;20.079;593.530;397.103;76.111;366;0;15
EFÍ S.A. - INSTITUIÇÃO DE PAGAMENTO;9089356;EFI S.A. IP - PRUDENCIAL;;00084978;n4;2;41;OURO PRETO;MG;03/2026;668.333;32.649;32.252;595.659;522.080;72.674;7.636;1;0
COOPERATIVA DE CRÉDITO E ECONOMIA COM INTERAÇÃO SOLIDÁRIA - CRESOL INTERAÇÃO;8055016;;;;b3S;2;9;XAVANTINA;SC;03/2026;667.466;435.422;24.427;572.669;332.537;94.797;5.565;0;11
COOPERATIVA DE CRÉDITO  DE FRONTEIRAS  LTDA. - SICOOB FRONTEIRAS;3612764;;;;b3S;2;9;CACOAL;RO;03/2026;666.876;487.984;13.652;576.874;498.022;90.002;634;0;23
CREDI-SHOP S/A - INSTITUIÇÃO DE PAGAMENTO;62895230;CREDI SHOP S.A. - PRUDENCIAL;;00084923;n4;2;41;TERESINA;PI;03/2026;665.814;425.277;216.748;363.349;0;302.464;3.957;1;0
COOPERATIVA DE CRÉDITO E INVESTIMENTO COM INTERAÇÃO SOLIDÁRIA CONFIANÇA - CRESOL CONFIANÇA;7252614;;;;b3S;2;9;PAIM FILHO;RS;03/2026;658.442;475.076;16.118;586.108;283.984;72.335;1.208;0;16
COOPERATIVA DE CREDITO DO MERCADO IMOBILIÁRIO - SICOOB IMOB.VC;14913919;;;;b3S;2;9;BELO HORIZONTE;MG;03/2026;655.669;124.880;7.248;570.477;559.301;85.192;6.307;0;4
COOPERATIVA DE CRÉDITO CREDICAMPO LTDA.- SICOOB CREDICAMPO;21661202;;;;b3S;2;9;ENTRE RIOS DE MINAS;MG;03/2026;654.767;345.579;9.888;533.305;500.631;121.461;4.482;0;13
SICREDI NORTE - COOPERATIVA DE CRÉDITO;83315408;;;;b3S;2;9;BELEM;PA;03/2026;653.934;259.561;214.635;625.511;525.184;28.423;-9.939;0;12
SOCIEDADE COOPERATIVA DE CRÉDITO COOPERE LTDA.  - SICOOB COOPERE;73398646;;;;b3S;2;9;VALENTE;BA;03/2026;650.215;249.617;51.147;527.402;480.693;122.813;2.707;0;23
ACESSO SOLUÇÕES DE PAGAMENTO S.A. - INSTITUIÇÃO DE PAGAMENTO;13140088;VOTORANTIM - PRUDENCIAL;;00080484;n4;2;41;SAO PAULO;SP;03/2026;649.268;165.464;0;635.497;384.622;13.771;-10.444;1;0
COOPERATIVA DE ECONOMIA E CRÉDITO MÚTUO UNICRED PROSPERAR LTDA. - UNICRED PROSPERAR;1705236;;;;b3S;2;9;SANTANA DO LIVRAMENTO;RS;03/2026;649.144;340.222;11.447;586.259;546.002;62.884;5.121;0;4
COOPERATIVA DE CRÉDITO E INVESTIMENTO COM INTERAÇÃO SOLIDÁRIA PLANALTO SUL - CRESOL PLANALTO SUL;2766672;;;;b3S;2;9;SAO JOAQUIM;SC;03/2026;640.810;503.390;17.205;559.433;311.983;81.377;841;0;15
COOPERATIVA DE CRÉDITO SICOOB SERTÃO LTDA;2057584;;;;b3S;2;9;PINTADAS;BA;03/2026;640.634;381.400;50.980;523.119;477.540;117.515;1.657;0;23
BANCO MERCANTIL DE INVESTIMENTOS S/A;34169557;MERCANTIL DO BRASIL - PRUDENCIAL;00020152;00080123;b2;2;13;BELO HORIZONTE;MG;03/2026;633.493;192.208;146.359;488.426;460.439;145.066;3.703;2;0
COOPERATIVA DE CRÉDITO DE LIVRE ADMISSÃO DE RIO VERDE E REGIÃO LTDA.;9033698;;;;b3S;2;9;RIO VERDE;GO;03/2026;625.903;371.123;5.069;517.759;423.682;108.144;-5.714;0;3
MERCANTIL FINANCEIRA S.A. - SOCIEDADE DE CRÉDITO, FINANCIAMENTO E INVESTIMENTO.;33040601;MERCANTIL DO BRASIL - PRUDENCIAL;00020152;00080123;n1;2;14;BELO HORIZONTE;MG;03/2026;621.282;425.501;110.897;23.028;0;598.254;8.441;2;0
XP SERVIÇOS FINANCEIROS DTVM LTDA;5389174;XP - PRUDENCIAL;00052120;00082475;n2;2;16;RIO DE JANEIRO;RJ;03/2026;617.670;0;22.500;34.216;0;583.454;9.168;3;0
SUPERLÓGICA SOCIEDADE DE CRÉDITO DIRETO S.A.;43599047;SUPERLÓGICA SCD PRUDENCIAL;;00085843;n1;2;43;BARUERI;SP;03/2026;617.312;1.708;476.167;588.508;581.096;28.804;7.220;2;0
ZEMA CRÉDITO, FINANCIAMENTO E INVESTIMENTO S/A;5351887;ZEMA CFI - PRUDENCIAL;;00083584;n1;2;14;ARAXA;MG;03/2026;614.848;502.809;36.040;503.086;445.134;111.762;-2.066;2;0
COOPERATIVA DE CRÉDITO MONTECREDI LTDA. - SICOOB MONTECREDI;71392047;;;;b3S;2;9;MONTE CARMELO;MG;03/2026;614.701;282.764;22.368;520.741;410.575;93.960;2.573;0;2
COOPERATIVA DE CRÉDITO DE LIVRE ADMISSÃO DO ALTO SÃO FRANCISCO LTDA.;41805003;;;;b3S;2;9;PIUMHI;MG;03/2026;614.020;306.329;8.537;531.983;439.676;82.037;1.234;0;6
SANTANDER DISTRIBUIDORA DE TÍTULOS E VALORES MOBILIÁRIOS S.A.;3502968;SANTANDER - PRUDENCIAL;00030379;00080185;n2;3;16;SAO PAULO;SP;03/2026;611.750;0;302.333;27.810;0;583.941;27.480;2;0
EDENRED SOLUCOES DE MOBILIDADE E INSTITUICAO DE PAGAMENTO HU S.A.;18587586;EDENRED SOLUCOES E IP AHA - PRUDENCIAL;;00084916;n4;3;41;BARUERI;SP;03/2026;602.681;39.267;126.886;250.334;9.086;352.346;53.097;1;0
COOPERATIVA DE CRÉDITO E INVESTIMENTO COM INTERAÇÃO SOLIDÁRIA DE GOIÁS - CRESOL GOIÁS;4490531;;;;b3S;2;9;ORIZONA;GO;03/2026;599.645;465.352;8.053;493.038;287.810;106.607;844;0;15
COOPERATIVA DE CRÉDITO DE LIVRE ADMISSÃO LTDA. - SICOOB CREDIJUSTRA;37079720;;;;b3S;2;9;BRASILIA;DF;03/2026;598.425;259.826;45.359;503.833;496.063;94.592;1.958;0;10
COOPERATIVA DE CRÉDITO DA REGIÃO CENTRAL DE MINAS LTDA. - SICOOB UNIÃO CENTRAL;22749014;;;;b3S;2;9;PARAOPEBA;MG;03/2026;597.791;165.748;14.323;482.566;434.430;115.225;5.359;0;11
COOPERATIVA DE CRÉDITO DE LIVRE ADMISSÃO DO VALE DO RIO GRANDE LTDA. - SICOOB UBERABA;25683475;;;;b3S;2;9;UBERABA;MG;03/2026;589.999;391.901;12.996;496.600;424.006;93.399;-321;0;7
GENIAL INSTITUCIONAL CORRETORA DE CÂMBIO, TÍTULOS E VALORES MOBILIÁRIOS S.A.;5816451;GENIAL - PRUDENCIAL;00051839;00080941;n2;2;15;RIO DE JANEIRO;RJ;03/2026;584.334;603;93.939;446.177;34.714;138.156;-4.648;4;2
COOPERATIVA DE CRÉDITO DO DISTRITO FEDERAL E ENTORNO LTDA;1187961;;;;b3S;2;9;BRASILIA;DF;03/2026;582.478;360.809;34.386;480.614;424.284;101.865;-790;0;7
COOPERATIVA DE CRÉDITO DE LIVRE ADMISSÃO BURITIS - SICOOB BURITIS;5247312;;;;b3S;2;9;RONDONOPOLIS;MT;03/2026;579.528;331.054;10.548;517.091;472.254;62.437;-434;0;21
BLU INSTITUIÇÃO DE PAGAMENTO LTDA.;10506341;BLU IP - PRUDENCIAL;;00086677;n4;2;41;RIO DE JANEIRO;RJ;03/2026;577.130;0;51.549;542.462;55.326;34.668;-634;1;0
BANCO NACIONAL DE INVESTIMENTOS S.A.;33222241;BTG PACTUAL - PRUDENCIAL;00049944;00080336;b2;2;13;RIO DE JANEIRO;RJ;03/2026;576.184;348.099;3;106.085;0;470.099;51.525;2;0
COOPERATIVA DE CRÉDITO DE LIVRE ADMISSÃO DE BOA ESPERANÇA LTDA. - SICOOB BELCREDI;869687;;;;b3S;2;9;BOA ESPERANCA;MG;03/2026;575.895;197.035;17.167;490.733;416.621;85.162;3.216;0;1
ALFA ARRENDAMENTO MERCANTIL S.A.;46570800;SAFRA - PRUDENCIAL;00010083;00080109;n1;2;19;SAO PAULO;SP;03/2026;573.051;158.537;36.069;197.815;78.579;375.236;9.741;2;0
COOPERATIVA DE CRÉDITO CARLOS CHAGAS LTDA. - SICOOB CARLOS CHAGAS;41753500;;;;b3S;2;9;CARLOS CHAGAS;MG;03/2026;566.656;293.008;13.840;435.965;364.130;130.692;3.449;0;8
COOPERATIVA DE CRÉDITO DE LIVRE ADMISSÃO DO ESTADO DO RIO DE JANEIRO - SICOOB FLUMINENSE;2931668;;;;b3S;2;9;CAMPOS DOS GOYTACAZES;RJ;03/2026;565.019;352.701;11.484;510.630;463.809;54.389;-4.647;0;19
COOPERATIVA DE CRÉDITO UNIÃO DO CENTRO OESTE DE MINAS LTDA. - SICOOB CENTRO UNIÃO;65239402;;;;b3S;2;9;CARMO DO CAJURU;MG;03/2026;563.466;172.224;11.965;473.994;428.670;89.472;3.686;0;5
COOPERATIVA DE CRÉDITO CREDIALP LTDA - SICOOB CREDIALP;25353939;;;;b3S;2;9;ALPINOPOLIS;MG;03/2026;562.142;352.109;18.003;475.622;333.108;86.520;4.088;0;5
COOPERATIVA DE CRÉDITO CREDSAOPAULO - SICOOB CREDSAOPAULO;2197569;;;;b3S;2;9;SAO JOSE DOS CAMPOS;SP;03/2026;561.655;267.786;212.185;530.581;516.885;31.073;-9.132;0;15
COOPERATIVA DE CRÉDITO, POUPANÇA E INVESTIMENTO DO VALE DO SÃO FRANCISCO - SICREDI VALE DO SÃO FRANCISCO PE;4237413;;;;b3S;2;9;PETROLINA;PE;03/2026;561.651;248.343;266.079;496.876;409.797;64.775;3.494;0;6
COOPERATIVA DE CREDITO CREDIMOTA   SICOOB CREDIMOTA;66788142;;;;b3S;2;9;CANDIDO MOTA;SP;03/2026;559.245;275.227;22.741;521.167;478.576;38.078;-3.940;0;16
COOPERATIVA DE CRÉDITO DE LIVRE ADMISSÃO DE ASSOCIADOS URUBICI - SICOOB CREDIARAUCÁRIA/SC;2587492;;;;b3S;2;9;URUBICI;SC;03/2026;558.044;254.362;9.254;481.417;406.617;76.627;1.556;0;13
SICOOB CREDIGOIÁS COOPERATIVA DE CRÉDITO LTDA.;37255049;;;;b3S;2;9;GOIANIA;GO;03/2026;557.802;309.333;24.867;411.740;323.985;146.061;4.554;0;0
COOPERATIVA DE CRÉDITO CREDIBELO LTDA. - SICOOB CREDIBELO;71237184;;;;b3S;2;9;CAMPO BELO;MG;03/2026;552.956;197.559;124.317;490.889;404.098;62.067;3.394;0;7
TENTOS S.A. CRÉDITO, FINANCIAMENTO E INVESTIMENTO;41498340;TENTOS CFI - PRUDENCIAL;;00085788;n1;2;14;IJUI;RS;03/2026;548.797;495.494;31.529;466.478;449.356;82.320;498;2;0
COOPERATIVA DE CRÉDITO DE LIVRE ADMISSÃO DO CENTRO-SUL GOIANO LTDA;33579731;;;;b3S;2;9;MORRINHOS;GO;03/2026;546.529;332.826;25.064;454.320;407.087;92.209;-622;0;11
AL5 S.A. SOCIEDADE DE CRÉDITO, FINANCIAMENTO E INVESTIMENTO;27214112;AL5 S.A. SCFI - PRUDENCIAL;;00084734;n1;2;14;CUIABA;MT;03/2026;544.803;384.192;0;465.379;423.418;79.424;2.899;2;0
COOPERATIVA DE CRÉDITO CREDIRAMA LTDA - SICOOB CREDIRAMA;3412878;;;;b3S;2;9;ITURAMA;MG;03/2026;536.359;420.756;14.411;401.207;308.554;135.152;6.055;0;6
COOPERATIVA DE CRÉDITO NOSSA SENHORA DO DESTERRO - SICOOB CREDISC;3419786;;;;b3S;2;9;FLORIANOPOLIS;SC;03/2026;528.443;249.239;5.930;483.801;472.845;44.642;40;0;9
TODESCREDI S/A - CRÉDITO, FINANCIAMENTO E INVESTIMENTO;9473806;TODESCREDI S/A - CFI - PRUDENCIAL;;00083546;n1;2;14;BENTO GONCALVES;RS;03/2026;528.338;512.536;11.641;437.412;431.095;90.926;4.329;2;0
COOPERATIVA DE CRÉDITO CREDINORTE LTDA. - SICOOB CREDINORTE;64276058;;;;b3S;2;9;NANUQUE;MG;03/2026;525.778;284.051;9.199;388.753;339.716;137.026;7.068;0;7
COOPERATIVA DE CRÉDITO DE LIVRE ADMISSÃO DO ESTADO DO ACRE LTDA.;1608685;;;;b3S;2;9;RIO BRANCO;AC;03/2026;524.111;324.430;5.764;446.153;341.529;77.957;4.411;0;2
COOPERATIVA DE CRÉDITO DA REGIÃO E COLAR METROPOLITANO DO VALE DO AÇO LTDA. - SICOOB COSMIPA;17361536;;;;b3S;2;9;IPATINGA;MG;03/2026;522.630;271.381;14.184;409.553;388.385;113.077;573;0;21
COOPERATIVA DE ECONOMIA E CRÉDITO MÚTUO DOS EMPREGADOS DE FURNAS E DAS DEMAIS EMPRESAS DO SISTEMA ELETROBRÁS LTDA. - SICOOB CECREMEF;33370115;;;;b3S;2;9;RIO DE JANEIRO;RJ;03/2026;513.256;142.874;25.978;472.805;461.233;40.451;-1.418;0;15
COOPERATIVA DE ECONOMIA E CRÉDITO MÚTUO UNICRED COALIZÃO LTDA - UNICRED COALIZÃO;4445917;;;;b3S;2;9;CAMPOS DOS GOYTACAZES;RJ;03/2026;511.734;280.917;9.539;438.504;387.999;73.230;3.254;0;13
VIA CERTA FINANCIADORA S.A. - CRÉDITO, FINANCIAMENTO E INVESTIMENTOS;5192316;VIA CERTA CFI - PRUDENCIAL;;00080831;n1;2;14;SANTO CRISTO;RS;03/2026;509.543;379.386;74.754;463.484;409.403;46.058;3.908;2;0
COOPERATIVA DE CRÉDITO DE LIVRE ADMISSÃO SICOOB CREDIACIL;8795285;;;;b3S;2;9;LEME;SP;03/2026;504.260;295.399;14.465;435.105;421.399;69.155;3.460;0;5
COOPERATIVA DE CREDITO CREDIAGRO LTDA. - SICOOB CREDIAGRO;429890;;;;b3S;2;9;CAMPOS ALTOS;MG;03/2026;501.530;301.471;25.442;433.630;259.145;67.899;-1.197;0;4
CONTA SIMPLES SOCIEDADE DE CRÉDITO DIRETO S.A.;53720128;CONTA SIMPLES SCD - PRUDENCIAL;;00087384;n1;3;43;SAO PAULO;SP;03/2026;501.193;391.821;53.475;433.519;0;67.673;441;2;0
COOPERATIVA DE CRÉDITO E INVESTIMENTO COM INTERAÇÃO SOLIDÁRIA NASCENTE - CRESOL NASCENTE;5494591;;;;b3S;2;9;ALFREDO WAGNER;SC;03/2026;497.354;396.943;9.406;433.180;218.134;64.174;-920;0;9
COOPERATIVA DE CRÉDITO E INVESTIMENTO COM INTERAÇÃO SOLIDÁRIA MISSÕES FRONTEIRA RS - CRESOL MISSÕES FRONTEIRA RS;8488377;;;;b3S;2;9;GUARANI DAS MISSOES;RS;03/2026;492.766;391.314;9.436;427.478;268.168;65.289;1.787;0;14
COOPERATIVA DE CRÉDITO SICOOB COSTA DO DESCOBRIMENTO LTDA.;1205736;;;;b3S;2;9;ITAMARAJU;BA;03/2026;490.310;279.046;25.459;415.763;353.374;74.547;3.263;0;11
WISE BRASIL CORRETORA DE CÂMBIO LTDA;36588217;WISE BRASIL CC - PRUDENCIAL;;00085647;n2;3;21;SAO PAULO;SP;03/2026;490.108;0;5.058;336.263;105.743;153.845;5.886;2;0
COOPERATIVA DE CRÉDITO DE LIVRE ADMISSÃO UNIÃO DO CENTRO OESTE DE MINAS LTDA - SICOOB CREDESP;1703620;;;;b3S;2;9;BOM DESPACHO;MG;03/2026;489.920;183.612;8.085;417.835;404.385;72.085;-338;0;5
COOPERATIVA DE CRÉDITO UNIPRIME SUL;1572667;;;;b3S;2;9;ERECHIM;RS;03/2026;487.152;328.665;4.704;441.177;435.248;45.975;-601;0;7
COOPERATIVA E ECONOMIA E CRÉDITO MÚTUO DOS MÉDICOS DO PLANALTO MÉDIO DO RIO GRANDE DO SUL LTDA. - CREDISIS/CREDIPLAN;97259253;;;;b3S;2;9;PASSO FUNDO;RS;03/2026;486.518;100.447;13.550;446.266;438.899;40.252;3.001;0;4
CREDIARE S.A. - CRÉDITO, FINANCIAMENTO E INVESTIMENTO;5676026;CREDIARE CFI - PRUDENCIAL;;00085427;n1;2;14;FARROUPILHA;RS;03/2026;481.881;315.638;12.049;395.986;371.657;85.895;1.952;2;0
COOPERATIVA DE CREDITO DE LIVRE ADMISSAO DE PITANGUI E REGIAO LTDA. - SICOOB CREDPIT;4181542;;;;b3S;2;9;PITANGUI;MG;03/2026;478.265;257.417;7.696;408.519;384.731;69.746;-121;0;7
CONFEDERACAO DAS COOPERATIVAS DO SICREDI - CONFEDERACAO SICREDI;3795072;;;;b3C;2;42;PORTO ALEGRE;RS;03/2026;475.255;0;11;469.883;0;5.373;0;0;0
EDENRED SOLUCOES E INSTITUICAO DE PAGAMENTO AHA S.A.;59158642;EDENRED SOLUCOES E IP AHA - PRUDENCIAL;;00084916;n4;3;41;BARUERI;SP;03/2026;473.017;42.757;12.668;519.720;112.538;-46.702;-13.267;1;0
SOCINAL S.A. - CRÉDITO, FINANCIAMENTO E INVESTIMENTO;3881423;SOCINAL S.A. CFI - PRUDENCIAL;;00083577;n1;2;14;ARARUAMA;RJ;03/2026;471.699;402.378;10.485;399.531;389.777;72.168;738;2;0
EBURY BANCO DE CÂMBIO S.A.;13059145;EBURY BANCO DE CÂMBIO - PRUDENCIAL;;00080862;b2;3;39;SAO PAULO;SP;03/2026;471.560;0;76.619;242.004;80.461;229.556;8.200;2;0
COOPERATIVA DE CREDITO DO PLANALTO SUL - SICOOB CREDISSERRANA;3033469;;;;b3S;2;9;LAGES;SC;03/2026;469.835;298.596;5.908;426.364;358.812;43.470;-2.412;0;8
BANQI INSTITUICAO DE PAGAMENTO LTDA.;30723871;BANQI IP - PRUDENCIAL;;00085829;n4;2;41;SAO PAULO;SP;03/2026;469.333;0;200.910;76.128;40.098;393.205;14.690;1;0
COOPERATIVA DE CRÉDITO DOS INTEGRANTES DO PODER JUDICIÁRIO E DO MINISTÉRIO PÚBLICO DO ESTADO DE MINAS GERAIS LTDA. - SICOOB JUS-MP;3519240;;;;b3S;2;9;BELO HORIZONTE;MG;03/2026;469.072;215.471;11.475;397.419;391.868;71.653;894;0;5
COOPERATIVA DE CRÉDITO CREDICOOP LTDA - SICOOB CREDICOOP;41931221;;;;b3S;2;9;PITANGUI;MG;03/2026;466.829;210.040;11.811;400.069;364.084;66.760;1.574;0;3
COOPERATIVA DE CRÉDITO DOS PROFISSIONAIS DA SAÚDE E LIVRE ADMISSÃO DO SUL DE MINAS LTDA;71418784;;;;b3S;2;9;VARGINHA;MG;03/2026;464.885;145.018;9.465;406.807;372.833;58.078;2.587;0;11
COOPERATIVA DE CRÉDITO DE LIVRE ADMISSÃO DE ASSOCIADOS DO PLANALTO SERRANO - SICOOB CREDISERRA SC;1692448;;;;b3S;2;9;URUPEMA;SC;03/2026;463.697;377.627;13.396;390.095;239.446;73.602;1.832;0;4
COOPERATIVA DE CRÉDITO DE LIVRE ADMISSÃO DE ANÁPOLIS E REGIÃO LTDA;33615055;;;;b3S;2;9;ANAPOLIS;GO;03/2026;463.281;303.404;18.613;354.043;324.354;109.238;3.399;0;8
COOPERATIVA DE CRÉDITO UNICRED AMPLA LTDA - UNICRED AMPLA;71163315;;;;b3S;2;9;SETE LAGOAS;MG;03/2026;462.152;269.765;13.355;389.908;342.792;72.245;2.206;0;6
COOPERATIVA DE CRÉDITO DE LIVRE ADMISSÃO DE PIRACANJUBA LTDA. - SICOOB CERRADO;5222094;;;;b3S;2;9;PIRACANJUBA;GO;03/2026;461.024;328.265;10.895;415.233;319.258;45.791;-10.046;0;3
COOPERATIVA DE CRÉDITO UNICRED COOMARCA LTDA. - COOMARCA;4355489;;;;b3S;2;9;FLORIANOPOLIS;SC;03/2026;460.921;247.265;9.454;419.885;397.586;41.036;-142;0;2
COOPERATIVA DE CRÉDITO E ECONOMIA COM INTERAÇÃO SOLIDÁRIA DE JACUTINGA - CRESOL JACUTINGA;2904125;;;;b3S;2;9;JACUTINGA;RS;03/2026;460.425;340.637;17.520;404.467;221.408;55.959;1.456;0;16
COOPERATIVA DE ECONOMIA E CRÉDITO MÚTUO DOS INTEGRANTES DO MINISTÉRIO PÚBLICO E DA DEFENSORIA PÚBLICA NO ESTADO DO RIO DE JANEIRO LIMITADA. - SICOOB COMPERJ;4694278;;;;b3S;2;9;RIO DE JANEIRO;RJ;03/2026;457.884;135.591;154.556;424.633;418.088;33.252;-6.255;0;5
LAR COOPERATIVA DE CRÉDITO - LAR CREDI;39343350;;;;b3S;2;9;MEDIANEIRA;PR;03/2026;454.604;191.863;254.844;375.972;369.485;78.632;3.592;0;35
COOPERATIVA DE CRÉDITO DOS SERVIDORES MILITARES, DA POLÍCIA CIVIL, DA SECRETARIA DE EDUCAÇÃO DO ESTADO DE MINAS GERAIS E DE LIVRE ADMISSÃO LTDA - SICOOB COOPEMG;3269540;;;;b3S;2;9;BELO HORIZONTE;MG;03/2026;450.931;248.972;10.611;367.300;359.511;83.631;1.468;0;0
COOPERATIVA DE CRÉDITO E INVESTIMENTO COM INTERAÇÃO SOLIDÁRIA ALTERNATIVA - CRESOL ALTERNATIVA;7215632;;;;b3S;2;9;RIO DO SUL;SC;03/2026;450.080;333.998;6.661;433.263;280.459;16.817;-20.543;0;17
COOPERATIVA DE CRÉDITO RURAL DE IRAÍ DE MINAS LTDA -SICOOB CREDIMIL;71207740;;;;b3S;2;9;IRAI DE MINAS;MG;03/2026;442.144;144.973;18.401;363.177;266.494;78.967;3.969;0;0
CREDI&GENTE - COOPERATIVA DE CRÉDITO E INVESTIMENTOS;82096447;;;;b3S;2;9;CURITIBA;PR;03/2026;441.920;147.403;192.359;280.895;266.602;161.024;3.888;0;17
COOPERATIVA DE CRÉDITO DO VALE DO ITAJAÍ E VALE DO ITAPOCÚ - SICOOB MULTICREDI;2883398;;;;b3S;2;9;BLUMENAU;SC;03/2026;441.447;276.076;96.686;359.401;348.922;82.045;2.750;0;10
COOPERATIVA CENTRAL DE CRÉDITO, POUPANÇA E INVESTIMENTO DO NORDESTE - CENTRAL SICREDI NORDESTE;70119680;;;;b3C;2;9;JOAO PESSOA;PB;03/2026;441.108;42;370.400;292.608;0;148.500;963;0;0
COOPERATIVA DE CRÉDITO E ECONOMIA COM INTERAÇÃO SOLIDÁRIA - CRESOL ENCOSTAS DA SERRA GERAL;3485130;;;;b3S;2;9;SANTA ROSA DE LIMA;SC;03/2026;440.217;298.726;10.187;396.270;287.680;43.947;1.586;0;13
COOPERATIVA DE CRÉDITO DE LIVRE ADMISSÃO E DOS ADVOGADOS LTDA. - SICOOB CREDIJUR;2480577;;;;b3S;2;9;GOIANIA;GO;03/2026;434.466;204.639;25.710;347.363;333.517;87.103;176;0;3
SUMUP SOCIEDADE DE CRÉDITO DIRETO S.A.;37241230;SUMUP IP - PRUDENCIAL;;00085238;n1;3;43;SAO PAULO;SP;03/2026;432.107;30.145;0;324.736;310.729;107.371;1.903;2;0
COOPERATIVA DE CRÉDITO SACRAMENTO LTDA - SICOOB SACRAMENTO;71154256;;;;b3S;2;9;SACRAMENTO;MG;03/2026;430.548;294.984;15.417;369.032;278.931;61.516;355;0;3
COOPERATIVA DE ECONOMIA E CRÉDITO MÚTUO DOS SERVIDORES DO PODER JUDICIÁRIO, DO TRIBUNAL DE CONTAS ESTADUAL E DEMAIS ÓRGÃOS PÚBLICOS MUNICIPAIS, ESTADUAIS E FEDERAIS NO ESTADO DO RIO DE JANEIRO LTDA.;2000895;;;;b3S;2;9;RIO DE JANEIRO;RJ;03/2026;429.537;275.325;17.253;319.211;299.545;110.327;3.991;0;9
OXY COMPANHIA HIPOTECÁRIA;18282093;OXY CH - PRUDENCIAL;00085520;00085520;n1;2;29;PORTO ALEGRE;RS;03/2026;427.853;316.942;4.262;378.425;265.211;49.428;2.162;2;0
KREDILIG S.A. - CRÉDITO, FINANCIAMENTO E INVESTIMENTO;6040559;KREDILIG S.A. - CFI - PRUDENCIAL;;00083498;n1;2;14;BIGUACU;SC;03/2026;419.428;390.942;0;212.044;125.582;207.384;4.650;2;0
COOPERATIVA DE ECONOMIA E CRÉDITO MÚTUO NOS ESTADOS DE ALAGOAS, SERGIPE E BAHIA - SICOOB LESTE;2493000;;;;b3S;2;9;MACEIO;AL;03/2026;417.104;258.184;17.132;340.868;316.563;76.237;980;0;8
CREDISAN COOPERATIVA DE CRÉDITO;62109566;;;;b3S;2;9;SAO JOAO DA BOA VISTA;SP;03/2026;413.207;141.869;0;349.385;332.284;63.822;1.885;0;15
COOPERATIVA DE CRÉDITO DO VALE EUROPEU - SICOOB EURO VALE;82133182;;;;b3S;2;9;TIMBO;SC;03/2026;412.500;279.465;11.973;360.701;341.794;51.799;-1.382;0;14
COOPERATIVA DE CREDITO SULCREDI AMPLEA;8253539;;;;b3S;2;9;SAO MIGUEL D'OESTE;SC;03/2026;409.302;224.776;16.051;345.538;342.492;63.764;-3.243;0;6
COOPERATIVA DE CRÉDITO DE LIVRE ADMISSÃO DE ASSOCIADOS DO SUL DO BRASIL - CREVISC;10143743;;;;b3S;2;9;GUARAMIRIM;SC;03/2026;406.788;249.736;9.739;356.837;339.337;49.950;-1.125;0;9
COOPERATIVA DE CRÉDITO DE LIVRE ADMISSÃO DE CAMPOS GERAIS E CAMPO DO MEIO LTDA - SICOOB CREDCAM;71146450;;;;b3S;2;9;CAMPOS GERAIS;MG;03/2026;404.051;166.372;12.098;342.604;263.777;61.446;1.117;0;2
COOPERATIVA DE CRÉDITO DE TIROS E MATUTINA LTDA.- SICOOB CREDITIROS;42880617;;;;b3S;2;9;TIROS;MG;03/2026;403.800;260.873;19.677;346.315;191.143;57.485;137;0;1
COOPERATIVA DE CRÉDITO DE LIVRE ADMISSÃO DO CENTRO SUL DE MATO GROSSO DO SUL - SICOOB CENTRO SUL MS;10319386;;;;b3S;2;9;DOURADOS;MS;03/2026;403.584;245.053;7.420;362.819;336.181;40.765;924;0;7
COOPERATIVA DE CRÉDITO E ECONOMIA COM INTERAÇÃO SOLIDÁRIA - CRESOL MAIS;5269976;;;;b3S;2;9;QUILOMBO;SC;03/2026;402.280;222.532;16.638;342.043;208.310;60.237;-40;0;13
COOPERATIVA DE CRÉDITO DE LIVRE ADMISSÃO DO SUL CATARINENSE - ACENTRA;3427097;;;;b3S;2;9;CRICIUMA;SC;03/2026;401.868;292.205;11.766;348.371;309.809;53.497;-2.002;0;13
GREENPASS TECNOLOGIA E INSTITUICAO DE PAGAMENTO HUE S.A.;28581308;EDENRED SOLUCOES E IP AHA - PRUDENCIAL;;00084916;n4;3;41;BARUERI;SP;03/2026;401.476;0;0;384.117;0;17.359;31.010;1;0
COOPERATIVA DE CRÉDITO DOS SERVIDORES DOS PODERES LEGISLATIVOS DO ESTADO DE MINAS GERAIS E DO SEU ÓRGÃO AUXILIAR E DE LIVRE ADMISSÃO LTDA. - SICOOB COFAL;21797311;;;;b3S;2;9;BELO HORIZONTE;MG;03/2026;397.462;75.497;11.787;330.594;321.833;66.868;1.260;0;3
COOPERATIVA DE CRÉDITO E INVESTIMENTO COM INTERAÇÃO SOLIDÁRIA CENTRO SERRA - CRESOL CENTRO SERRA;1155801;;;;b3S;2;9;CURITIBANOS;SC;03/2026;396.972;322.952;8.999;335.541;166.987;61.432;-139;0;13
COOPERATIVA DE CRÉDITO DOS SERVIDORES PÚBLICOS NO ESTADO DA BAHIA LTDA. - SICOOB INOVA;4321309;;;;b3S;2;9;SALVADOR;BA;03/2026;392.377;209.353;13.315;344.853;336.536;47.524;201;0;9
COOPERATIVA DE CRÉDITO DE LIVRE ADMISSÃO DO NOROESTE DE MINAS GERAIS LTDA.   SICOOB CREDIPINHO;71154876;;;;b3S;2;9;JOAO PINHEIRO;MG;03/2026;391.572;228.215;15.623;324.067;268.803;67.505;41;0;12
AGORACRED S/A SOCIEDADE DE CRÉDITO, FINANCIAMENTO E INVESTIMENTO;36321990;AGORACRED S/A SCFI - PRUDENCIAL;;00083618;n1;2;14;VITORIA;ES;03/2026;391.021;289.110;40.178;325.212;312.091;65.808;415;2;0
COOPERATIVA DE ECONOMIA E CRÉDITO MÚTUO UNICRED HORIZONTES LTDA - UNICRED HORIZONTES;1526924;;;;b3S;2;9;IJUI;RS;03/2026;390.657;202.873;11.318;313.177;292.189;77.480;8.545;0;3
COOPERATIVA DE CRÉDITO RURAL DE ABELARDO LUZ - SULCREDI/CREDILUZ;1073966;;;;b3S;2;9;ABELARDO LUZ;SC;03/2026;390.208;204.513;103.743;318.101;292.706;72.107;-821;0;17
COOPERATIVA DE CRÉDITO E ECONOMIA COM INTERAÇÃO SOLIDÁRIA DE ARATIBA - CRESOL ARATIBA;4565791;;;;b3S;2;9;ARATIBA;RS;03/2026;388.870;238.535;13.997;344.890;209.298;43.980;757;0;5
COOPERATIVA DE CRÉDITO DE LIVRE ADMISSÃO DE PEDRO LEOPOLDO LTDA - SICOOB CREDIPEL;71441406;;;;b3S;2;9;PEDRO LEOPOLDO;MG;03/2026;388.584;156.767;8.092;329.826;303.925;58.758;1.406;0;10
COOPERATIVA DE CREDITO, POUPANCA E INVESTIMENTO DO RIO DE JANEIRO - SICREDI RIO RJ;72128440;;;;b3S;2;9;RIO DE JANEIRO;RJ;03/2026;388.287;182.141;146.282;345.197;320.400;43.090;-5.757;0;12
UNIPRIME DO IGUAÇU - COOPERATIVA DE CRÉDITO, POUPANÇA E INVESTIMENTO;1848322;;;;b3S;2;9;PATO BRANCO;PR;03/2026;387.171;271.054;8.749;340.204;333.122;46.968;-3.967;0;17
BNY MELLON SERVIÇOS FINANCEIROS DISTRIBUIDORA DE TÍTULOS E VALORES MOBILIÁRIOS S.A.;2201501;BNY MELLON - PRUDENCIAL;00051808;00080910;n2;3;16;RIO DE JANEIRO;RJ;03/2026;385.353;0;182.716;137.283;6.696;248.071;-4.521;2;0
URBANO S.A. - SOCIEDADE DE CRÉDITO, FINANCIAMENTO E INVESTIMENTO;53842122;URBANO SCFI - PRUDENCIAL;;00087786;n1;2;14;BARUERI;SP;03/2026;384.455;0;21.783;361.543;356.888;22.913;2.686;2;0
COOPERATIVA DE CRÉDITO, POUPANÇA E INVESTIMENTO DOS JUÍZES E CARREIRAS PÚBLICAS DO DIREITO DO ESTADO DO RIO GRANDE DO SUL - SICREDI AJURIS RS;3750034;;;;b3S;2;9;PORTO ALEGRE;RS;03/2026;382.994;48.216;204.398;354.247;305.324;28.747;1.656;0;1
COOPERATIVA DE CRÉDITO DA GRANDE FLORIANÓPOLIS - ÚNILOS;2405189;;;;b3S;2;9;FLORIANOPOLIS;SC;03/2026;378.683;233.499;11.119;318.282;305.913;60.401;2.073;0;8
COOPERATIVA DE CRÉDITO CREDIVAG LTDA - SICOOB CREDIVAG;25404542;;;;b3S;2;9;JANAUBA;MG;03/2026;378.583;114.037;8.927;300.572;269.532;78.011;2.762;0;9
BANCO LOSANGO S.A. - BANCO MÚLTIPLO;33254319;BRADESCO - PRUDENCIAL;00010045;00080075;b2;2;8;OSASCO;SP;03/2026;374.910;4.062;173.218;109.289;0;265.622;5.558;2;0
COOPERATIVA DE CRÉDITO DE LIVRE ADMISSÃO DE CARMO DO RIO CLARO LTDA - SICOOB CREDICARMO;25743311;;;;b3S;2;9;CARMO DO RIO CLARO;MG;03/2026;371.215;166.312;10.994;291.289;229.436;79.927;1.450;0;2
CALCARD S.A. - INSTITUIÇÃO DE PAGAMENTOS;8611734;CALCARD IP - PRUDENCIAL;;00088170;n4;2;41;PALHOCA;SC;03/2026;369.322;218.198;72.916;273.622;10.483;95.700;-1.075;1;0
STRADA PAY INSTITUIÇÃO DE PAGAMENTO LTDA.;10314753;STRADA PAY IP - PRUDENCIAL;;00085362;n4;3;41;SAO PAULO;SP;03/2026;368.938;0;286.449;281.712;94.717;87.227;10.395;1;0
COOPERATIVA DE CRÉDITO SICOOB CONFIANÇA;7097064;;;;b3S;2;9;MARECHAL CANDIDO RONDON;PR;03/2026;368.683;210.829;24.842;328.651;288.676;40.032;-918;0;10
NEGRESCO S.A. - CREDITO, FINANCIAMENTO E INVESTIMENTOS;4379829;NEGRESCO S.A. - CFI - PRUDENCIAL;;00083450;n1;2;14;CURITIBA;PR;03/2026;368.171;291.117;0;294.273;279.056;73.898;8.667;2;0
COOPERATIVA DE CRÉDITO, POUPANÇA E INVESTIMENTO SICREDI CENTRO PERNAMBUCANA;41255225;;;;b3S;2;9;CARUARU;PE;03/2026;367.696;146.507;196.977;294.680;263.841;73.016;1.955;0;8
COOPERATIVA DE CRÉDITO E ECONOMIA COM INTERAÇÃO SOLIDÁRIA CRESOL VALE;7320890;;;;b3S;2;9;VITOR MEIRELES;SC;03/2026;367.518;272.286;17.391;313.223;146.505;54.296;1.760;0;8
AGÊNCIA DE FOMENTO DO ESTADO DO AMAZONAS S.A. - AFEAM;3183937;AFEAM - PRUDENCIAL;;00081108;n1;1;30;MANAUS;AM;03/2026;365.943;39.066;308.558;216.958;0;148.985;4.494;2;0
COOPERATIVA DE CRÉDITO, POUPANÇA E INVESTIMENTO BANDEIRANTES - SICREDI BANDEIRANTES SP;4853988;;;;b3S;2;9;SAO CARLOS;SP;03/2026;362.990;167.438;143.763;330.057;295.945;32.933;1.479;0;9
N26 SOCIEDADE DE CRÉDITO DIRETO S.A.;40867163;RENDIMENTO - PRUDENCIAL;00051468;00080659;n1;2;43;SAO PAULO;SP;03/2026;362.457;0;304.398;1.435;507;361.023;1.953;2;0
BEM - DISTRIBUIDORA DE TITULOS E VALORES MOBILIARIOS LTDA;66670;BRADESCO - PRUDENCIAL;00010045;00080075;n2;2;16;OSASCO;SP;03/2026;359.106;0;283.016;95.596;70.191;263.509;11.185;2;0
COOPERATIVA DE CRÉDITO DE LIVRE ADMISSÃO DO ESTADO DE GOIÁS;4406371;;;;b3S;2;9;GOIANIA;GO;03/2026;358.292;174.312;629;325.330;286.856;32.962;-3.367;0;13
GAZINCRED S.A. SOCIEDADE DE CRÉDITO, FINANCIAMENTO E INVESTIMENTO;11760553;GAZINCRED SCFI - PRUDENCIAL;;00080824;n1;2;14;DOURADINA;PR;03/2026;357.616;274.111;35.062;169.701;118.126;187.916;10.053;2;0
COOPERATIVA DE CRÉDITO, POUPANÇA E INVESTIMENTO SICREDI INTEGRAÇÃO BAHIA - SICREDI INTEGRAÇÃO BAHIA;97489280;;;;b3S;2;9;ITABUNA;BA;03/2026;355.397;155.679;127.468;303.814;240.791;51.583;1.833;0;7
COOPERATIVA DE CRÉDITO DE LIVRE ADMISSÃO DE PALMEIRAS E REGIÃO LTDA.;37631058;;;;b3S;2;9;PALMEIRAS DE GOIAS;GO;03/2026;354.715;214.998;22.370;236.556;199.512;118.159;1.028;0;9
OKTO INSTITUIÇÃO DE PAGAMENTO S.A.;30980539;OKTO IP - PRUDENCIAL;;00086323;n4;3;41;SAO PAULO;SP;03/2026;354.665;0;100;311.214;304.146;43.451;2.601;1;0
COOPERATIVA DE CRÉDITO DO SUDOESTE BAIANO LTDA - SICOOB CREDICONQUISTA;2282165;;;;b3S;2;9;VITORIA DA CONQUISTA;BA;03/2026;352.600;144.800;14.962;288.367;274.828;64.233;3.333;0;9
COOPERATIVA DE CRÉDITO SICREDI ALTO SERTÃO PARAIBANO - SICREDI ALTO SERTÃO PARAIBANO;9343038;;;;b3S;2;9;SOUSA;PB;03/2026;351.866;165.558;131.904;275.731;250.475;76.135;3.847;0;8
GENIAL INVESTIMENTOS CORRETORA DE VALORES MOBILIÁRIOS S.A.;27652684;GENIAL - PRUDENCIAL;00051839;00080941;n2;2;15;RIO DE JANEIRO;RJ;03/2026;348.721;0;48.666;70.958;50.362;277.763;-4.373;4;0
COOPERATIVA DE CRÉDITO SICOOB NORTE SUL LTDA;2876918;;;;b3S;2;9;GANDU;BA;03/2026;347.095;227.420;12.021;297.577;269.295;49.518;719;0;11
VIC-DISTRIBUIDORA DE TITULOS E VALORES MOBILIARIOS S/A;14388516;VIC DTVM S/A - PRUDENCIAL;;00084002;n2;2;16;RIO DE JANEIRO;RJ;03/2026;343.063;0;314.477;122.402;15.712;220.662;-106;2;0
BRAZA BANK S.A. BANCO DE CÂMBIO;19307785;BRAZA BANK BCO CÂMBIO - PRUDENCIAL;;00081294;b2;2;39;CURITIBA;PR;03/2026;340.721;0;169.076;263.260;118.482;77.461;4.990;3;0
STONEX DISTRIBUIDORA DE TÍTULOS E VALORES MOBILIÁRIOS LTDA.;62090873;STONEX DTVM - PRUDENCIAL;00052041;00084088;n2;3;16;SAO PAULO;SP;03/2026;339.851;0;100.954;113.024;94.230;226.827;8.957;2;0
COOPERATIVA DE CRÉDITO E INVESTIMENTO COM INTERAÇÃO SOLIDÁRIA DE NOVA MUTUM E REGIÃO - CRESOL MATO GROSSO;50735161;;;;b3S;2;9;NOVA MUTUM;MT;03/2026;338.933;242.916;5.096;305.247;171.708;33.686;-3.148;0;17
COBUCCIO S/A - SOCIEDADE DE CRÉDITO, FINANCIAMENTO E INVESTIMENTOS;36947229;COBUCCIO SCFI - PRUDENCIAL;;00085173;n1;2;14;MONTE BELO;MG;03/2026;337.088;438;281.714;290.861;229.124;46.227;282;3;0
IDEAL CORRETORA DE TÍTULOS E VALORES MOBILIÁRIOS S.A.;31749596;ITAU - PRUDENCIAL;00010069;00080099;n2;2;15;SAO PAULO;SP;03/2026;336.930;0;281.565;53.436;6.964;283.494;6.927;2;0
PARATI - CREDITO, FINANCIAMENTO E INVESTIMENTO S.A.;3311443;PARATI CFI - PRUDENCIAL;;00088778;n1;2;14;VITORIA;ES;03/2026;336.135;60.117;0;302.504;140.694;33.631;12.231;2;0
COOPERATIVA DE CRÉDITO CREDIBAM LTDA. - SICOOB CREDIBAM;66259110;;;;b3S;2;9;BAMBUI;MG;03/2026;335.518;127.475;8.630;266.078;230.893;69.440;2.847;0;3
COOPERATIVA DE ECONOMIA E CRÉDITO MÚTUO DOS PROFISSIONAIS DA ÁREA NOTARIAL E REGISTRAL - COOPNORE;7714057;;;;b3S;2;9;PORTO ALEGRE;RS;03/2026;335.478;106.279;5.067;303.073;272.295;32.405;3.136;0;1
COOPERATIVA DE ECONOMIA E CRÉDITO DE LIVRE ADMISSÃO LTDA. - SICOOB EMPRESARIAL;5856736;;;;b3S;2;9;BRASILIA;DF;03/2026;335.367;118.702;36.050;264.410;254.481;70.957;-2.756;0;8
EQI INVESTIMENTOS CORRETORA DE TÍTULOS E VALORES MOBILIÁRIOS S.A.;47965438;EQI INVESTIMENTOS CTVM - PRUDENCIAL;;00087119;n2;2;15;SAO PAULO;SP;03/2026;334.688;0;48.574;88.706;0;245.982;40.648;15;0
MÊNTORE INSTITUIÇÃO DE PAGAMENTO S.A.;32343119;MÊNTORE IP - PRUDENCIAL;;00088527;n4;2;41;FORTALEZA;CE;03/2026;334.081;0;144.027;245.891;112.362;88.190;-22.771;1;0
LAUNCH PAD SOCIEDADE DE CRÉDITO DIRETO S.A.;45220646;LAUNCH PAD SCD - PRUDENCIAL;;00086048;n1;3;43;BELO HORIZONTE;MG;03/2026;331.271;0;212.760;269.289;246.775;61.983;8.581;2;0
BOC BRASIL ARRENDAMENTO MERCANTIL S/A;69720910;BANK OF CHINA (BRASIL) - PRUDENCIAL;00032119;00080295;n1;3;19;SAO PAULO;SP;03/2026;330.537;249.573;0;99.832;57.449;230.705;4.995;2;0
COOPERATIVA DE ECONOMIA E CRÉDITO MÚTUO DO VALE DAS ANTAS LTDA. - UNICRED PIONEIRA;94243839;;;;b3S;2;9;CASCA;RS;03/2026;330.433;213.066;6.173;292.271;283.269;38.162;3.287;0;4
BARRACRED - COOPERATIVA DE ECONOMIA E CRÉDITO MÚTUO;1439107;;;;b3S;2;9;BARRA BONITA;SP;03/2026;329.927;202.119;78.197;24.199;0;305.728;10.657;0;0
COOPERATIVA DE CRÉDITO HORIZONTE - SICOOB HORIZONTE;7194313;;;;b3S;2;9;ARAPONGAS;PR;03/2026;329.622;155.859;5.715;291.685;281.232;37.937;2.227;0;8
SANTINVEST S.A. - CREDITO, FINANCIAMENTO E INVESTIMENTOS;122327;SANTINVEST - PRUDENCIAL;;00080446;n1;2;14;FLORIANOPOLIS;SC;03/2026;328.839;266.927;6;190.035;175.817;138.805;3.694;6;0
COOPERATIVA DE CRÉDITO E ECONOMIA COM INTERAÇÃO SOLIDÁRIA - CRESOL DESENVOLVIMENTO;5425526;;;;b3S;2;9;CONCORDIA;SC;03/2026;327.741;233.081;8.749;296.017;194.922;31.723;-1.176;0;9
BOLT CARD INSTITUIÇÃO DE PAGAMENTOS LTDA.;28080769;COBUCCIO SCFI - PRUDENCIAL;;00085173;n4;2;41;MONTE BELO;MG;03/2026;327.449;0;1.141;231.502;0;95.948;2.530;1;0
BGC LIQUIDEZ DISTRIBUIDORA DE TÍTULOS E VALORES MOBILIÁRIOS LTDA;33862244;BGC LIQUIDEZ DTVM LTDA - PRUDENCIAL;;00084033;n2;3;16;RIO DE JANEIRO;RJ;03/2026;327.136;0;199.597;74.028;3.748;253.108;9.783;3;0
COOPERATIVA DE CRÉDITO, POUPANÇA E INVESTIMENTO EMPREENDEDORES - SICREDI EMPREENDEDORES PR;7070495;;;;b3S;2;9;CURITIBA;PR;03/2026;326.572;117.536;182.102;296.122;264.201;30.450;1.625;0;5
AGENCIA DE FOMENTO DE GOIAS S/A;3918382;AGENCIA FOMENTO GOIAS - PRUDENCIAL;;00081050;n1;1;30;GOIANIA;GO;03/2026;325.330;134.687;162.199;118.518;88.555;206.812;478;2;0
COOPERATIVA DE CRÉDITO DO VALE DOS PINHAIS - SICOOB VALE DOS PINHAIS;86791837;;;;b3S;2;9;CACADOR;SC;03/2026;322.485;182.846;5.163;298.470;274.015;24.015;-174;0;8
COOPERATIVA DE CRÉDITO DE LIVRE ADMISSÃO DE ASSOCIADOS LTDA. - SICOOB JUDICIÁRIO;37076205;;;;b3S;2;9;BRASILIA;DF;03/2026;322.143;130.303;32.790;256.995;252.155;65.148;766;0;12
ONEKEY PAYMENTS INSTITUICAO DE PAGAMENTO SA;35210410;ONEKEY PAYMENTS IP - PRUDENCIAL;;00087535;n4;3;41;BARUERI;SP;03/2026;315.458;0;5.632;296.096;294.033;19.362;2.589;1;0
COOPERATIVA DE CRÉDITO DE LIVRE ADMISSÃO SICOOB CREDMISSÃO LTDA. - SICOOB CREDMISSÃO;1667352;;;;b3S;2;9;PIRAPORA;MG;03/2026;315.423;194.646;4.770;278.503;234.029;36.920;846;0;6
COOPERATIVA DE CRÉDITO CREDICAMPINA LTDA. - SICOOB CREDICAMPINA;1609345;;;;b3S;2;9;CAMPINA VERDE;MG;03/2026;315.240;211.434;13.766;268.292;164.060;46.948;1.186;0;1
COOPERATIVA DE CRÉDITO E INVESTIMENTO COM INTERAÇÃO SOLIDÁRIA TRANSAMAZÔNICA - CRESOL TRANSAMAZÔNICA;24431221;;;;b3S;2;9;PACAJA;PA;03/2026;314.822;182.086;0;284.319;235.641;30.503;663;0;12
COOPERATIVA DE ECONOMIA E CRÉDITO MÚTUO - SICOOB COOPERAC;8071414;;;;b3S;2;9;RIBEIRAO PRETO;SP;03/2026;313.947;160.829;88.396;267.792;258.213;46.155;47;0;7
DAYCOVAL CORRETORA DE TÍTULOS E VALORES MOBILIÁRIOS LTDA.;49241570;BCO DAYCOVAL S.A - PRUDENCIAL;00051987;00081744;n2;2;15;SAO PAULO;SP;03/2026;311.592;0;241.230;72.343;0;239.249;1.674;2;0
COOPERATIVA DE CRÉDITO DE LIVRE ADMISSÃO DE JATAÍ E REGIÃO LTDA.;10143499;;;;b3S;2;9;JATAI;GO;03/2026;311.442;195.195;2.530;271.832;257.014;39.610;-2.827;0;5
LISTO INSTITUICAO DE PAGAMENTO LTDA;32971064;LISTO IP - PRUDENCIAL;;00088383;n4;3;41;SAO PAULO;SP;03/2026;310.710;0;0;296.534;10.131;14.176;-5.833;1;0
COOPERATIVA DE CRÉDITO E ECONOMIA COM INTERAÇÃO SOLIDÁRIA DE SÃO VALENTIM - CRESOL SÃO VALENTIM;3015152;;;;b3S;2;9;SAO VALENTIM;RS;03/2026;306.033;208.507;11.428;272.026;161.816;34.007;-59;0;9
ZERO INSTITUIÇÃO DE PAGAMENTO S.A.;26264220;ZERO IP - PRUDENCIAL;;00087896;n4;2;41;RECIFE;PE;03/2026;300.054;0;0;285.889;279.978;14.165;-231;1;0
COOPERATIVA DE CRÉDITO DOS MAGISTRADOS, SERVIDORES DA JUSTIÇA DO ESTADO DE GOIÁS E EMPREGADOS DA CELG LTDA. - SICOOB JURISCRED;9552111;;;;b3S;2;9;GOIANIA;GO;03/2026;299.378;112.694;22.947;233.128;222.325;66.250;-11;0;2
SICOOB CRESSEM - COOPERATIVA DE ECNONOMIA E CRÉDITO MUTUO DOS SERVIDORES MUNICIPAIS DA REGIÃO METROPOLITANA DO VALE DO PARAIBA E LITORAL NORTE;54190525;;;;b3S;2;9;SAO JOSE DOS CAMPOS;SP;03/2026;298.509;156.947;125.554;138.780;121.997;159.729;1.748;0;19
PLUXEE INSTITUIÇÃO DE PAGAMENTO BRASIL S.A.;30798783;PLUXEE IP - PRUDENCIAL;;00087889;n4;3;41;SAO PAULO;SP;03/2026;297.303;0;259.791;211.807;179.306;85.495;6.427;1;0
COOPERATIVA DE CRÉDITO DOS PROFISSIONAIS DE SAÚDE E DE LIVRE ADMISSÃO DO TRIÂNGULO MINEIRO E SUL DE MINAS LTDA. - UNICRED PROGRESSO;71432926;;;;b3S;2;9;UBERABA;MG;03/2026;296.745;143.111;9.940;260.383;232.439;36.362;418;0;4
STARK SOCIEDADE DE CRÉDITO DIRETO S.A.;39908427;STARK SCD - PRUDENCIAL;;00085513;n1;2;43;SAO PAULO;SP;03/2026;296.691;8.856;0;151.158;0;145.534;8.068;1;0
COOPERATIVA DE CRÉDITO DE LIVRE ADMISSÃO CREDFAZ LTDA. - SICOOB CREDFAZ;952415;;;;b3S;2;9;BRASILIA;DF;03/2026;291.216;123.172;67.861;162.391;150.216;128.824;1.268;0;5
COOPERATIVA DE CRÉDITO CREDIVAZ LTDA. - SICOOB CREDIVAZ;803287;;;;b3S;2;9;VAZANTE;MG;03/2026;291.118;150.987;8.649;238.623;205.241;52.495;-6.588;0;4
COOPERATIVA DE CRÉDITO RURAL E ECONOMIA COM INTERAÇÃO SOLIDÁRIA DE GETÚLIO VARGAS - CRESOL GETÚLIO VARGAS;5241145;;;;b3S;2;9;GETULIO VARGAS;RS;03/2026;290.445;209.893;7.688;257.618;149.832;32.827;1.706;0;9
COOPERATIVA DE CRÉDITO DE LIVRE ADMISSÃO DE ITAJUBÁ LTDA - SICOOB SUDESTE MAIS;4079285;;;;b3S;2;9;ITAJUBA;MG;03/2026;287.293;124.825;3.446;263.030;253.937;24.264;-759;0;13
COOPERATIVA DE CRÉDITO COOPCRED;53623781;;;;b3S;2;9;VALPARAISO;SP;03/2026;286.589;89.700;17.886;239.290;196.368;47.299;712;0;7
COOPERATIVA DE ECONOMIA E CRÉDITO MÚTUO DOS FUNCIONÁRIOS DA SECRETARIA DE ESTADO DA FAZENDA  DO ESTADO DE MINAS GERAIS E DE LIVRE ADMISSÃO LTDA - SICOOB COOPSEF;16721078;;;;b3S;2;9;BELO HORIZONTE;MG;03/2026;284.278;86.240;19.776;197.011;182.025;87.268;1.386;0;0
COOPERATIVA DE CRÉDITO CREDISUCESSO LTDA.- SICOOB CREDISUCESSO;42887133;;;;b3S;2;9;BOM SUCESSO;MG;03/2026;282.800;78.458;3.435;243.459;238.256;39.340;1.290;0;6
PLANNER CORRETORA DE VALORES S.A.;806535;PLANNER - PRUDENCIAL;00051341;00080587;n2;2;15;SAO PAULO;SP;03/2026;282.065;0;14.422;272.090;241.081;9.975;-4.701;3;0
COOPERATIVA DE CREDITO CLASSICA DO ESTADO DO RIO DE JANEIRO - SICOOB EMPRESAS RJ;4120633;;;;b3S;2;9;RIO DE JANEIRO;RJ;03/2026;282.045;81.476;10.419;227.816;216.131;54.228;1.541;0;7
COOPERATIVA DE CRÉDITO E ECONOMIA COM INTERAÇÃO SOLIDÁRIA - CRESOL INOVAÇÃO;5070112;;;;b3S;2;9;CORONEL MARTINS;SC;03/2026;281.264;213.203;7.035;245.021;143.025;36.243;902;0;11
HS FINANCEIRA S/A CREDITO, FINANCIAMENTO E INVESTIMENTOS;7512441;HS FINANCEIRA - PRUDENCIAL;;00083522;n1;2;14;DOIS IRMAOS;RS;03/2026;278.514;235.355;0;240.041;197.689;38.473;-8.498;2;0
BRINKS PAY INSTITUICAO DE PAGAMENTO LTDA;9437293;BRINKS PAY IP - PRUDENCIAL;;00086811;n4;3;41;SAO PAULO;SP;03/2026;274.813;0;0;185.720;135.132;89.093;-221;1;0
COOPERATIVA DE CRÉDITO DE LIVRE ADMISSÃO SICOOB COOPJUS LTDA.;25363615;;;;b3S;2;9;BELO HORIZONTE;MG;03/2026;274.663;112.431;10.242;193.377;184.684;81.286;931;0;4
FINAMAX S.A. - CREDITO, FINANCIAMENTO E INVESTIMENTO;411939;FINAMAX S.A. CFI - PRUDENCIAL;;00083436;n1;2;14;JUNDIAI;SP;03/2026;274.640;147.041;86.543;238.509;234.160;36.131;-1.038;4;0
COOPERATIVA DE CRÉDITO DE LIVRE ADMISSÃO DO BRASIL CENTRAL LTDA. - SICOOB EXECUTIVO;694877;;;;b3S;2;9;BRASILIA;DF;03/2026;270.928;143.476;23.202;219.506;213.052;51.422;754;0;8
SUL AMERICA INVESTIMENTOS DISTRIBUIDORA DE TITULOS E VALORES MOBILIARIOS S.A.;32206435;SUL AMERICA INVEST DTVM S.A. - PRUDENCIAL;;00084026;n2;3;16;SAO PAULO;SP;03/2026;270.456;0;218.215;41.710;1.034;228.746;19.106;3;0
COOPERATIVA DE CRÉDITO DE LIVRE ADMISSÃO DE SANTA CRUZ DAS PALMEIRAS E REGIÃO;6910457;;;;b3S;2;9;SANTA CRUZ DAS PALMEIRAS;SP;03/2026;269.157;137.431;97.132;235.537;217.984;33.620;-2.579;0;3
COOPERATIVA DE CRÉDITO DE LIVRE ADMISSÃO DE ARCOS LTDA. - SICOOB ARCOMCREDI;71230338;;;;b3S;2;9;ARCOS;MG;03/2026;267.061;85.886;4.246;224.861;220.599;42.200;1.107;0;2
AVANCARD PROVER INSTITUIÇÃO DE PAGAMENTO LTDA;20308187;AVANCARD PROVER IP - PRUDENCIAL;;00087212;n4;2;41;MANAUS;AM;03/2026;265.598;0;306;112.896;44.925;152.702;3.215;1;0
BEES INSTITUICAO DE PAGAMENTO LTDA.;35523352;BEES IP - PRUDENCIAL;;00087731;n4;3;41;SAO PAULO;SP;03/2026;264.152;0;29.448;199.916;197.238;64.236;5.222;1;0
ROADCARD INSTITUICAO DE PAGAMENTO INTEGRADO DA LOGISTICA S.A.;12815827;ROADCARD IP - PRUDENCIAL;;00087906;n4;2;41;SAO PAULO;SP;03/2026;262.953;0;2.091;200.480;138.519;62.473;14.027;1;0
CONTAAZUL INSTITUICAO DE PAGAMENTO LTDA.;47381104;CONTAAZUL IP - PRUDENCIAL;;00088060;n4;3;41;JOINVILLE;SC;03/2026;260.477;0;1.018;249.279;231.145;11.199;1.408;1;0
COOPERATIVA DE CRÉDITO E ECONOMIA COM INTERAÇÃO SOLIDÁRIA - CRESOL XANXERÊ;7509426;;;;b3S;2;9;XANXERE;SC;03/2026;260.066;187.739;7.289;233.277;153.094;26.789;-31;0;5
ATIVA INVESTIMENTOS S.A. CORRETORA DE TÍTULOS, CÂMBIO E VALORES;33775974;ATIVA S.A. CTCV - PRUDENCIAL;;00082547;n2;2;15;RIO DE JANEIRO;RJ;03/2026;258.821;0;48.690;212.156;87.541;46.666;190;3;0
RPW S/A SOCIEDADE DE CRÉDITO, FINANCIAMENTO E INVESTIMENTO;6249129;RPW S/A SCFI - PRUDENCIAL;;00083209;n1;2;14;SAO PAULO;SP;03/2026;258.208;200.710;7.351;223.402;207.136;34.805;366;2;0
ACG INSTITUIÇÃO DE PAGAMENTO S.A.;10868663;ACG IP - PRUDENCIAL;;00086093;n4;2;41;SAO PAULO;SP;03/2026;256.798;86.346;161.092;228.222;35.849;28.576;1.045;1;0
COOPERATIVA DE CRÉDITO CREDIESMERALDAS LTDA. - SICOOB CREDIESMERALDAS;68512748;;;;b3S;2;9;ESMERALDAS;MG;03/2026;255.182;90.391;3.955;227.633;219.889;27.549;2.039;0;14
COOPERATIVA DE CRÉDITO SICOOB COOPMIL;62673470;;;;b3S;2;9;SAO PAULO;SP;03/2026;253.507;176.834;65.473;190.028;163.234;63.480;-4.527;0;20
SCOTIABANK BRASIL S.A. CORRETORA DE TÍTULOS E VALORES MOBILIÁRIOS;39696805;SCOTIABANK BRASIL - PRUDENCIAL;00052230;00081452;n2;3;15;SAO PAULO;SP;03/2026;253.299;0;12.745;189.320;0;63.979;-276;2;0
COOPERATIVA DE CRÉDITO SICOOB ITAPAGIPE LTDA - SICOOB ITAPAGIPE;71506513;;;;b3S;2;9;ITAPAGIPE;MG;03/2026;253.191;120.863;8.873;198.350;134.357;54.841;1.919;0;0
BANESTES DISTRIBUIDORA DE TITULOS E VALORES MOBILIARIOS S/A;28156057;BANESTES - PRUDENCIAL;00030159;00080147;n2;1;16;VITORIA;ES;03/2026;252.618;0;0;10.979;467;241.639;17.326;2;0
AGÊNCIA DE FOMENTO DO ESTADO DE MATO GROSSO S/A - DESENVOLVE MT;6284531;AGÊNCIA DE FOMENTO MATO GROSSO - PRUDENCIAL;;00081146;n1;1;30;CUIABA;MT;03/2026;250.537;134.673;104.958;26.218;19.207;224.319;-1.662;1;0
COOPERATIVA DE CREDITO POTIGUAR - SICOOB POTIGUAR;2382755;;;;b3S;2;9;NATAL;RN;03/2026;248.282;125.196;13.538;218.478;205.867;29.804;-4.258;0;5
COOPERATIVA DE CRÉDITO SICOOB COOPEMAR LTDA;4174720;;;;b3S;2;9;MAIRI;BA;03/2026;245.017;85.223;22.380;209.629;202.270;35.388;1.405;0;11
COOPERATIVA DE CRÉDITO VALE DO CANOAS - SICOOB/SC CREDICANOAS;707903;;;;b3S;2;9;ABDON BATISTA;SC;03/2026;244.572;141.348;5.410;200.727;160.535;43.845;1.065;0;5
COOPERATIVA DE CRÉDITO DE LIVRE ADMISSÃO DA MARGEM ESQUERDA DO URUCUIA E SÃO FRANCISCO LTDA - SICOOB CREDICHAPADA;14046512;;;;b3S;2;9;CHAPADA GAUCHA;MG;03/2026;243.416;167.901;4.329;199.660;114.795;43.756;724;0;7
COOPERATIVA DE CRÉDITO - SICOOB CREDUNI;3428338;;;;b3S;2;9;CAMPINA GRANDE;PB;03/2026;243.251;162.143;9.233;188.721;180.754;54.530;-965;0;10
BRADESCO S.A. CORRETORA DE TITULOS E VALORES MOBILIARIOS;61855045;BRADESCO - PRUDENCIAL;00010045;00080075;n2;2;15;OSASCO;SP;03/2026;242.978;0;0;158.514;0;84.463;1.147;3;0
GOWD INSTITUIÇÃO DE PAGAMENTO LTDA.;33630661;GOWD IP - PRUDENCIAL;;00087023;n4;2;41;MARINGA;PR;03/2026;240.385;0;65.690;239.378;2.495;1.007;-10.243;1;0
COOPERATIVA DE CRÉDITO DOS INTEGRANTES DO MINISTÉRIO PÚBLICO E DO PODER JUDICIÁRIO NOS ESTADOS DO AMAPÁ E CEARÁ E LIVRE ADMISSÃO NO ESTADO DO PARÁ - SICOOB COIMPPA;84156470;;;;b3S;2;9;BELEM;PA;03/2026;239.524;103.405;13.231;153.155;142.792;86.368;2.267;0;0
COOPERATIVA DE CRÉDITO DE LIVRE ADMISSÃO BRMIL LTDA. - SICOOB BRMIL;4649337;;;;b3S;2;9;BRASILIA;DF;03/2026;238.823;111.970;16.345;200.039;194.439;38.784;1.680;0;1
CREDISIS CAPITALCREDI - COOPERATIVA DE CRÉDITO DE LIVRE ADMISSÃO DO ACRE LTDA;5439425;;;;b3S;2;9;RIO BRANCO;AC;03/2026;238.241;68.901;12.138;192.958;180.041;45.283;2.735;0;2
REVOLUT SOCIEDADE DE CRÉDITO DIRETO S.A.;51342763;REVOLUT SCD - PRUDENCIAL;;00087054;n1;3;43;SAO PAULO;SP;03/2026;237.995;5.640;71.183;129.741;86.448;108.254;-106;2;0
CREDISIS SUDOESTE/RO - COOPERATIVA DE CRÉDITO E INVESTIMENTO DO SUDOESTE DE RONDÔNIA;3985375;;;;b3S;2;9;ROLIM DE MOURA;RO;03/2026;233.801;138.454;9.705;197.509;174.983;36.292;657;0;5
CACTVS INSTITUICAO DE PAGAMENTO S.A;39696395;CACTVS IP - PRUDENCIAL;;00088792;n4;2;41;SAO PAULO;SP;03/2026;233.671;0;199.173;214.171;193.484;19.501;-3.210;1;0
ALESTA SOCIEDADE DE CREDITO DIRETO S.A.;38316293;ALESTA SOCIEDADE DE CREDITO DIRETO - PRUDENCIAL;;00085379;n1;3;43;CAMPINAS;SP;03/2026;232.902;150.760;0;10.567;0;222.335;22.901;2;0
MAGALUPAY - SOCIEDADE DE CRÉDITO, FINANCIAMENTO E INVESTIMENTO S.A.;61021673;MAGALUPAY IP - PRUDENCIAL;;00085348;n1;2;14;BARUERI;SP;03/2026;231.140;93.678;126.509;26.653;12.747;204.487;3.934;2;0
TRIO INSTITUICAO DE PAGAMENTO LTDA.;49931906;TRIO IP - PRUDENCIAL;;00087432;n4;2;41;CURITIBA;PR;03/2026;230.070;0;0;223.688;221.172;6.382;2.021;1;0
CAPPTA INSTITUIÇÃO DE PAGAMENTO S.A.;13966572;CAPPTA IP - PRUDENCIAL;;00087827;n4;2;41;SAO PAULO;SP;03/2026;229.432;0;379;210.461;52.477;18.971;10.083;1;0
Z-ON SOCIEDADE DE CRÉDITO DIRETO S.A.;52586293;Z-ON SCD - PRUDENCIAL;;00087267;n1;2;43;CURITIBA;PR;03/2026;229.217;346;218.984;212.453;210.937;16.764;4.695;2;0
COOPERATIVA DE CREDITO E ECONOMIA COM INTERAÇÃO SOLIDÁRIA - CRESOL SERRA MAR;7958405;;;;b3S;2;9;RIO FORTUNA;SC;03/2026;228.809;160.228;5.056;197.250;136.264;31.559;2.435;0;5
COOPERATIVA DE CRÉDITO DA REGIÃO DO VALE DO RIO GRANDE LTDA. - SICOOB CREDILEITE;86585049;;;;b3S;2;9;UBERABA;MG;03/2026;228.246;125.565;3.107;198.955;179.950;29.291;2.482;0;4
AVENUE SECURITIES BANCO DE INVESTIMENTO S.A.;61384004;ITAU - PRUDENCIAL;00010069;00080099;b2;2;13;SAO PAULO;SP;03/2026;227.557;0;16.228;183.110;155.382;44.448;-5.925;2;0
SRM BANK INSTITUIÇÃO DE PAGAMENTO S/A;22575466;SRM BANK IP - PRUDENCIAL;;00086024;n4;2;41;SAO PAULO;SP;03/2026;227.165;0;10.663;212.248;191.198;14.916;6.500;1;0
COOPERATIVA DE ECONOMIA E CRÉDITO MÚTUO DOS SERVIDORES DA FEDERAÇÃO DO COMÉRCIO, SESC E SENAC DE SÃO PAULO;62928320;;;;b3S;2;9;SAO PAULO;SP;03/2026;226.678;193.389;32.755;2.993;0;223.686;5.212;0;0
COOPERATIVA DE CRÉDITO, POUPANÇA E INVESTIMENTO DOS INTEGRANTES DA MAGISTRATURA E DO MINISTÉRIO PÚBLICO NO ESTADO DO PARANÁ - SICREDI CREDJURIS;4886317;;;;b3S;2;9;CURITIBA;PR;03/2026;226.232;44.309;138.140;199.496;185.392;26.735;805;0;2
COOPERATIVA DE CREDITO CREDLIDER - SICOOB CREDLIDER;5463934;;;;b3S;2;9;VOTUPORANGA;SP;03/2026;219.766;44.213;12.869;174.085;158.179;45.681;1.057;0;3
COOPERATIVA DE CRÉDITO DE LIVRE ADMISSÃO DA REGIÃO DE SÃO SEBASTIÃO DO PARAÍSO LTDA. - SICOOB PARAÍSOCRED;1657678;;;;b3S;2;9;SAO SEBASTIAO DO PARAISO;MG;03/2026;217.817;113.152;4.484;188.478;180.964;29.339;1.825;0;6
COOPERATIVA DE CRÉDITO DE LIVRE ADMISSÃO DE CERES E RIALMA LTDA;9576849;;;;b3S;2;9;CERES;GO;03/2026;216.195;58.526;11.836;179.795;154.274;36.400;1.007;0;5
SICOOB CREDIMONTES - COOPERATIVA DE CRÉDITO DE LIVRE ADMISSÃO REGIONAL DE MONTES CLAROS LTDA;2031139;;;;b3S;2;9;MONTES CLAROS;MG;03/2026;216.102;63.837;3.464;178.980;169.963;37.122;954;0;5
COOPERATIVA DE CRÉDITO DE LIVRE ADMISSÃO DA REGIÃO DE GUAXUPÉ LTDA. - SICOOB ACICREDI;1699652;;;;b3S;2;9;GUAXUPE;MG;03/2026;214.087;104.534;3.714;174.985;169.620;39.102;837;0;4
SERVNET INSTITUIÇÃO DE PAGAMENTO LTDA.;29759316;SERVNET IP - PRUDENCIAL;;00086701;n4;2;41;UBERLANDIA;MG;03/2026;212.743;20.174;3.665;202.984;8.357;9.760;-992;1;0
COOPERATIVA DE CREDITO E ECONOMIA COM INTERAÇÃO SOLIDARIA - CRESOL LITORAL;5410056;;;;b3S;2;9;JAGUARUNA;SC;03/2026;209.991;147.902;5.047;190.816;134.283;19.176;-219;0;7
MERCEDES-BENZ LEASING DO BRASIL ARRENDAMENTO MERCANTIL S.A.;162760;MERCEDES-BENZ - PRUDENCIAL;00051262;00080563;n1;3;19;SAO BERNARDO DO CAMPO;SP;03/2026;209.777;10.529;148.933;51.122;0;158.655;3.039;2;0
BANCO DE LA PROVINCIA DE BUENOS AIRES;44189447;BCO LA PROVINCIA B AIRES BCE - PRUDENCIAL;;00081263;b1;3;28;SAO PAULO;SP;03/2026;209.574;57.650;51.775;61.813;58.629;147.761;1.377;2;0
VITREO DISTRIBUIDORA DE TÍTULOS E VALORES MOBILIÁRIOS S.A.;34711571;BTG PACTUAL - PRUDENCIAL;00049944;00080336;n2;2;16;RIO DE JANEIRO;RJ;03/2026;208.712;0;138.759;19.342;0;189.370;5.666;2;0
REAG IP S.A. - INSTITUIÇÃO DE PAGAMENTO;36272465;REAG IP - PRUDENCIAL;;00088840;n4;2;41;SAO PAULO;SP;03/2026;208.683;-11.013;113.501;8.282;0;200.401;-241.328;1;0
COOPERATIVA DE CRÉDITO DE LIVRE ADMISSÃO CREDIEMBRAPA LTDA - SICOOB.;2338666;;;;b3S;2;9;BRASILIA;DF;03/2026;207.559;114.173;34.196;144.323;137.715;63.236;-409;0;2
C&A PAY SOCIEDADE DE CRÉDITO DIRETO S.A.;49173791;C&A PAY SCD - PRUDENCIAL;;00086787;n1;3;43;BARUERI;SP;03/2026;206.144;0;170.816;51.089;0;155.055;4.308;2;0
WESTERN UNION CORRETORA DE CÂMBIO S.A.;13728156;WESTERN UNION - PRUDENCIAL;00051767;00080886;n2;3;21;SAO PAULO;SP;03/2026;204.583;0;8.148;52.601;0;151.981;1.207;2;0
BANRISUL S/A - CORRETORA DE VALORES MOBILIARIOS E CAMBIO;93026847;BANRISUL - PRUDENCIAL;00030173;00080154;n2;1;15;PORTO ALEGRE;RS;03/2026;201.993;0;48.645;30.560;2.838;171.432;10.407;2;0
MONTE BRAVO CORRETORA DE TÍTULOS E VALORES MOBILIÁRIOS S.A.;50489148;MONTE BRAVO CTVM - PRUDENCIAL;;00087281;n2;2;15;SAO PAULO;SP;03/2026;199.069;0;102.185;92.752;0;106.318;-7.542;2;8
COOPERATIVA DE CRÉDITO CREDICAPI LTDA - SICOOB CREDICAPI;804046;;;;b3S;2;9;CAPITOLIO;MG;03/2026;198.651;108.673;3.299;165.293;137.486;33.358;304;0;0
COOPERATIVA DE CRÉDITO, POUPANÇA E INVESTIMENTO DOS PROFESSORES, FUNCIONÁRIOS E ALUNOS DA UNIVERSIDADE DE CAXIAS DO SUL - SICREDI EDUCAÇÃO RS;4525997;;;;b3S;2;9;CAXIAS DO SUL;RS;03/2026;198.517;111.871;59.890;173.143;153.678;25.374;137;0;1
AGÊNCIA DE FOMENTO E DESENVOLVIMENTO DO ESTADO DO PIAUÍ S.A.;11836226;PIAUÍ FOMENTO - PRUDENCIAL;;00081160;n1;1;30;TERESINA;PI;03/2026;197.840;126.310;46.071;88.917;81.860;108.923;869;1;0
COOPERATIVA DE CRÉDITO LIVRE ADMISSÃO SICOOB OURICRED;2179673;;;;b3S;2;9;OURINHOS;SP;03/2026;197.779;85.582;106.275;166.436;163.384;31.344;1.262;0;4
COOPERATIVA DE CRÉDITO SICOOB UNI SUL MS;37554441;;;;b3S;2;9;DOURADOS;MS;03/2026;197.512;82.840;2.339;152.809;139.075;44.703;2.813;0;5
VOX INSTITUICAO DE PAGAMENTO S.A.;7314204;VOX IP - PRUDENCIAL;;00088761;n4;2;41;ITAQUAQUECETUBA;SP;03/2026;197.456;94.935;2.095;183.809;41.344;13.647;2.388;1;0
SINOSSERRA FINANCEIRA S/A - SOCIEDADE DE CRÉDITO, FINANCIAMENTO E INVESTIMENTO;22639377;SINOSSERRA FINANCEIRA S/A - PRUDENCIAL;;00084552;n1;2;14;NOVO HAMBURGO;RS;03/2026;192.611;165.540;18.676;167.445;154.295;25.166;630;2;0
TRANSFEERA INSTITUIÇÃO DE PAGAMENTO S.A;27084098;TRANSFEERA IP - PRUDENCIAL;;00087353;n4;3;41;CURITIBA;PR;03/2026;190.439;0;0;175.593;165.684;14.846;2.016;1;0
BANCO ITAUBANK S.A.;60394079;ITAU - PRUDENCIAL;00010069;00080099;b1;2;8;SAO PAULO;SP;03/2026;188.269;0;1.198;13.152;0;175.117;3.086;2;0
BANCO UBS (BRASIL) S.A.;32062580;UBS (BRASIL) - PRUDENCIAL;00030771;00080219;b1;3;8;SAO PAULO;SP;03/2026;187.057;181.046;0;27.194;23.688;159.864;3.719;2;0
POMELO INSTITUICAO DE PAGAMENTO LTDA.;44128548;POMELO IP - PRUDENCIAL;;00086938;n4;3;41;SAO PAULO;SP;03/2026;186.920;46.960;109.491;168.329;0;18.592;-2.806;1;0
COOPERATIVA DE ECONOMIA E CRÉDITO MÚTUO DOS FUNCIONÁRIOS DO ATACADÃO;52046299;;;;b3S;2;9;SAO PAULO;SP;03/2026;184.488;78.536;95.903;16.741;0;167.747;7.432;0;0
CALCRED S.A. - CRÉDITO, FINANCIAMENTO E INVESTIMENTO;37122487;CALCARD IP - PRUDENCIAL;;00088170;n1;2;14;PALHOCA;SC;03/2026;182.997;68.320;21.677;144.882;132.584;38.114;207;2;0
COOPERATIVA DE CRÉDITO DE LIVRE ADMISSÃO SICOOB UNIÃO SUDESTE;7946216;;;;b3S;2;9;SANTO ANDRE;SP;03/2026;181.560;64.894;99.514;165.872;161.523;15.688;1.168;0;8
UY3 SOCIEDADE DE CRÉDITO DIRETO S/A;39587424;UY3 SCD - PRUDENCIAL;;00085472;n1;2;43;PORTO ALEGRE;RS;03/2026;180.140;26.121;1.161;142.860;124.022;37.280;13.190;2;0
COOPERATIVA DE CRÉDITO DE LIVRE ADMISSÃO DE ASSOCIADOS - SICOOB CRUZ ALTA;73326449;;;;b3S;2;9;CRUZ ALTA;RS;03/2026;174.667;112.370;16.265;165.219;159.958;9.448;-2.344;0;6
COOPERATIVA DE CRÉDITO DE LIVRE ADMISSÃO DE ASSOCIADOS DE DORES DO INDAIÁ LTDA - SICOOB COOPCREDI;2254376;;;;b3S;2;9;DORES DO INDAIA;MG;03/2026;173.543;49.010;3.143;147.540;145.136;26.003;1.067;0;1
RENDIMENTOPAY INSTITUIÇÃO DE PAGAMENTO S.A.;13776742;RENDIMENTO - PRUDENCIAL;;00080659;n4;2;41;SAO PAULO;SP;03/2026;173.138;18.209;83.262;157.014;65.578;16.124;989;1;0
PLANTAE S.A. - CRÉDITO, FINANCIAMENTO E INVESTIMENTO;35551187;PLANTAE CFI - PRUDENCIAL;;00085630;n1;2;14;PRESIDENTE PRUDENTE;SP;03/2026;172.740;159.935;7.135;147.999;146.448;24.740;-1.042;2;0
TULLETT PREBON BRASIL CORRETORA DE VALORES E CÂMBIO LTDA;61747085;TULLETT PREBON BRASIL S.A. CTVM - PRUDENCIAL;00052027;00082619;n2;3;15;SAO PAULO;SP;03/2026;171.259;0;100.273;71.872;347;99.387;3.126;4;0
CREDISIS CREDIBRÁS COOPERATIVA DE CRÉDITO E INVESTIMENTO DE LIVRE ADMISSÃO DO OESTE DE RONDÔNIA;5597773;;;;b3S;2;9;NOVA BRASILANDIA;RO;03/2026;170.851;123.727;8.091;130.822;113.885;40.029;1.309;0;3
COOPERATIVA DE ECONOMIA E CRÉDITO MÚTUO DOS MILITARES ESTADUAIS DE SANTA CATARINA - CREDPOM;4572960;;;;b3S;2;9;FLORIANOPOLIS;SC;03/2026;169.815;87.489;1.903;154.239;151.723;15.577;381;0;6
COOPERATIVA DE CRÉDITO SICOOB IPÊ - SICOOB IPÊ;24610065;;;;b3S;2;9;CAMPO GRANDE;MS;03/2026;169.331;123.986;2.991;145.617;141.203;23.714;1.069;0;3
COOPERATIVA DE CRÉDITO DE LIVRE ADMISSÃO DO OESTE MARANHENSE - SICOOB OESTE MARANHENSE;9424988;;;;b3S;2;9;ACAILANDIA;MA;03/2026;168.904;119.654;13.232;132.639;122.868;36.265;1.011;0;10
COOPERATIVA DE ECONOMIA E CRÉDITO MÚTUO SICOOB METALCRED;4833655;;;;b3S;2;9;SAO PAULO;SP;03/2026;168.164;103.984;47.066;133.293;127.863;34.871;-4.030;0;6
COOPERATIVA DE CRÉDITO DE RIO RUFINO - SICOOB CREDIUNIÃO;2448839;;;;b3S;2;9;RIO RUFINO;SC;03/2026;168.129;116.782;5.430;141.962;107.457;26.167;1.325;0;3
GPATIVA - COOPERATIVA DE ECONOMIA E CRÉDITO MÚTUO DOS EMPREGADOS DO GRUPO PÃO DE AÇÚCAR;46277273;;;;b3S;2;9;SAO PAULO;SP;03/2026;167.802;44.965;12;64.951;0;102.851;3.025;0;0
COOPERATIVA DE CRÉDITO CREDIMAC LTDA - SICOOB CREDIMAC;64480833;;;;b3S;2;9;MARTINHO CAMPOS;MG;03/2026;166.683;62.825;4.115;136.320;123.039;30.363;517;0;1
COOPERATIVA DE CRÉDITO RURAL DOS FORNECEDORES DE CANA DA REGIÃO DE CATANDUVA-COFOCRED;49654502;;;;b3S;2;9;CATANDUVA;SP;03/2026;163.680;66.039;93.945;13.757;0;149.922;4.677;0;0
COOPER CARD INSTITUIÇÃO DE PAGAMENTO LTDA.;5938780;COOPER CARD IP - PRUDENCIAL;;00086134;n4;2;41;BARUERI;SP;03/2026;162.360;115.182;6.225;134.501;780;27.858;-1.001;1;0
COOPERATIVA DE ECONOMIA E CRÉDITO MÚTUO DOS TRABALHADORES DO GRUPO SÃO MARTINHO   USICRED;2562412;;;;b3S;2;9;PRADOPOLIS;SP;03/2026;160.848;123.467;32.816;6.666;2.245;154.183;5.804;0;0
COOPERATIVA DE CRÉDITO DE LIVRE ADMISSÃO DO ESTADO DO PARÁ - SICOOB COOESA;83836114;;;;b3S;2;9;BELEM;PA;03/2026;159.361;99.472;4.221;135.865;130.625;23.495;67;0;4
321 SOCIEDADE DE CRÉDITO DIRETO S.A.;54647259;FACTA S.A. CFI - PRUDENCIAL;00083704;00083704;n1;2;43;PORTO ALEGRE;RS;03/2026;159.279;108.003;23.671;64.474;0;94.805;35.304;2;0
COOPERATIVA DE ECONOMIA E CRÉDITO MÚTUO E BENEFÍCIOS SOCIAIS BECOOPER;45691128;;;;b3S;2;9;SAO JOSE DOS CAMPOS;SP;03/2026;157.764;88.839;54.916;14.221;0;143.543;3.300;0;0
BANCO STONEX S.A.;28811341;STONEX DTVM - PRUDENCIAL;00052041;00084088;b1;3;2;SAO PAULO;SP;03/2026;157.492;0;18.978;52.515;0;104.976;5.248;2;0
FINSOL SOCIEDADE DE CRÉDITO AO MICROEMPREENDEDOR E À EMPRESA DE PEQUENO PORTE S.A.;18810553;OMNI - PRUDENCIAL;00050940;00080460;n1;2;10;SAO PAULO;SP;03/2026;156.138;128.828;15.291;130.532;124.885;25.606;-486;2;0
COOPERATIVA DE CRÉDITO DE LIVRE ADMISSÃO DE VITÓRIA DA CONQUISTA - UNICRED SUDOESTE DA BAHIA;2833202;;;;b3S;2;9;VITORIA DA CONQUISTA;BA;03/2026;154.580;114.070;4.765;133.426;99.087;21.154;188;0;3
COOPERATIVA DE CREDITO E ECONOMIA COM INTERAÇÃO SOLIDÁRIA - CRESOL JACINTO MACHADO;9463721;;;;b3S;2;9;JACINTO MACHADO;SC;03/2026;153.279;96.868;4.523;134.827;83.660;18.452;853;0;4
COOPERATIVA DE CRÉDITO NO PIAUÍ - SICOOB PIAUÍ;5477038;;;;b3S;2;9;TERESINA;PI;03/2026;153.024;79.393;10.790;129.752;122.235;23.272;-1.062;0;6
PICPAY INVEST DISTRIBUIDORA DE TÍTULOS E VALORES MOBILIÁRIOS LTDA;7138049;PICPAY - PRUDENCIAL;00052632;00088022;n2;2;16;SAO PAULO;SP;03/2026;152.254;0;9.370;73.578;50.530;78.676;-2.521;2;0
DELCRED SOCIEDADE DE CRÉDITO DIRETO S.A.;38224857;DELCRED SCD - PRUDENCIAL;;00085393;n1;2;43;ARACAJU;SE;03/2026;150.982;11.026;0;122.178;55.593;28.804;-2.927;2;0
COOPERATIVA DE CRÉDITO DE LIVRE ADMISSÃO DO CIRCUITO DAS ÁGUAS - SICOOB CIRCUITO DAS ÁGUAS;3941182;;;;b3S;2;9;AGUAS DE LINDOIA;SP;03/2026;150.101;75.874;21.633;134.331;118.858;15.770;-64;0;5
COOPERATIVA DE CRÉDITO MÚTUO DO CEARÁ - SICOOB CEARÁ;3620772;;;;b3S;2;9;FORTALEZA;CE;03/2026;149.910;116.682;8.975;127.582;121.843;22.329;602;0;3
COOPERATIVA DE ECONOMIA E CRÉDITO MÚTUO DE LIVRE ADMISSÃO DOS SERVIDORES DA UNIVERSIDADE FEDERAL DE VIÇOSA LTDA. - SICOOB UFVCREDI;2794761;;;;b3S;2;9;VICOSA;MG;03/2026;149.448;51.347;4.550;108.975;106.650;40.473;1.301;0;2
COOPERATIVA DE CRÉDITO SICOOB CREDCOOP LTDA.;2528151;;;;b3S;2;9;VITORIA DA CONQUISTA;BA;03/2026;148.370;104.259;12.230;113.049;108.135;35.321;357;0;5
COOPERATIVA DE CRÉDITO, POUPANÇA E INVESTIMENTO DOS MILITARES ESTADUAIS E SERVIDORES DA SEGURANÇA DO ESTADO DO RIO GRANDE DO SUL - SICREDI TRADIÇÃO RS;3212823;;;;b3S;2;9;PORTO ALEGRE;RS;03/2026;147.122;72.198;49.300;126.028;110.945;21.094;522;0;2
BECKER FINANCEIRA S.A. - CRÉDITO, FINANCIAMENTO E INVESTIMENTO;20443996;BECKER FINANCEIRA S.A. - CFI - PRUDENCIAL;;00084507;n1;2;14;CERRO LARGO;RS;03/2026;146.907;122.661;2.788;106.930;17.880;39.977;9.575;2;0
CAPITAL CONSIG SOCIEDADE DE CRÉDITO DIRETO S.A.;40083667;CAPITAL CONSIG SCD - PRUDENCIAL;;00085599;n1;2;43;SAO PAULO;SP;03/2026;145.747;22.298;0;68.988;0;76.758;51.186;2;0
HAITONG SECURITIES DO BRASIL CORRETORA DE CÂMBIO E VALORES MOBILIÁRIOS S.A.;33894445;HAITONG - PRUDENCIAL;00051482;00080666;n2;3;15;SAO PAULO;SP;03/2026;144.848;0;44.994;33.293;0;111.555;1.688;2;0
COOPERATIVA DE CREDITO E ECONOMIA COM INTERAÇÃO SOLIDÁRIA - CRESOL TREZE DE MAIO;9330158;;;;b3S;2;9;TREZE DE MAIO;SC;03/2026;144.447;84.553;3.779;130.068;96.818;14.379;7;0;3
COOPERATIVA DE CRÉDITO MÚTUO DOS CORRETORES DE SEGUROS DO ESTADO DE SÃO PAULO - SICOOB CREDICOR/SP;8030602;;;;b3S;2;9;SAO PAULO;SP;03/2026;144.321;4.668;137.811;125.680;124.443;18.642;1.031;0;0
ASTRO INSTITUICAO DE PAGAMENTO LTDA.;34006497;ASTRO IP - PRUDENCIAL;;00088156;n4;3;41;SAO PAULO;SP;03/2026;142.522;0;109.646;133.657;104.124;8.865;965;1;0
BIZ INSTITUIÇÃO DE PAGAMENTO S.A.;12481100;OMNI - PRUDENCIAL;;00080460;n4;2;41;SAO PAULO;SP;03/2026;142.348;2.545;0;134.784;96.721;7.565;163;1;0
COOPERATIVA DE CRÉDITO DOS EMPREGADOS DO GRUPO VALLOUREC NO BRASIL - COOVALL LTDA.;64293582;;;;b3S;2;9;BELO HORIZONTE;MG;03/2026;142.266;104.980;32.554;7.173;0;135.093;5.528;0;1
COOPERATIVA DE CRÉDITO E INVESTIMENTOS DE RONDÔNIA - SICOOB CREDJURD;4751713;;;;b3S;2;9;PORTO VELHO;RO;03/2026;141.832;78.270;8.833;101.258;98.535;40.573;106;0;4
FIDÚCIA SOCIEDADE DE CRÉDITO AO MICROEMPREENDEDOR E À EMPRESA DE PEQUENO PORTE LIMITADA.;4307598;FIDUCIA SCMEPP LTDA - PRUDENCIAL;;00083010;n1;2;10;SOROCABA;SP;03/2026;141.623;1.547;67;125.170;56.426;16.453;3.088;2;0
COOPERATIVA DE CRÉDITO, POUPANÇA E SERVIÇOS FINANCEIROS DE AGRICULTORES E AEROPORTUÁRIOS DO BRASIL - CREHNOR;1330387;;;;b3S;2;9;LARANJEIRAS DO SUL;PR;03/2026;140.240;28.485;1.455;126.226;123.815;14.014;2.183;0;3
GREENCRED - COOPERATIVA DE CREDITO;2347114;;;;b3S;2;9;CURITIBA;PR;03/2026;139.835;43.783;62.756;110.396;107.291;29.439;697;0;4
COOPERFEMSA - COOPERATIVA DE CRÉDITO;43488782;;;;b3S;2;9;SAO PAULO;SP;03/2026;139.079;99.332;32.578;11.767;0;127.312;4.988;0;0
COOPERATIVA DE CRÉDITO UNIPRIME CREDICANA;44373041;;;;b3S;2;9;ASSIS;SP;03/2026;138.978;42.129;3.342;115.158;113.030;23.820;920;0;1
COOPERATIVA DE CRÉDITO MÚTUO DOS DESPACHANTES DE TRÂNSITO DE SANTA CATARINA E RIO GRANDE DO SUL - SICOOB CREDITRAN;4715685;;;;b3S;2;9;FLORIANOPOLIS;SC;03/2026;138.481;42.176;4.171;99.190;64.007;39.291;1.896;0;2
PAY4FUN INSTITUICAO DE PAGAMENTO S.A.;20757199;PAY4FUN IP S.A. - PRUDENCIAL;;00086299;n4;2;41;SAO PAULO;SP;03/2026;138.195;0;38.807;98.843;88.951;39.352;-1.032;1;0
TIVIO CAPITAL DISTRIBUIDORA DE TÍTULOS E VALORES MOBILIÁRIOS S.A.;3384738;BRADESCO - PRUDENCIAL;00010045;00080075;n2;2;16;OSASCO;SP;03/2026;137.231;0;48.004;109.734;53.511;27.496;-21.251;2;0
GOOGLE PAY BRASIL INSTITUICAO DE PAGAMENTO LTDA.;43394419;GOOGLE PAY BRASIL IP - PRUDENCIAL;;00086684;n4;3;41;SAO PAULO;SP;03/2026;134.846;0;126.417;7.436;0;127.410;1.762;1;0
BELLUNO INSTITUICAO DE PAGAMENTO LTDA;25238191;BELLUNO IP - PRUDENCIAL;;00086983;n4;2;41;JARAGUA DO SUL;SC;03/2026;134.361;0;3.031;128.015;9.809;6.346;19;1;0
COOPERATIVA DE CRÉDITO CREDINOSSO LTDA - SICOOB CREDINOSSO;6324872;;;;b3S;2;9;MONTES CLAROS;MG;03/2026;133.915;57.117;2.509;117.385;114.200;16.530;578;0;3
EAGLE INSTITUICAO DE PAGAMENTO LTDA.;11414839;EAGLE SCD - PRUDENCIAL;;00086172;n4;2;41;PORTO ALEGRE;RS;03/2026;133.061;0;118.681;7.912;0;125.149;4.243;1;0
MERCADO BITCOIN INSTITUICAO DE PAGAMENTO LTDA;11351086;MERCADO BITCOIN - PRUDENCIAL;;00087061;n4;2;41;BELO HORIZONTE;MG;03/2026;132.462;0;2.899;118.376;105.639;14.085;-5.111;1;0
COOPERATIVA DE CRÉDITO MÚTUO DOS PROFISSIONAIS DA SAÚDE E LIVRE ADMISSÃO DE TEÓFILO OTONI LTDA. - UNICRED TRÊS VALES;1709266;;;;b3S;2;9;TEOFILO OTONI;MG;03/2026;131.841;70.420;3.750;115.083;101.015;16.758;560;0;0
FAIR CORRETORA DE CAMBIO S.A.;32648370;FAIR CC S.A. - PRUDENCIAL;;00081919;n2;2;21;SAO PAULO;SP;03/2026;130.445;0;31.258;89.000;0;41.445;-636;3;0
SWILE INSTITUICAO DE PAGAMENTO LTDA;37374538;SWILE IP - PRUDENCIAL;;00088163;n4;3;41;SAO PAULO;SP;03/2026;129.663;0;66.090;126.773;44.947;2.890;-707;1;0
COOPERATIVA DE ECONOMIA E CRÉDITO MÚTUO DOS SERVIDORES DA JUSTIÇA DO ESTADO DE MINAS GERAIS LTDA. - SICOOB CREDJUS;4894460;;;;b3S;2;9;BELO HORIZONTE;MG;03/2026;129.060;52.405;3.778;71.962;65.419;57.098;1.502;0;2
NVIO BRASIL BITSO INSTITUIÇÃO DE PAGAMENTO LTDA;35136120;NVIO BRASIL BITSO IP - PRUDENCIAL;;00086945;n4;3;41;SAO PAULO;SP;03/2026;128.666;0;5.978;75.390;51.828;53.276;1.857;1;0
MICROINVEST S.A. SOCIEDADE DE CRÉDITO A MICROEMPREENDEDOR;5076239;ITAU - PRUDENCIAL;00010069;00080099;n1;2;10;SAO PAULO;SP;03/2026;127.998;0;0;2.091;0;125.908;2.655;2;0
COOPERATIVA DE CRÉDITO E ECONOMIA COM INTERAÇÃO SOLIDÁRIA - CRESOL COOPERACRED;9488496;;;;b3S;2;9;SAO JOAO DO SUL;SC;03/2026;127.680;90.372;3.346;111.403;73.641;16.278;767;0;4
COOPERATIVA DE CRÉDITO, POUPANÇA E INVESTIMENTO DOS ESCRIVÃES, NOTÁRIOS E REGISTRADORES NO ESTADO DO PARANÁ - SICREDI CREDENOREG PR;6078926;;;;b3S;2;9;CURITIBA;PR;03/2026;127.271;31.903;79.202;98.956;87.612;28.315;2.981;0;1
COOPERATIVA DE CRÉDITO RURAL E ECONOMIA COM INTERAÇÃO SOLIDÁRIA DE ÁUREA - CRESOL ÁUREA;2904138;;;;b3S;2;9;AUREA;RS;03/2026;126.745;93.499;3.726;111.390;61.325;15.355;-960;0;4
COOPERATIVA DE CRÉDITO DE LIVRE ADMISSÃO - SICOOB COPESITA;19875244;;;;b3S;2;9;TIMOTEO;MG;03/2026;126.270;53.289;6.778;93.048;88.189;33.223;-1.275;0;4
PINBANK BRASIL INSTITUIÇÃO DE PAGAMENTO S.A.;17079937;PINBANK BRASIL IP - PRUDENCIAL;;00086361;n4;3;41;SAO PAULO;SP;03/2026;125.885;0;5.155;116.954;85.505;8.930;-5.900;1;0
FLAGSHIP INSTITUICAO DE PAGAMENTO LTDA;23114447;FLAGSHIP IP - PRUDENCIAL;;00086282;n4;2;41;SAO PAULO;SP;03/2026;124.119;0;342;107.728;102.720;16.391;358;1;0
COOPERATIVA DE CRÉDITO MÚTUO DOS EMPREGADOS DA MAXION - CREDMAXION;58290800;;;;b3S;2;9;CRUZEIRO;SP;03/2026;123.690;86.697;32.008;3.214;0;120.476;4.178;0;1
COOPERATIVA DE ECONOMIA E CRÉDITO DE LIVRE ADMISSÃO DOS EMPREGADOS DOS CORREIOS LTDA. - SICOOB COOPERCORREIOS;3862898;;;;b3S;2;9;BELO HORIZONTE;MG;03/2026;123.057;59.122;4.851;83.068;80.061;39.989;1.283;0;2
COOPERATIVA DE ECONOMIA E CRÉDITO MÚTUO DOS MAGISTRADOS DE SÃO PAULO - MAGISCRED;51489318;;;;b3S;2;9;SAO PAULO;SP;03/2026;122.296;17.665;101.736;102.130;100.589;20.167;253;0;0
SOLVER INSTITUICAO DE PAGAMENTO LTDA;47377613;SOLVER IP - PRUDENCIAL;;00088596;n4;2;41;BARUERI;SP;03/2026;121.694;0;1.013;105.452;1.250;16.242;-129;1;0
NSTECH IP INSTITUICAO DE PAGAMENTO S.A.;1648418;NSTECH IP - PRUDENCIAL;;00088785;n4;2;41;BARUERI;SP;03/2026;118.104;0;56.136;96.294;25.278;21.810;3.193;1;0
ACCREDITO - SOCIEDADE DE CRÉDITO DIRETO S.A.;37715993;ACCREDITO SCD - PRUDENCIAL;;00085331;n1;2;43;SAO PAULO;SP;03/2026;117.863;2.803;65.209;45.435;44.195;72.428;367;2;0
INOVANTI INSTITUIÇÃO DE PAGAMENTO S.A.;37511258;INOVANTI IP - PRUDENCIAL;;00087456;n4;2;41;SAO PAULO;SP;03/2026;117.440;0;97.444;104.974;96.747;12.466;53;1;0
COOPERATIVA DE CRÉDITO DE SÃO FRANCISCO DE SALES LTDA. - SICOOB CREDISALES;1374196;;;;b3S;2;9;SAO FRANCISCO DE SALES;MG;03/2026;117.070;90.331;3.924;88.966;62.283;28.103;1.056;0;0
COOPERATIVA DE CRÉDITO MÚTUO DE LIVRE ADMISSÃO DA REGIÃO ADMINISTRATIVA DE SOROCABA - SICOOB COOPERASO;10175348;;;;b3S;2;9;SOROCABA;SP;03/2026;116.147;45.165;62.400;98.412;95.193;17.735;228;0;4
CM CAPITAL MARKETS CORRETORA DE CÂMBIO, TÍTULOS E VALORES MOBILIÁRIOS LTDA;2685483;CM CAPITAL MARKETS - PRUDENCIAL;;00080549;n2;3;15;SAO PAULO;SP;03/2026;115.607;0;75.236;75.034;45.419;40.573;-473;2;0
COOPERATIVA DE CRÉDITO, POUPANÇA E INVESTIMENTO DO SISTEMA DE JUSTIÇA NO ESTADO DO CEARÁ - SICREDI COOPERJURIS;8041950;;;;b3S;2;9;FORTALEZA;CE;03/2026;115.440;58.414;19.614;103.934;96.105;11.506;-6;0;2
NOVA FUTURA CORRETORA DE TÍTULOS E VALORES MOBILIÁRIOS LTDA.;4257795;NOVA FUTURA CTVM LTDA - PRUDENCIAL;;00083759;n2;2;15;SAO PAULO;SP;03/2026;114.478;0;63.149;81.180;53.031;33.298;229;2;0
NG CASH INSTITUIÇÃO DE PAGAMENTO LTDA.;40710595;NG CASH IP - PRUDENCIAL;;00088448;n4;3;41;SAO PAULO;SP;03/2026;114.267;0;104.276;41.467;16.829;72.800;-1.777;1;0
COOPERATIVA DE ECONOMIA E CRÉDITO MÚTUO DOS SERVIDORES PÚBLICOS - SICOOB COOPERPLAN CREDSEF;3603683;;;;b3S;2;9;BRASILIA;DF;03/2026;114.076;79.846;14.977;80.558;75.773;33.518;1.289;0;1
CREDISIS OESTE - COOPERATIVA DE CRÉDITO E INVESTIMENTO DO OESTE;4985665;;;;b3S;2;9;ESPIGAO D'OESTE;RO;03/2026;113.230;55.872;5.481;87.483;66.971;25.747;1.084;0;0
CONFIDENCE SOCIEDADE CORRETORA DE CAMBIO S.A.;4913129;BANCO TRAVELEX - PRUDENCIAL;00051671;00080783;n2;3;21;SAO PAULO;SP;03/2026;113.214;0;1.178;30.393;0;82.821;549;18;0
SITA SOCIEDADE CORRETORA DE CAMBIO E VALORES MOBILIARIOS S.A;17315359;SITA SCCVM S.A. - PRUDENCIAL;;00082743;n2;2;15;BELO HORIZONTE;MG;03/2026;112.701;0;85.198;55.410;0;57.291;1.854;2;0
RENDIMENTO DISTRIBUIDORA DE TÍTULOS E VALORES MOBILIÁRIOS S/A;17354911;RENDIMENTO - PRUDENCIAL;00051468;00080659;n2;2;16;SAO PAULO;SP;03/2026;112.536;0;0;89.165;3.460;23.370;-864;5;0
CREDITAS SOCIEDADE DE CRÉDITO DIRETO S.A.;32997490;ANDBANK - PRUDENCIAL;00051949;00081256;n1;3;43;SAO PAULO;SP;03/2026;109.640;18.719;4.825;85.695;0;23.945;-3.674;2;0
COOPERATIVA DE CRÉDITO, POUPANÇA E INVESTIMENTO DOS PROFISSIONAIS MÉDICOS E DA SAÚDE DE CURITIBA E REGIÃO METROPOLITANA - SICREDI MEDICRED PR;2924977;;;;b3S;2;9;CURITIBA;PR;03/2026;109.199;41.796;49.144;95.401;81.684;13.798;290;0;2
PAGCERTO INSTITUICAO DE PAGAMENTO LTDA.;17819084;PAGCERTO IP - PRUDENCIAL;;00087724;n4;3;41;SAO PAULO;SP;03/2026;109.097;0;71.826;88.068;86.192;21.029;1.034;1;0
CREDITÁ S/A CRÉDITO, FINANCIAMENTO E INVESTIMENTO;12599971;CREDITÁ S.A. CFI - PRUDENCIAL;;00083687;n1;2;14;PORTO ALEGRE;RS;03/2026;107.875;76.744;19.877;50.559;49.300;57.316;619;2;0
PLANNER SOCIEDADE DE CRÉDITO DIRETO S.A.;5684234;PLANNER - PRUDENCIAL;00051341;00080587;n1;2;43;SAO PAULO;SP;03/2026;107.366;0;98.800;97.516;18.648;9.850;2.554;2;0
COOPERATIVA DE ECONOMIA E CRÉDITO MÚTUO - COOPERSERV;5667301;;;;b3S;2;9;LENCOIS PAULISTA;SP;03/2026;107.092;48.485;52.078;85.044;81.401;22.048;-525;0;3
CENTROCRED S.A. CRÉDITO, FINANCIAMENTO E INVESTIMENTOS;26225776;CENTROCRED CFI - PRUDENCIAL;;00084727;n1;2;14;SANTA CRUZ DO SUL;RS;03/2026;106.221;90.179;7.848;65.323;60.754;40.898;2.541;2;0
SOMAPAY SOCIEDADE DE CRÉDITO DIRETO S.A.;44705774;SOMAPAY SCD - PRUDENCIAL;;00086017;n1;2;43;FORTALEZA;CE;03/2026;106.034;14.375;53.876;97.756;75.880;8.278;-2.131;2;0
BANCO ITAÚ VEÍCULOS S.A.;61190658;ITAU - PRUDENCIAL;00010069;00080099;b2;2;8;SAO PAULO;SP;03/2026;105.577;0;577;943;0;104.634;880;2;0
ID CORRETORA DE TÍTULOS E VALORES MOBILIÁRIOS S.A.;16695922;ID CTVM - PRUDENCIAL;;00085582;n2;2;15;SAO PAULO;SP;03/2026;105.462;0;10.715;93.438;80.625;12.024;3.047;2;0
COOPERATIVA DE CRÉDITO COGEM;44401800;;;;b3S;2;9;SAO BERNARDO DO CAMPO;SP;03/2026;105.391;76.031;23.540;14.783;6.023;90.607;3.447;0;8
AGI FINANCEIRA S.A. - SOCIEDADE DE CRÉDITO, FINANCIAMENTO E INVESTIMENTO;13660104;AGIBANK - PRUDENCIAL;00051956;00083694;n1;3;14;CAMPINAS;SP;03/2026;105.188;0;10.716;58.869;0;46.318;2.755;2;0
COOPERATIVA DE CRÉDITO DE LIVRE ADMISSÃO CENTRO NORDESTE - SICOOB CENTRO NORDESTE;3102185;;;;b3S;2;9;JOAO PESSOA;PB;03/2026;104.870;58.507;6.744;81.683;77.932;23.187;569;0;3
JBCRED S.A. SOCIEDADE DE CREDITO, FINANCIAMENTO E INVESTIMENTO;4230630;JBCRED S.A. SCFI - PRUDENCIAL;;00083137;n1;2;14;SAO PAULO;SP;03/2026;104.779;48.206;51.921;23.671;0;81.109;1.323;2;0
COOPERATIVA DE CRÉDITO DE LIVRE ADMISSÃO SUL MARANHENSE - SICOOB SUL MARANHENSE;26526166;;;;b3S;2;9;BALSAS;MA;03/2026;104.056;70.137;8.715;79.577;74.610;24.478;-270;0;0
AGENCIA DE FOMENTO DO RIO GRANDE DO NORTE S.A.;3848103;AGENCIA DE FOMENTO DO RN S.A. - PRUDENCIAL;;00081043;n1;1;30;NATAL;RN;03/2026;104.020;61.096;37.741;33.061;12.568;70.959;867;2;0
PROTEGE CASH INSTITUIÇÃO DE PAGAMENTO S.A.;40276692;PROTEGE CASH IP PRUDENCIAL;;00086969;n4;2;41;SAO PAULO;SP;03/2026;103.619;0;1.581;91.282;85.009;12.337;755;1;0
GETNET SOCIEDADE DE CREDITO DIRETO S.A.;42054886;SANTANDER - PRUDENCIAL;00030379;00080185;n1;3;43;SAO PAULO;SP;03/2026;103.497;45;93.165;6.841;0;96.656;1.712;2;0
COOPERATIVA DE ECONOMIA E CRÉDITO MÚTUO DOS FUNCIONÁRIOS DA  NESTLÉ - NESCRED;62562012;;;;b3S;2;9;SAO PAULO;SP;03/2026;101.505;45.839;51.818;2.821;0;98.684;2.121;0;1
PAGME INSTITUIÇÃO DE PAGAMENTO LTDA.;34471744;PAGME IP - PRUDENCIAL;;00087542;n4;2;41;ITAJAI;SC;03/2026;101.484;0;1.505;95.698;92.782;5.786;670;1;0
COOPERATIVA DE CRÉDITO DOS EMPRESÁRIOS DE MANAUS - SICOOB CREDEMPRESAS-AM;10808037;;;;b3S;2;9;MANAUS;AM;03/2026;101.369;54.522;4.385;89.664;88.136;11.704;-893;0;0
COOPERATIVA DE CRÉDITO MÚTUO - SICOOB CREDIACISC;7669921;;;;b3S;2;9;SAO CARLOS;SP;03/2026;101.261;27.362;68.082;88.706;86.885;12.556;-2.088;0;4
BANCO SANY BRASIL S.A.;60935819;BANCO SANY BRASIL - PRUDENCIAL;;00088510;b2;3;8;SAO PAULO;SP;03/2026;100.897;3.797;0;1.036;0;99.861;185;2;0
SICOOB CRED COPERCANA COOPERATIVA DE CRÉDITO;64739121;;;;b3S;2;9;SERTAOZINHO;SP;03/2026;100.565;46.725;52.313;59.499;56.244;41.065;1.318;0;1
COOPERATIVA DE CRÉDITO, POUPANÇA E INVESTIMENTO DOS POLICIAIS FEDERAIS DO RIO GRANDE DO SUL E SANTA CATARINA - SICREDI POL RS/SC;3000142;;;;b3S;2;9;PORTO ALEGRE;RS;03/2026;100.024;63.087;16.041;89.196;75.694;10.828;295;0;2
BANCO DE LA NACION ARGENTINA;33042151;BCO LA NACION ARGENTINA - PRUDENCIAL;;00081270;b1;3;28;SAO PAULO;SP;03/2026;97.517;32.677;5.502;64.434;32.103;33.083;46;2;0
GALAX PAY INSTITUIÇÃO DE PAGAMENTO S.A.;30765018;CELCOIN IP - PRUDENCIAL;;00085960;n4;3;41;BARUERI;SP;03/2026;96.402;0;58;71.645;115;24.757;2.422;1;0
CELCOIN SOCIEDADE DE CRÉDITO DIRETO S.A.;48632754;CELCOIN IP - PRUDENCIAL;;00085960;n1;3;43;BARUERI;SP;03/2026;95.898;23.763;53.022;30.184;0;65.714;2.404;2;0
COOPERATIVA DE CRÉDITO, POUPANÇA E INVESTIMENTO DAS CARREIRAS DO MINISTÉRIO PÚBLICO, TRIBUNAL DE CONTAS E SECRETARIA DA FAZENDA DO RIO GRANDE DO SUL - SICREDI MP RS;3662047;;;;b3S;2;9;PORTO ALEGRE;RS;03/2026;95.720;31.812;54.093;85.803;77.368;9.917;415;0;1
BK INSTITUIÇÃO DE PAGAMENTO S.A.;16814330;BK IP - PRUDENCIAL;;00088101;n4;2;41;BARUERI;SP;03/2026;95.014;0;7.579;66.582;993;28.432;5.190;1;0
COOPERATIVA DE CRÉDITO - SICREDI LENÇÓIS;5545390;;;;b3S;2;9;SAO LUIS;MA;03/2026;93.869;45.879;27.812;74.625;66.280;19.244;435;0;2
CREDISIS/CREDISUL COOPERATIVA DE CRÉDITO;7494300;;;;b3S;2;9;ERECHIM;RS;03/2026;93.495;45.351;1.674;82.055;77.037;11.440;147;0;1
SICOOB CREDIMED - COOPERATIVA DE CRÉDITO DE LIVRE ADMISSÃO DA CIDADE DE UBERABA LTDA.;71336432;;;;b3S;2;9;UBERABA;MG;03/2026;90.725;48.768;2.185;76.757;74.966;13.969;-204;0;0
COOPERATIVA DE ECONOMIA E CRÉDITO MÚTUO DOS EMPRESÁRIOS DE AMERICANA, LIMEIRA E REGIÃO - SICOOB ACICRED;9579249;;;;b3S;2;9;AMERICANA;SP;03/2026;89.961;40.517;28.171;79.990;76.736;9.971;-398;0;7
PAY2ALL INSTITUICAO DE PAGAMENTO LTDA;44815065;PAY2ALL IP - PRUDENCIAL;;00088479;n4;3;41;SAO PAULO;SP;03/2026;89.599;0;0;76.002;56.510;13.597;3.272;1;0
MAF DISTRIBUIDORA DE TÍTULOS E VALORES MOBILIÁRIOS S.A.;36864992;MAF-BRL TRUST - PRUDENCIAL;00052560;00084277;n2;2;16;SAO PAULO;SP;03/2026;89.395;0;18.630;14.792;10.782;74.603;4.677;3;0
COOPERATIVA DE CRÉDITO, POUPANÇA E INVESTIMENTO DA ADVOCACIA E SERVENTUÁRIOS DO PODER JUDICIÁRIO NO ESTADO DO RIO GRANDE DO SUL - SICREDI COOABCRED RS;19962468;;;;b3S;2;9;PORTO ALEGRE;RS;03/2026;89.269;29.722;48.574;78.558;69.409;10.710;421;0;1
GALAPAGOS CAPITAL DISTRIBUIDORA DE TÍTULOS E VALORES MOBILIÁRIOS S.A.;28650236;GALAPAGOS CAPITAL DTVM - PRUDENCIAL;;00087092;n2;2;16;SAO PAULO;SP;03/2026;87.798;0;2.725;60.485;54.227;27.312;387;2;0
KANASTRA FINANCEIRA S.A, CREDITO, FINANCIAMENTO E INVESTIMENTO;49288113;KANASTRA FINANCEIRA CFI - PRUDENCIAL;;00086770;n1;3;14;UBERLANDIA;MG;03/2026;87.709;46;75.133;8.294;5.940;79.415;1.047;2;0
COOPERATIVA DE CRÉDITO MÚTUO DOS SERVIDORES MUNICIPAIS DE SÃO JOÃO DA BOA VISTA - CREDIVISTA;74248949;;;;b3S;2;9;SAO JOAO DA BOA VISTA;SP;03/2026;87.370;66.604;8.826;61.051;58.935;26.319;399;0;1
MOVA SOCIEDADE DE EMPRÉSTIMO ENTRE PESSOAS S.A.;33959738;MOVA SEP - PRUDENCIAL;;00084961;n1;3;44;SAO PAULO;SP;03/2026;87.018;0;4.095;41.502;194;45.516;488;2;0
COOPERATIVA DE CRÉDITO MÚTUO DOS EMPREGADOS DO MAGAZINE LUIZA, EMPRESAS CONTROLADAS E COLIGADAS - COOPLUIZA;2093154;;;;b3S;2;9;FRANCA;SP;03/2026;86.715;28.914;57.470;10.844;0;75.871;3.368;0;0
COOPERATIVA DE CRÉDITO DOS CONTADORES, ADMINISTRADORES DE EMPRESAS, ECONOMISTAS E CORRETORES DE SEGUROS LTDA. - SICOOB CREDITABIL;2217068;;;;b3S;2;9;BELO HORIZONTE;MG;03/2026;84.798;5.716;1.767;71.431;70.093;13.368;465;0;0
COOPERÁGUIA - COOPERATIVA DE ECONOMIA E CRÉDITO MÚTUO DOS EMPREGADOS DO GRUPO ÁGUIA BRANCA;27171974;;;;b3S;2;9;CARIACICA;ES;03/2026;84.643;36.743;34.818;14.720;0;69.923;2.130;0;0
SICOOB CREDICONSUMO - COOPERATIVA DE CRÉDITO;47074323;;;;b3S;2;9;SANTO ANDRE;SP;03/2026;84.115;52.002;28.751;47.766;44.506;36.348;-228;0;6
LIONS TRUST DISTRIBUIDORA DE TÍTULOS E VALORES MOBILIÁRIOS LTDA.;40768766;LIONS TRUST DTVM PRUDENCIAL;;00085654;n2;2;16;SAO PAULO;SP;03/2026;82.969;0;1.029;79.938;77.013;3.031;564;2;0
DIREÇÃO S.A. - SOCIEDADE DE CRÉDITO, FINANCIAMENTO E INVESTIMENTO;58158387;DIRECAO S.A. SCFI - PRUDENCIAL;;00083625;n1;2;14;SANTOS;SP;03/2026;82.884;3.207;67.466;461;0;82.422;923;3;0
ARTTA SOCIEDADE DE CRÉDITO DIRETO S.A;42259084;ARTTA SCD PRUDENCIAL;;00085661;n1;2;43;CURITIBA;PR;03/2026;82.375;0;73.185;76.203;74.093;6.172;697;2;0
COOPERATIVA DE ECONOMIA E CRÉDITO MÚTUO DOS EMPREGADOS DO BANRISUL;92935741;;;;b3S;2;9;PORTO ALEGRE;RS;03/2026;82.302;71.700;10.003;40.037;35.076;42.266;239;0;0
BANCO INDUSCRED DE INVESTIMENTO S.A.;33588252;BCO INDUSCRED DE INVESTIM. S/A - PRUDENCIAL;;00081342;b2;2;13;SAO PAULO;SP;03/2026;81.835;11.793;62.800;2.367;1.893;79.468;274;2;0
CREFAZ SOCIEDADE DE CRÉDITO AO MICROEMPREENDEDOR E A EMPRESA DE PEQUENO PORTE S.A.;18188384;CREFAZ SCMEPP - PRUDENCIAL;;00083357;n1;2;10;MARINGA;PR;03/2026;81.233;10.113;30.271;22.601;0;58.632;5.822;2;0
AGÊNCIA DE FOMENTO DO ESTADO DO TOCANTINS S.A.;5474540;AG. FOMENTO ESTADO DO TOCANTINS - PRUDENCIAL;;00081122;n1;1;30;PALMAS;TO;03/2026;81.086;45.688;34.239;35.570;34.494;45.516;-544;1;0
COOPERATIVA DE ECONOMIA E CREDITO MUTUO DOS EMPREGADOS DAS EMPRESAS RANDON;89280960;;;;b3S;2;9;CAXIAS DO SUL;RS;03/2026;80.739;32.742;12.081;11.955;7.617;68.784;798;0;0
BANCO RNX S.A.;80271455;BANCO RNX S.A. - PRUDENCIAL;;00081775;b2;2;8;CURITIBA;PR;03/2026;79.467;55.063;3.221;58.870;54.943;20.597;-153;2;0
SIMPAUL CORRETORA DE CAMBIO E VALORES MOBILIARIOS  S.A.;68757681;SIMPAUL CCVM - PRUDENCIAL;;00082640;n2;3;15;PORTO ALEGRE;RS;03/2026;78.811;0;53.094;4.205;983;74.606;1.503;2;0
99PAY SOCIEDADE DE CRÉDITO DIRETO S.A.;59379565;99PAY IP - PRUDENCIAL;;00087793;n1;3;43;SAO PAULO;SP;03/2026;78.809;3.260;0;1.929;0;76.880;448;2;0
GRAZZIOTIN FINANCEIRA S/A - CRÉDITO, FINANCIAMENTO E INVESTIMENTOS;6339468;GRAZZIOTIN FINANCEIRA - PRUDENCIAL;;00083481;n1;2;14;PASSO FUNDO;RS;03/2026;77.974;69.545;0;49.120;41.961;28.854;2.921;2;0
HEMERA DISTRIBUIDORA DE TÍTULOS E VALORES MOBILIÁRIOS LTDA.;39669186;HEMERA DTVM - PRUDENCIAL;;00085685;n2;2;16;CURITIBA;PR;03/2026;77.359;0;6.866;61.189;56.025;16.170;4.373;2;0
CLARO PAY S.A. - INSTITUIÇÃO DE PAGAMENTO;34878543;CLARO PAY IP - PRUDENCIAL;;00088307;n4;3;41;SAO PAULO;SP;03/2026;77.232;0;25.757;45.261;7.305;31.971;-16.919;1;0
BRB - DISTRIBUIDORA DE TITULOS E VALORES MOBILIARIOS SA;33850686;BRB - PRUDENCIAL;00031976;00080288;n2;1;16;BRASILIA;DF;03/2026;76.981;0;45.125;9.431;64;67.549;1.785;2;0
PAGSMILE INSTITUIÇÃO DE PAGAMENTO LTDA.;37753531;PAGSMILE IP - PRUDENCIAL;;00088345;n4;3;41;SAO PAULO;SP;03/2026;76.894;0;61.234;61.908;54.958;14.986;1.973;1;0
COOPERATIVA DE ECONOMIA E CRÉDITO MÚTUO DOS SERVIDORES DA FUNDAÇÃO HOSPITALAR E EMPREGADOS DOS ESTABELECIMENTOS HOSPITALARES DE BELO HORIZONTE, REGIÃO METROPOLITANA E ZONA DA MATA LTDA.- SICOOB CECREF;19402130;;;;b3S;2;9;BELO HORIZONTE;MG;03/2026;76.342;36.014;16.118;44.198;36.089;32.144;-372;0;4
COOPERATIVA DE CRÉDITO CLÁSSICA DOS EMPREGADOS DA VALE S/A E ENTIDADES VINCULADAS LTDA. - SICOOB COOPVALE;33924028;;;;b3S;2;9;RIO DE JANEIRO;RJ;03/2026;75.824;30.776;3.969;67.822;63.185;8.002;945;0;6
COOPERATIVA DE CRÉDITO CREDIPIMENTA LTDA. - SICOOB CREDIPIMENTA;42934794;;;;b3S;2;9;PIMENTA;MG;03/2026;75.249;25.139;2.382;62.313;54.813;12.937;419;0;0
HINOVA PAY INSTITUICAO DE PAGAMENTO S.A.;27970567;HINOVA PAY IP - PRUDENCIAL;;00086220;n4;2;41;BELO HORIZONTE;MG;03/2026;74.554;0;8.012;56.612;54.662;17.942;1.656;1;0
SEFER INVESTIMENTOS DISTRIBUIDORA DE TÍTULOS E VALORES MOBILIÁRIOS LTDA;329598;SEFER INVESTIMENTOS DTVM - PRUDENCIAL;;00083924;n2;3;16;SAO PAULO;SP;03/2026;74.171;0;4;59.300;38.017;14.870;1.759;2;0
AGÊNCIA DE FOMENTO DO ESTADO DE PERNAMBUCO S.A.;13178690;AF ESTADO DE PERNAMBUCO S.A. - PRUDENCIAL;;00081177;n1;1;30;RECIFE;PE;03/2026;73.828;20.243;52.288;10.711;8.972;63.118;-667;1;0
BEC DISTRIBUIDORA DE TITULOS E VALORES MOBILIARIOS LTDA.;7299480;BRADESCO - PRUDENCIAL;00010045;00080075;n2;2;16;OSASCO;SP;03/2026;73.598;0;73.491;936;0;72.662;1.425;2;0
SUPERBID PAY INSTITUICAO DE PAGAMENTO LTDA;35084163;SUPERBID PAY IP - PRUDENCIAL;;00086749;n4;2;41;SAO PAULO;SP;03/2026;73.259;0;24.450;65.827;59.456;7.433;377;1;0
EAGLE SOCIEDADE DE CRÉDITO DIRETO S.A.;45745537;EAGLE SCD - PRUDENCIAL;;00086172;n1;2;43;PORTO ALEGRE;RS;03/2026;73.166;18.116;115;61.318;0;11.848;-4.947;2;0
COOPERATIVA DE CRÉDITO DE LIVRE ADMISSÃO DA REGIÃO SUL DO MARANHÃO - SICREDI SUL DO MARANHÃO;26191078;;;;b3S;2;9;IMPERATRIZ;MA;03/2026;72.815;13.154;38.647;63.233;57.255;9.582;-185;0;2
NUPAY FOR BUSINESS INSTITUICAO DE PAGAMENTO LTDA.;32219232;NU PAGAMENTOS - PRUDENCIAL;;00084693;n4;3;41;SAO PAULO;SP;03/2026;71.691;0;60.651;2.320;0;69.370;2.126;1;0
SOCIEDADE DE CRÉDITO, FINANCIAMENTO E INVESTIMENTO EFÍ S.A.;37229413;EFI S.A. IP - PRUDENCIAL;;00084978;n1;2;14;OURO PRETO;MG;03/2026;70.602;54.500;0;62.761;59.955;7.841;514;2;0
BMW LEASING DO BRASIL S.A. - ARRENDAMENTO MERCANTIL;60872983;BMW - PRUDENCIAL;00051420;00080635;n1;3;19;SAO PAULO;SP;03/2026;69.555;0;0;1.174;0;68.381;1.330;2;0
PINPAG INSTITUIÇÃO DE PAGAMENTO S.A.;17768068;PINPAG IP - PRUDENCIAL;;00088541;n4;2;41;SAO CAETANO DO SUL;SP;03/2026;69.485;0;16.225;49.154;7.775;20.332;2.289;1;0
LECCA CRÉDITO, FINANCIAMENTO E INVESTIMENTO S/A;7652226;LECCA - PRUDENCIAL;;00080680;n1;2;14;RIO DE JANEIRO;RJ;03/2026;69.175;42.001;4.646;53.540;39.258;15.635;-1.843;2;0
COOPERATIVA DE ECONOMIA E CRÉDITO MÚTUO DO GRUPO BASF;74244344;;;;b3S;2;9;SAO BERNARDO DO CAMPO;SP;03/2026;68.828;22.991;45.378;8.596;0;60.232;1.867;0;1
COOPERATIVA DE CREDITO SICOOB COOPEC LTDA.;32615247;;;;b3S;2;9;ITABUNA;BA;03/2026;68.601;39.547;9.534;34.342;30.441;34.258;557;0;1
FACILITA INSTITUICAO DE PAGAMENTO S/A;10789035;FACILITA IP - PRUDENCIAL;;00087449;n4;2;41;NOVA LIMA;MG;03/2026;67.900;0;47.511;60.656;68;7.244;1.165;1;0
SMART SOLUTIONS GROUP INSTITUICAO DE PAGAMENTO LTDA;37470405;SMART SOLUTIONS GROUP IP - PRUDENCIAL;;00087425;n4;2;41;RIO DE JANEIRO;RJ;03/2026;67.188;0;14.327;21.910;11.889;45.279;676;1;0
BANCO CEDULA S.A.;33132044;BCO CEDULA S.A. - PRUDENCIAL;;00081469;b1;2;8;RIO DE JANEIRO;RJ;03/2026;66.575;0;221;7.366;2.760;59.209;600;2;0
REMITLY CORRETORA DE CÂMBIO LTDA.;17635177;REMITLY CC LTDA. - PRUDENCIAL;;00082420;n2;3;21;SAO PAULO;SP;03/2026;65.760;0;12.504;15.815;12.500;49.945;592;2;0
SANTS SOCIEDADE DE CRÉDITO DIRETO S.A.;52440987;SANTS SCD - PRUDENCIAL;;00087250;n1;2;43;SAO JOSE DOS CAMPOS;SP;03/2026;65.725;0;5.710;59.497;47.689;6.228;385;2;0
PAY INSTITUICAO DE PAGAMENTO S.A.;36690516;PAY IP - PRUDENCIAL;;00087920;n4;2;41;PORTO ALEGRE;RS;03/2026;64.412;0;15;57.736;55.108;6.676;1.368;1;0
INTEX BANK BANCO DE CÂMBIO S.A.;2992317;INTEX BANK BCO CÂMBIO - PRUDENCIAL;;00081885;b2;2;39;SAO PAULO;SP;03/2026;64.161;0;617;38.852;3.383;25.309;298;2;0
H H PICCHIONI S/A CORRETORA DE CAMBIO E VALORES MOBILIARIOS;17312083;H.H.PICCHIONI - PRUDENCIAL;;00080226;n2;2;15;BELO HORIZONTE;MG;03/2026;63.709;0;1;59.521;0;4.187;354;3;0
COOPERATIVA DE ECONOMIA E CRÉDITO MÚTUO DOS FUNCIONÁRIOS DA CARGILL;68228006;;;;b3S;2;9;SAO PAULO;SP;03/2026;63.523;33.554;29.551;12.858;10.788;50.665;1.892;0;0
COOPERATIVA DE ECONOMIA E CRÉDITO MÚTUO DOS EMPREGADOS DA CENTRAIS ELÉTRICAS DE SANTA CATARINA - CREDELESC;8850613;;;;b3S;2;9;FLORIANOPOLIS;SC;03/2026;63.513;28.238;2.344;50.964;48.287;12.549;227;0;5
VALOR S/A SOCIEDADE DE CRÉDITO, FINANCIAMENTO E INVESTIMENTO;7799277;VALOR CFI - PRUDENCIAL;;00083223;n1;2;14;SAO PAULO;SP;03/2026;62.614;58.172;1.861;20.548;9.854;42.066;2.026;2;0
CONTA PRONTA INSTITUICAO DE PAGAMENTO LTDA;12473687;CONTA PRONTA IP - PRUDENCIAL;;00086835;n4;2;41;BARUERI;SP;03/2026;62.457;0;1.200;57.648;40.879;4.809;-198;1;0
F & F INSTITUICAO DE PAGAMENTO S. A.;38653626;FFCRED SCD - PRUDENCIAL;;00085489;n4;2;41;ERECHIM;RS;03/2026;62.334;0;1.764;55.517;0;6.817;250;1;0
ISSUER INSTITUICAO DE PAGAMENTO LTDA.;34747388;ISSUER IP - PRUDENCIAL;;00087140;n4;3;41;PORTO ALEGRE;RS;03/2026;61.685;8;17.351;40.293;5.023;21.392;-431;1;0
SOLFÁCIL SOCIEDADE DE CRÉDITO, FINANCIAMENTO E INVESTIMENTO S.A.;48755901;SOLFÁCIL SCFI - PRUDENCIAL;;00086440;n1;2;14;SAO PAULO;SP;03/2026;60.836;897;40.034;44.379;202;16.457;1.836;2;0
REPASSES FINANCEIROS E SOLUCOES TECNOLOGICAS INSTITUICAO DE PAGAMENTO S.A.;40473435;BRADESCO - PRUDENCIAL;;00080075;n4;2;41;OSASCO;SP;03/2026;60.329;0;7;37.212;18.458;23.117;-11.292;1;0
MONEYCORP BANCO DE CÂMBIO S.A.;8609934;MONEYCORP - PRUDENCIAL;;00082028;b2;3;39;SAO PAULO;SP;03/2026;59.794;0;0;39.743;0;20.051;-135;2;0
COOPERATIVA DE CAPITAL E EMPRÉSTIMO COOPERMULTICRED - COOPERMC;51010858;;;;b3S;2;9;GUARULHOS;SP;03/2026;59.586;49.805;9.191;714;0;58.872;1.393;0;0
FORIS GFS BR INSTITUICAO DE PAGAMENTO LTDA;39993186;FORIS GFS BR IP - PRUDENCIAL;;00086725;n4;3;41;SAO PAULO;SP;03/2026;59.301;0;40.346;33.571;4.671;25.730;830;1;0
COOPERATIVA DE CRÉDITO MÚTUO DOS SERVIDORES PÚBLICOS - CREDI-SP;3612679;;;;b3S;2;9;SAO BERNARDO DO CAMPO;SP;03/2026;59.224;42.936;11.836;29.077;27.158;30.147;638;0;1
TRUSTEE DISTRIBUIDORA DE TÍTULOS E VALORES MOBILIÁRIOS LTDA.;67030395;TRUSTEE/BANVOX - PRUDENCIAL;00086354;00086354;n2;2;16;SAO PAULO;SP;03/2026;59.091;0;447;44.323;32.440;14.768;138;2;0
ECONOMISA COMPANHIA HIPOTECÁRIA.;17441197;ECONOMIA CI S.A.-ECONOMISA - PRUDENCIAL;;00083364;n1;2;29;BELO HORIZONTE;MG;03/2026;58.765;4.739;28.590;33.716;15.093;25.048;227;3;0
OM DISTRIBUIDORA DE TÍTULOS E VALORES MOBILIÁRIOS LTDA;11495073;OM DTVM LTDA - PRUDENCIAL;;00084239;n2;2;16;SAO PAULO;SP;03/2026;58.677;0;11.837;14.014;0;44.663;1.508;2;0
BANCO WESTERN UNION DO BRASIL S.A.;13720915;WESTERN UNION - PRUDENCIAL;00051767;00080886;b1;3;2;SAO PAULO;SP;03/2026;57.896;0;0;7.485;6.022;50.411;882;2;0
BT CORRETORA DE CÂMBIO LTDA.;73622748;BT CC - PRUDENCIAL;;00081995;n2;2;21;SAO PAULO;SP;03/2026;57.285;0;1.178;32.283;0;25.002;-87;4;0
COOPERATIVA DE CRÉDITO DE ITAPETININGA - SICOOB CRED-ACI;8844074;;;;b3S;2;9;ITAPETININGA;SP;03/2026;57.278;8.794;46.772;48.594;47.655;8.684;494;0;0
COOPERATIVA DE ECONOMIA E CRÉDITO MÚTUO DOS EMPREGADOS DA MONDELEZ BRASIL E PHILIP MORRIS BRASIL - SICOOB COOPMOND;62795257;;;;b3S;2;9;SAO PAULO;SP;03/2026;56.792;13.469;39.984;5.240;0;51.552;75;0;0
AGÊNCIA DE FOMENTO DE ALAGOAS S.A.;10769660;AFAL - PRUDENCIAL;;00081081;n1;1;30;MACEIO;AL;03/2026;56.133;21.398;32.841;19.312;17.321;36.821;-2.932;1;0
ALFA CORRETORA DE CAMBIO E VALORES MOBILIARIOS S.A.;62178421;SAFRA - PRUDENCIAL;00010083;00080109;n2;2;15;SAO PAULO;SP;03/2026;55.992;0;10.474;18.731;124;37.261;856;2;0
ICAP DO BRASIL CORRETORA DE TÍTULOS E VALORES MOBILIÁRIOS LTDA.;9105360;TULLETT PREBON BRASIL S.A. CTVM - PRUDENCIAL;00052027;00082619;n2;3;15;SAO PAULO;SP;03/2026;55.592;0;16.862;2.592;906;53.000;1.212;3;0
UNLIMIT BRASIL INSTITUICAO DE PAGAMENTO LTDA;35542555;UNLIMIT BRASIL IP - PRUDENCIAL;;00088716;n4;3;41;SAO PAULO;SP;03/2026;55.189;0;7.487;46.786;0;8.403;-1.695;1;0
HR DIGITAL - SOCIEDADE DE CRÉDITO DIRETO S/A;44292580;HR DIGITAL SCD - PRUDENCIAL;;00085908;n1;2;43;BRASILIA;DF;03/2026;55.112;55.883;431;47.968;53;7.144;1.106;2;0
BANCO FINAXIS S.A.;11758741;FINAXIS - PRUDENCIAL;00051688;00080790;b1;2;2;CURITIBA;PR;03/2026;54.740;0;22.359;41.317;14.103;13.424;-4.134;2;0
BANCO ITAUCARD S.A.;17192451;ITAU - PRUDENCIAL;00010069;00080099;b2;2;8;SAO PAULO;SP;03/2026;54.451;0;0;1.164;0;53.287;1.431;2;0
COOPERATIVA DE ECONOMIA E CREDITO MUTUO DOS MEDICOS E DEMAIS PROFISSIONAIS DA SAUDE DE JOACABA;2853045;;;;b3S;2;9;JOACABA;SC;03/2026;54.161;6.275;47.265;40.464;38.767;13.697;485;0;0
COOPERATIVA DE CRÉDITO RURAL DOS PLANTADORES DE CANA DE ALAGOAS;12272183;;;;b3S;2;9;MACEIO;AL;03/2026;53.043;11.980;38.899;4.387;2.930;48.656;649;0;0
UBS BB BANCO DE INVESTIMENTO S.A.;18520834;UBS (BRASIL) - PRUDENCIAL;00030771;00080219;b2;3;13;SAO PAULO;SP;03/2026;52.573;0;40.075;1.734;0;50.839;712;2;0
HAITONG DO BRASIL DISTRIBUIDORA DE TÍTULOS E VALORES MOBILIÁRIOS S.A.;11406965;HAITONG - PRUDENCIAL;00051482;00080666;n2;3;16;SAO PAULO;SP;03/2026;52.462;0;45.562;3.252;0;49.210;636;2;0
COOPERATIVA  ECONOMIA CRÉDITO MÚTUO  SERVS E EMPREGADOS PÚBLICOS MUNIC DE BELO HORIZONTE BETIM BRUMADINHO CONTAGEM IBIRITÉ NOVA LIMA RIBEIRÃO DAS NEVES SABARÁ SANTA LUZIA E VESPASIANO SICOOB CREDISERV;1864151;;;;b3S;2;9;BELO HORIZONTE;MG;03/2026;52.210;32.002;5.188;27.773;25.253;24.437;-26;0;2
CREDISIS COOPERUFPA - COOPERATIVA DE ECONOMIA E CRÉDITO MÚTUO DOS SERVIDORES PÚBLICOS FEDERAIS E ESTADUAIS E DAS ENTIDADES DE ENSINO COM SEUS RESPECTIVOS FUNCIONÁRIOS NO ESTADO DO PARÁ;83325811;;;;b3S;2;9;BELEM;PA;03/2026;52.119;21.395;3.068;10.553;0;41.566;1.320;0;0
COOPERATIVA DE ECONOMIA E CRÉDITO MÚTUO SICOOB CRED-ACILPA;9004796;;;;b3S;2;9;LENCOIS PAULISTA;SP;03/2026;51.654;21.186;27.567;39.096;37.339;12.559;143;0;2
CODEPE CORRETORA DE VALORES E CÂMBIO S.A.;9512542;CODEPE CORRETORA DE VAL. S.A. - PRUDENCIAL;00052089;00082712;n2;2;15;BARUERI;SP;03/2026;51.104;0;46.669;3.548;1.019;47.556;423;3;0
MONEE SOCIEDADE DE CRÉDITO DIRETO S.A.;48751854;SHPP BRASIL IP - PRUDENCIAL;00086275;00086275;n1;3;43;SAO PAULO;SP;03/2026;51.005;23.544;1.110;7.489;0;43.517;-266;2;0
FINNET S/A - TECNOLOGIA E INSTITUICAO DE PAGAMENTO;5607266;FINNET S/A TECNOLOGIA E IP - PRUDENCIAL;;00087126;n4;2;41;SAO PAULO;SP;03/2026;50.275;0;9.877;17.267;0;33.008;-1.258;1;0
VIS DISTRIBUIDORA DE TÍTULOS E VALORES MOBILIÁRIOS LTDA;38429045;VIS DTVM - PRUDENCIAL;;00085537;n2;2;16;CUIABA;MT;03/2026;50.249;0;0;41.513;0;8.736;574;2;0
CREDSYSTEM SOCIEDADE DE CRÉDITO DIRETO S.A.;39664698;CREDSYSTEM IP - PRUDENCIAL;;00085441;n1;2;43;BARUERI;SP;03/2026;49.834;0;0;13.985;8.088;35.849;8.076;1;0
COOPERATIVA DE ECONOMIA E CRÉDITO MÚTUO DOS EMPREGADOS DO GRUPO COLORADO;2024442;;;;b3S;2;9;GUAIRA;SP;03/2026;49.770;43.059;3.379;368;0;49.403;2.235;0;0
SOFISA S.A. CRÉDITO, FINANCIAMENTO E INVESTIMENTO;8257293;SOFISA - PRUDENCIAL;00031873;00080271;n1;2;14;SAO PAULO;SP;03/2026;49.483;0;11.295;17.513;0;31.970;261;2;0
COOPERATIVA DE ECONOMIA E CREDITO MUTUO DOS FUNCIONARIOS DA COMIGO;1062439;;;;b3S;2;9;RIO VERDE;GO;03/2026;49.427;19.498;2.471;26.467;23.326;22.960;515;0;1
IFOOD PAGO SOCIEDADE DE CRÉDITO DIRETO S.A.;51556307;IFOOD PAGO IP - PRUDENCIAL;;00087346;n1;2;43;OSASCO;SP;03/2026;49.158;0;0;11.597;0;37.561;12.024;2;0
PAGINVEST CORRETORA DE TITULOS E VALORES MOBILIARIOS LTDA.;46403683;PAGSEGURO - PRUDENCIAL;00052182;00084813;n2;2;15;SAO PAULO;SP;03/2026;48.278;0;44.330;1.117;0;47.161;-632;2;0
ACTUAL DISTRIBUIDORA DE TÍTULOS E VALORES MOBILIÁRIOS S.A.;44782130;ACTUAL DTVM - PRUDENCIAL;;00087243;n2;2;16;BELO HORIZONTE;MG;03/2026;47.450;0;2.584;44.978;44.847;2.473;371;2;0
J17 - SOCIEDADE DE CRÉDITO DIRETO S/A;40475846;J17 SCD - PRUDENCIAL;;00085616;n1;2;43;LONDRINA;PR;03/2026;46.737;21.668;0;25.845;18.221;20.892;219;2;0
HEDGEPOINT GLOBAL MARKETS DISTRIBUIDORA DE TITULOS E VALORES MOBILIÁRIOS LTDA.;35470647;HEDGEPOINT GLOBAL MARKETS DTVM - PRUDENCIAL;;00085197;n2;3;16;CAMPINAS;SP;03/2026;45.814;0;32.137;12.109;426;33.706;876;2;0
GUITTA CORRETORA DE CAMBIO LTDA.;24074692;GUITTA CC LTDA - PRUDENCIAL;;00082107;n2;2;21;SAO PAULO;SP;03/2026;45.497;0;6.817;33.862;0;11.635;129;2;0
BOC BRASIL S.A. - CRÉDITO, FINANCIAMENTOS E INVESTIMENTOS;92764489;BANK OF CHINA (BRASIL) - PRUDENCIAL;00032119;00080295;n1;3;14;SAO PAULO;SP;03/2026;43.822;4.774;0;45.968;1.627;-2.146;-1.068;1;0
MULTIPLIKE FINANCEIRA S.A. SOCIEDADE DE CRÉDITO, FINANCIAMENTO E INVESTIMENTO;62448932;MULTIPLIKE FINANCEIRA SCFI - PRUDENCIAL;;00088651;n1;2;14;JOINVILLE;SC;03/2026;43.796;0;26.015;30.386;0;13.410;-1.159;2;0
TAMBASA SOCIEDADE DE CRÉDITO DIRETO S.A.;37134759;TAMBASA SCD - PRUDENCIAL;;00085214;n1;2;43;BELO HORIZONTE;MG;03/2026;43.425;25.508;15.984;22.157;0;21.269;993;2;0
INCO SOCIEDADE DE EMPRÉSTIMO ENTRE PESSOAS S.A.;35340796;INCO SEP - PRUDENCIAL;;00086086;n1;2;44;BELO HORIZONTE;MG;03/2026;43.424;0;3.469;38.253;37.231;5.171;130;2;0
CORRETORA GERAL DE VALORES E CÂMBIO LTDA;92858380;GERAL CCVM LTDA - PRUDENCIAL;;00082918;n2;2;15;PORTO ALEGRE;RS;03/2026;43.273;0;34.572;25.887;7.096;17.386;564;2;0
FIDD DISTRIBUIDORA DE TÍTULOS E VALORES MOBILIÁRIOS LTDA.;37678915;FIDD DTVM - PRUDENCIAL;;00085458;n2;2;16;SAO PAULO;SP;03/2026;42.337;0;10;39.033;22.012;3.305;-1.169;2;0
CARTOS SOCIEDADE DE CRÉDITO DIRETO S.A.;21332862;CARTOS SCD - PRUDENCIAL;;00084442;n1;2;43;SAO PAULO;SP;03/2026;41.996;9.398;101;31.508;767;10.489;886;2;0
COOPERATIVA DE CRÉDITO MÚTUO DOS SERVIDORES FEDERAIS NA PARAÍBA - SICOOB COOPERCRET;2275781;;;;b3S;2;9;JOAO PESSOA;PB;03/2026;41.171;25.011;2.672;28.984;27.477;12.187;61;0;1
GOLCRED S/A - CRÉDITO, FINANCIAMENTO E INVESTIMENTO;7631026;GOLCRED - PRUDENCIAL;;00080965;n1;2;14;SAO JOSE;SC;03/2026;41.101;29.421;0;30.582;11.793;10.519;1.215;2;0
ABC BRASIL DISTRIBUIDORA DE TÍTULOS E VALORES MOBILIÁRIOS S.A.;33817677;ABC-BRASIL - PRUDENCIAL;00041856;00080312;n2;3;16;SAO PAULO;SP;03/2026;40.390;0;26.387;10.852;0;29.538;7.053;2;0
COOPERATIVA DE CRÉDITO CREDICENTRO;53776852;;;;b3S;2;9;ARARAQUARA;SP;03/2026;40.325;14.986;20.499;16.294;13.051;24.032;88;0;1
COOPERATIVA DE ECONOMIA E CRÉDITO MÚTUO DOS EMPREGADOS DO GRUPO SCHAEFFLER;62284385;;;;b3S;2;9;SOROCABA;SP;03/2026;39.664;26.790;12.701;743;0;38.920;828;0;0
COOPERATIVA DE ECONOMIA E CRÉDITO MÚTUO DOS FUNCIONÁRIOS DA FUNDAÇÃO ZERBINI E DA FUNDAÇÃO FACULDADE DE MEDICINA (FFM) - COOPINCOR;1997612;;;;b3S;2;9;SAO PAULO;SP;03/2026;39.635;18.208;19.081;3.839;0;35.796;1.104;0;0
PAYMEE BRASIL INSTITUIÇÃO DE PAGAMENTO S.A.;28683892;PAYMEE BRASIL IP - PRUDENCIAL;;00087700;n4;2;41;SAO PAULO;SP;03/2026;39.615;0;19.792;24.341;9.774;15.274;-1.280;1;0
SERVICOOP - COOPERATIVA DE CRÉDITO DOS SERVIDORES PÚBLICOS ESTADUAIS E MUNICIPAIS DO RIO GRANDE DO SUL;3973814;;;;b3S;2;9;PORTO ALEGRE;RS;03/2026;38.971;20.554;13.756;25.464;22.724;13.506;37;0;4
COOPERATIVA DE ECONOMIA E CRÉDITO MÚTUO DOS EMPREGADOS DA CBMM LTDA.;18140913;;;;b3S;2;9;ARAXA;MG;03/2026;38.333;24.024;14.135;1.490;0;36.842;1.477;0;1
BIGCASH SOCIEDADE DE CREDITO DIRETO S.A.;36452762;BIGCASH SCD - PRUDENCIAL;;00085056;n1;2;43;GOVERNADOR VALADARES;MG;03/2026;37.561;26.987;0;14.373;0;23.187;2.787;2;0
COOPERATIVA    DE    ECONOMIA    E    CRÉDITO   MÚTUO  MINUANO;88325113;;;;b3S;2;9;CANOAS;RS;03/2026;37.527;13.468;22.716;15.988;13.403;21.539;606;0;4
MT INSTITUICAO DE PAGAMENTO SA;50871921;MT IP - PRUDENCIAL;;00088039;n4;2;41;BARUERI;SP;03/2026;37.304;0;0;26.841;22.602;10.463;2.277;1;0
F.D'GOLD - DISTRIBUIDORA DE TÍTULOS E VALORES MOBILIÁRIOS LTDA.;8673569;F D GOLD DTVM LTDA - PRUDENCIAL;;00083993;n2;2;16;SAO PAULO;SP;03/2026;37.238;0;0;5.887;15;31.351;3.589;2;0
COINVALORES CORRETORA DE CÂMBIO E VALORES MOBILIÁRIOS LTDA.;336036;COINVALORES - PRUDENCIAL;;00080707;n2;2;15;SAO PAULO;SP;03/2026;37.156;0;368;17.418;0;19.738;-207;2;0
PAGOL SOCIEDADE DE CRÉDITO DIRETO S.A.;48176336;PAGOL SCD - PRUDENCIAL;;00086419;n1;2;43;BARUERI;SP;03/2026;36.954;0;932;21.384;15.944;15.571;-2.312;2;0
COOPERATIVA DE ECONOMIA E CRÉDITO MÚTUO DOS SERVIDORES DA UNIVERSIDADE ESTADUAL DE CAMPINAS - COOPERUNICAMP;2285107;;;;b3S;2;9;CAMPINAS;SP;03/2026;36.726;20.528;15.330;2.432;0;34.294;1.188;0;0
SAFETYPAY BRASIL INSTITUICAO DE PAGAMENTO LTDA;12102128;SAFETYPAY BRASIL IP - PRUDENCIAL;;00088235;n4;2;41;BARUERI;SP;03/2026;36.394;0;30.481;32.718;0;3.677;375;1;0
LISTO SOCIEDADE DE CREDITO DIRETO S.A.;34088029;LISTO SCD - PRUDENCIAL;;00084930;n1;3;43;SAO PAULO;SP;03/2026;35.954;0;4.107;9.005;8.515;26.949;2.361;2;0
COOPERATIVA DE ECONOMIA CRÉDITO MÚTUO - SICOOB CREDSAÚDE;2072790;;;;b3S;2;9;PIRACICABA;SP;03/2026;35.779;20.970;12.733;30.465;28.815;5.314;-698;0;2
UNIDA DISTRIBUIDORA DE TÍTULOS E VALORES MOBILIÁRIOS LTDA.;20155248;UNIDA DTVM LTDA - PRUDENCIAL;;00084019;n2;2;16;BARUERI;SP;03/2026;35.488;0;758;14.382;89;21.106;-1.043;4;0
CREDIFIT SOCIEDADE DE CRÉDITO DIRETO S.A.;39676772;CREDIFIT SCD - PRUDENCIAL;;00085465;n1;2;43;SALVADOR;BA;03/2026;35.380;4.499;19.101;29.397;19.457;5.983;959;2;0
COOPERATIVA DE CREDITO RURAL DE IBIAM - SULCREDI/IBIAM;8240446;;;;b3S;2;9;IBIAM;SC;03/2026;34.159;13.767;2.740;31.377;27.232;2.782;-675;0;4
COOPERATIVA DE CRÉDITO MÚTUO DO ABC - COOPER 7;4414354;;;;b3S;2;9;SAO BERNARDO DO CAMPO;SP;03/2026;34.025;19.887;9.590;13.279;10.640;20.747;-234;0;2
COOPERATIVA DE CRÉDITO MÚTUO DOS SERVIDORES DO MINISTERIO DA EDUCAÇÃO EM SÃO PAULO - COOPEMESP;73092827;;;;b3S;2;9;SAO PAULO;SP;03/2026;33.664;22.147;11.114;13.363;12.606;20.301;-50;0;1
VIVO PAY SOCIEDADE DE CRÉDITO DIRETO S.A.;57487987;VIVO PAY SCD - PRUDENCIAL;;00087944;n1;3;43;SAO PAULO;SP;03/2026;33.189;0;31.558;4.738;27;28.451;-2.462;2;0
COBANSA COMPANHIA HIPOTECARIA;53263331;COBANSA CH S.A. - PRUDENCIAL;;00081878;n1;2;29;SAO PAULO;SP;03/2026;33.031;0;18.021;29.018;0;4.013;40;2;0
BPY CORRETORA DE CÂMBIO, TÍTULOS E VALORES MOBILIÁRIOS S.A.;27842177;BPY CCTVM - PRUDENCIAL;;00084765;n2;2;15;SAO PAULO;SP;03/2026;33.028;0;16.834;27.130;16.001;5.897;-1.139;2;0
COMPREV - CRÉDITO, FINANCIAMENTO E INVESTIMENTO S.A.;46241852;COMPREV CFI - PRUDENCIAL;;00086244;n1;2;14;RIO DE JANEIRO;RJ;03/2026;32.888;2.822;29.778;421;0;32.467;121;2;0
PAGHIPER INSTITUIÇAO DE PAGAMENTO LTDA.;20110153;PAGHIPER IP - PRUDENCIAL;;00087494;n4;2;41;PARANAVAI;PR;03/2026;32.654;0;4.036;27.373;0;5.280;126;1;0
COOPERATIVA DE CRÉDITO DOS FORNECEDORES DE CANA DE BARRA BONITA E REGIÃO;44746352;;;;b3S;2;9;BARRA BONITA;SP;03/2026;32.452;20.246;11.651;6.882;4.001;25.570;520;0;0
TTSCD SOCIEDADE DE CRÉDITO DIRETO S.A.;46743997;TTSCD SCD  - PRUDENCIAL;;00088015;n1;2;43;SAO PAULO;SP;03/2026;32.254;0;16.686;16.831;0;15.423;250;2;0
BANCO PORTO REAL DE INVESTIMENTOS S.A;40429946;BANCO PORTO REAL DE INVEST.S.A - PRUDENCIAL;;00081359;b2;2;13;PORTO REAL;RJ;03/2026;32.129;9.574;0;727;0;31.402;352;2;0
BANVOX DISTRIBUIDORA DE TÍTULOS E VALORES MOBILIÁRIOS LTDA;2671743;TRUSTEE/BANVOX - PRUDENCIAL;00086354;00086354;n2;2;16;SAO PAULO;SP;03/2026;31.797;0;0;30.933;26.335;864;-3.134;2;0
AZUMI DISTRIBUIDORA DE TÍTULOS E VALORES MOBILIÁRIOS LTDA.;40434681;AZUMI DTVM PRUDENCIAL;;00085719;n2;2;16;SAO PAULO;SP;03/2026;31.699;0;7.971;24.601;21.759;7.098;184;2;0
AZIMUT BRASIL DISTRIBUIDORA DE TÍTULOS E VALORES MOBILIÁRIOS LTDA;18684408;AZIMUT BRASIL DTVM - PRUDENCIAL;;00084325;n2;3;16;SAO PAULO;SP;03/2026;31.676;0;14.923;16.660;15.784;15.015;-685;2;0
COOPERATIVA DE ECONOMIA E CRÉDITO MÚTUO DOS FUNCIONÁRIOS DA ERICSSON - COOPERICSSON;48718183;;;;b3S;2;9;SAO PAULO;SP;03/2026;31.552;13.494;17.841;611;0;30.940;799;0;0
RB INVESTIMENTOS DISTRIBUIDORA DE TITULOS E VALORES MOBILIARIOS LIMITADA;89960090;RB INVESTIMENTOS DTVM - PRUDENCIAL;;00084174;n2;2;16;SAO PAULO;SP;03/2026;30.992;0;8.166;21.840;19.714;9.152;311;2;0
PINTOS S.A. CREDITO, FINANCIAMENTO E INVESTIMENTO;35274306;PINTOS CFI - PRUDENCIAL;;00085142;n1;2;14;TERESINA;PI;03/2026;30.717;108;30.081;129;0;30.588;365;2;0
INTEGRAÇÃO DE CRÉDITO E COBRANÇA SOCIEDADE DE CRÉDITO DIRETO S.A.;51118615;INTEGRAÇÃO DE CRÉDITO E COBRANÇA SCD - PRUDENCIAL;;00087913;n1;2;43;SAO PAULO;SP;03/2026;30.635;2.053;2.623;24.569;23.402;6.066;45;2;0
CRESERV CREDISIS - COOPERATIVA DE ECONOMIA E CRÉDITO MÚTUO DOS SERVIDORES PÚBLICOS DE PINHÃO;4831810;;;;b3S;2;9;PINHAO;PR;03/2026;30.634;19.804;1.065;21.269;18.899;9.365;500;0;1
CDC SOCIEDADE DE CRÉDITO DIRETO S.A.;18394228;CDC SCD - PRUDENCIAL;;00083326;n1;2;43;BELO HORIZONTE;MG;03/2026;30.341;5.469;16.041;22.458;17.404;7.882;-148;2;0
BOCOM BBM CORRETORA DE CÂMBIO E VALORES MOBILIÁRIOS S.A.;15213150;BOCOM - PRUDENCIAL;00052003;00084624;n2;3;15;SALVADOR;BA;03/2026;30.119;0;3.010;3.567;0;26.551;1.386;4;0
ABN AMRO CLEARING CORRETORA DE TÍTULOS E VALORES MOBILIÁRIOS LTDA.;44527444;BCO ABN AMRO CLEARING - PRUDENCIAL;00052302;00081579;n2;3;15;SAO PAULO;SP;03/2026;30.115;0;3.542;745;0;29.370;-1.551;2;0
COOPERATIVA DE CRÉDITO SICOOB CREDMETAL;3535065;;;;b3S;2;9;OSASCO;SP;03/2026;30.011;13.440;15.760;17.345;16.410;12.666;-447;0;2
PORTOPAR DISTRIBUIDORA DE TITULOS E VALORES MOBILIARIOS LTDA.;40303299;PORTO SEGURO - PRUDENCIAL;00051444;00080642;n2;2;16;SAO PAULO;SP;03/2026;29.931;0;25.230;2.551;0;27.380;-1.697;2;0
INDEPENDÊNCIA COOPERATIVA DE CRÉDITO E INVESTIMENTO - INDEPENDÊNCIA COOPERATIVA DE CRÉDITO;4306351;;;;b3S;2;9;SAO PAULO;SP;03/2026;29.762;6.445;20.092;15.218;12.139;14.544;532;0;0
COOPERATIVA DE ECONOMIA E CRÉDITO MÚTUO DOS TRABALHADORES DA CIA. DE PROCESSAMENTO DE DADOS DO ESTADO DE SÃO PAULO - CREDIPRODESP;67915868;;;;b3S;2;9;TABOAO DA SERRA;SP;03/2026;29.619;8.730;18.915;2.623;0;26.996;403;0;0
BSN PAGAMENTOS INSTITUIÇÃO DE PAGAMENTO LTDA;11491029;BSN PAGAMENTOS IP - PRUDENCIAL;;00087841;n4;2;41;GUARULHOS;SP;03/2026;29.297;0;14.794;22.955;20.656;6.342;241;1;0
COOPERATIVA DE ECONOMIA E CRÉDITO MÚTUO DOS EMPREGADOS DAS EMPRESAS DO GRUPO ECONÔMICO RHODIA - CREDIRHODIA;57563728;;;;b3S;2;9;PAULINIA;SP;03/2026;28.852;16.658;11.183;8.292;6.880;20.561;418;0;1
BRASIL CASH INSTITUICAO DE PAGAMENTO S.A;30507541;BRASIL CASH IP - PRUDENCIAL;;00087566;n4;2;41;BARUERI;SP;03/2026;28.826;0;6.524;24.412;19.659;4.415;-743;1;0
COOPERATIVA DE ECONOMIA E CRÉDITO MÚTUO DOS FUNCIONÁRIOS DA TETRA PAK;67341487;;;;b3S;2;9;MONTE MOR;SP;03/2026;28.528;17.631;9.815;498;0;28.030;1.198;0;0
CREBEL - COOPERATIVA DE ECONOMIA E CRÉDITO MÚTUO DOS COLABORADORES DAS EMPRESAS BELGO BEKAERT - CREBEL LTDA.;23241540;;;;b3S;2;9;CONTAGEM;MG;03/2026;28.395;9.289;19.055;2.187;0;26.208;890;0;0
LINA INSTITUICAO DE PAGAMENTO S.A;37663090;LINA IP - PRUDENCIAL;;00087322;n4;2;41;SAO PAULO;SP;03/2026;28.345;0;17.321;1.601;0;26.744;-845;1;0
MR S.A INSTITUICAO DE PAGAMENTO;33444505;MR S.A IP - PRUDENCIAL;;00088709;n4;2;41;SAO PAULO;SP;03/2026;28.243;0;126;24.443;0;3.800;-327;1;0
WE PAY OUT INSTITUICAO DE PAGAMENTO LTDA.;32708748;WE PAY OUT IP - PRUDENCIAL;;00086907;n4;2;41;CURITIBA;PR;03/2026;28.193;0;441;26.369;14.398;1.824;-573;1;0
COOPERATIVA DE CRÉDITO DOS MAGISTRADOS DO ESTADO DO RIO DE JANEIRO LTDA. - MAGICREDI-RJ;5040680;;;;b3S;2;9;RIO DE JANEIRO;RJ;03/2026;28.073;18.909;8.565;17.032;16.091;11.042;157;0;2
FFCRED SOCIEDADE DE CRÉDITO DIRETO S.A..;39738065;FFCRED SCD - PRUDENCIAL;;00085489;n1;2;43;ERECHIM;RS;03/2026;27.824;3.545;203;13.595;12.917;14.228;300;2;0
BROKER BRASIL CORRETORA DE CÂMBIO LTDA.;16944141;BROKER BRASIL CC LTDA. - PRUDENCIAL;;00082372;n2;2;21;SAO PAULO;SP;03/2026;27.809;0;13.247;16.215;0;11.595;595;2;0
COOPERATIVA DE ECONOMIA E CRÉDITO MÚTUO DOS COLABORADORES DO GRUPO EMPRESARIAL A COSTA LTDA.;20062766;;;;b3S;2;9;VISCONDE DO RIO BRANCO;MG;03/2026;27.506;12.422;5.356;4.862;2.087;22.644;424;0;1
AGK CORRETORA DE CAMBIO S.A.;250699;AGK CC S.A. - PRUDENCIAL;;00082035;n2;2;21;SAO PAULO;SP;03/2026;27.416;0;3.896;19.817;0;7.599;574;2;0
BOC BRASIL DISTRIBUIDORA DE TÍTULOS E VALORES MOBILIÁRIOS S/A;69720894;BANK OF CHINA (BRASIL) - PRUDENCIAL;00032119;00080295;n2;3;16;SAO PAULO;SP;03/2026;27.293;0;0;1.093;0;26.200;502;2;0
OSLO CAPITAL DISTRIBUIDORA DE TÍTULOS E VALORES MOBILIÁRIOS S.A;13673855;OSLO CAPITAL DTVM S.A. - PRUDENCIAL;;00084253;n2;2;16;SAO PAULO;SP;03/2026;27.157;0;5.466;16.076;6.650;11.082;-1.409;2;0
COOPER BENEFICIOS INSTITUICAO DE PAGAMENTO LTDA;4051232;COOPER CARD IP - PRUDENCIAL;;00086134;n4;2;41;BARUERI;SP;03/2026;27.153;0;0;20.378;17.114;6.774;470;1;0
CGD INVESTIMENTOS CORRETORA DE VALORES E CÂMBIO S.A.;7554076;CAIXA GERAL - PRUDENCIAL;00051815;00080927;n2;3;15;SAO PAULO;SP;03/2026;27.132;0;0;1.226;0;25.906;863;2;0
WOOVI INSTITUICAO DE PAGAMENTO LTDA;54811417;WOOVI IP - PRUDENCIAL;;00088118;n4;2;41;SAO PAULO;SP;03/2026;26.667;0;9;45.170;44.708;-18.504;-25.712;1;0
TRINUS SOCIEDADE DE CRÉDITO DIRETO S.A.;40654622;TRINUS CAPITAL DTVM - PRUDENCIAL;00052223;00084631;n1;2;43;GOIANIA;GO;03/2026;26.243;3.764;858;23.641;20.229;2.602;-2.407;2;0
COOPERATIVA DE CRÉDITO MÚTUO DOS SERVIDORES DA ASSEMBLEIA LEGISLATIVA DO ESTADO DE SÃO PAULO - COOPERALESP;4791645;;;;b3S;2;9;SAO PAULO;SP;03/2026;26.196;22.931;3.209;1.034;0;25.162;855;0;0
INICIADOR INSTITUICAO DE PAGAMENTO LTDA;44471172;INICIADOR IP - PRUDENCIAL;;00086756;n4;2;41;SAO PAULO;SP;03/2026;25.614;0;15.372;2.015;0;23.599;683;1;0
UNAVANTI SOCIEDADE DE CRÉDITO DIRETO S/A;42047025;UNAVANTI SCD - PRUDENCIAL;;00085740;n1;2;43;MARINGA;PR;03/2026;25.538;2.732;0;18.441;15.994;7.097;114;2;0
COOPERATIVA DE ECONOMIA E CRÉDITO MÚTUO DOS EMPREGADOS DAS EMPRESAS METALÚRGICAS DE MATÃO - METALCOOPERCRED;53505681;;;;b3S;2;9;MATAO;SP;03/2026;24.860;16.463;5.326;3.953;2.009;20.908;139;0;0
MW INSTITUICAO DE PAGAMENTO LTDA;53822116;MW IP - PRUDENCIAL;;00087968;n4;2;41;JOINVILLE;SC;03/2026;24.837;0;20;15.748;11.460;9.088;3.309;1;0
COOPERATIVA DE CRÉDITO COOPAÇO LTDA.;17314501;;;;b3S;2;9;OURO BRANCO;MG;03/2026;24.651;6.535;16.917;3.899;0;20.752;531;0;0
COOPERATIVA DE ECONOMIA E CRÉDITO MÚTUO DOS EMPREGADOS DA COMPANHIA BRASILEIRA DE ALUMÍNIO;54335401;;;;b3S;2;9;ALUMINIO;SP;03/2026;24.389;10.265;12.804;1.217;49;23.172;198;0;0
CREDISIS COOPESA - COOPERATIVA DE ECONOMIA E CRÉDITO;6975532;;;;b3S;2;9;PORTO ALEGRE;RS;03/2026;24.278;10.613;497;14.844;10.492;9.434;-300;0;0
COOPERATIVA DE ECONOMIA E CRÉDITO MÚTUO DOS EMPREGADOS DAS EMPRESAS CONTROLADAS E COLIGADAS DA USINA SANTA ADELIA - USAGRO;68969625;;;;b3S;2;9;JABOTICABAL;SP;03/2026;24.041;13.139;10.090;3.344;1.637;20.697;516;0;0
COOPERATIVA DE ECONOMIA E CRÉDITO MÚTUO DOS FUNCIONÁRIOS DA VILLARES METALS;53846242;;;;b3S;2;9;SUMARE;SP;03/2026;23.647;19.402;3.282;239;0;23.409;724;0;0
MERCANTIL DO BRASIL DISTRIBUIDORA S.A. - TÍTULOS E VALORES MOBILIÁRIOS;17364795;MERCANTIL DO BRASIL - PRUDENCIAL;00020152;00080123;n2;2;16;BELO HORIZONTE;MG;03/2026;23.593;0;0;872;0;22.721;357;2;0
LEND SOCIEDADE DE CRÉDITO DIRETO S.A.;37526080;LEND SCD - PRUDENCIAL;;00085276;n1;2;43;SAO PAULO;SP;03/2026;23.577;266;22.606;13.796;7.168;9.781;549;2;0
COOPERATIVA DE ECONOMIA E CRÉDITO MÚTUO DOS SERVIDORES DA PREFEITURA MUNICIPAL DE ORLÂNDIA - CRED SERV;946465;;;;b3S;2;9;ORLANDIA;SP;03/2026;23.441;17.877;4.210;1.405;1.001;22.036;499;0;0
AGENCIA DE FOMENTO DO ESTADO DE RORAIMA S/A;3058464;AG. FOMENTO ESTADO DE RORAIMA - PRUDENCIAL;;00081036;n1;1;30;BOA VISTA;RR;03/2026;23.045;2.517;19.132;2.250;1.197;20.795;493;2;0
COOPERATIVA DE ECONOMIA E CRÉDITO MÚTUO DOS FUNCIONÁRIOS DO GRUPO OWENS-ILLINOIS DO BRASIL;43182278;;;;b3S;2;9;SAO PAULO;SP;03/2026;23.030;6.511;15.710;852;0;22.179;628;0;0
GLOBAL EXCHANGE DO BRASIL SOCIEDADE CORRETORA DE CÂMBIO LTDA.;21040668;GLOBAL EXCHANGE CC - PRUDENCIAL;;00084435;n2;3;21;RIO DE JANEIRO;RJ;03/2026;22.797;0;8.231;2.744;0;20.053;477;16;0
COOPERATIVA DE ECONOMIA E CRÉDITO MÚTUO DOS FUNCIONÁRIOS DO GRUPO JAL LTDA.;5548335;;;;b3S;2;9;SAO JOAO DE MERITI;RJ;03/2026;22.291;5.254;6.467;3.588;0;18.703;376;0;0
COLUNA S/A DISTRIBUIDORA DE TITULOS E VALORES MOBILIÁRIOS;460065;COLUNA S.A. DTVM - PRUDENCIAL;;00083728;n2;2;16;RIO DE JANEIRO;RJ;03/2026;21.997;0;0;16.542;76;5.455;-2.680;2;0
COPERCRED - COOPERATIVA DE ECONOMIA E CRÉDITO MÚTUO DOS EMPREGADOS DAS EMPRESAS ZILLO LORENZETTI;58022195;;;;b3S;2;9;LENCOIS PAULISTA;SP;03/2026;21.778;7.803;11.456;5.022;3.809;16.756;-19;0;1
ASPENFIN-BR - SOCIEDADE DE CRÉDITO AO MICROEMPREENDEDOR E A EMPRESA DE PEQUENO PORTE LTDA.;5289612;ASPENFIN-BR SCMEPP LTDA. - PRUDENCIAL;;00083058;n1;2;10;PORTO ALEGRE;RS;03/2026;21.563;13.352;417;9.110;0;12.453;1.301;2;0
COOPERATIVA DE CRÉDITO DOS EMPREGADOS DA MINERAÇÃO RIO DO NORTE;4998845;;;;b3S;2;9;ORIXIMINA;PA;03/2026;21.556;13.754;6.676;445;0;21.111;427;0;0
CONPAY INSTITUIÇÃO DE PAGAMENTO E TECNOLOGIA S.A;31531997;CONPAY IP - PRUDENCIAL;;00088417;n4;2;41;JOAO PESSOA;PB;03/2026;20.823;0;5.774;12.570;8.262;8.252;706;1;0
SOCIAL BANK BANCO MÚLTIPLO S/A;15173776;SOCIAL BANK BANCO MULTIPLO - PRUDENCIAL;;00081641;b1;2;8;SALVADOR;BA;03/2026;20.748;3.256;0;1.430;1.346;19.317;-10;1;0
MERCADO BITCOIN CORRETORA DE TÍTULOS E VALORES MOBILIÁRIOS S.A.;16683062;MERCADO BITCOIN - PRUDENCIAL;;00087061;n2;2;15;BELO HORIZONTE;MG;03/2026;20.198;0;0;1.349;6;18.849;-115;2;0
WEALTH HIGH GOVERNANCE DISTRIBUIDORA DE TÍTULOS E VALORES MOBILIÁRIOS S.A.;47631123;WEALTH HIGH GOVERNANCE DTVM - PRUDENCIAL;;00087229;n2;2;16;SAO PAULO;SP;03/2026;20.184;0;14.668;2.885;0;17.299;5.503;2;0
FARMTECH SOCIEDADE DE CRÉDITO DIRETO S.A.;35911258;FARMTECH SCD - PRUDENCIAL;;00085032;n1;2;43;SAO PAULO;SP;03/2026;20.178;0;7.308;7.143;0;13.035;388;2;0
COOPERATIVA DE CRÉDITO DOS SERVIDORES PÚBLICOS MUNICIPAIS DA GRANDE VITÓRIA/ES;1235921;;;;b3S;2;9;VITORIA;ES;03/2026;20.092;12.871;4.452;2.610;1;17.482;178;0;1
SICOOB DISTRIBUIDORA DE TÍTULOS E VALORES MOBILIÁRIOS LTDA.;7397614;BANCO SICOOB - PRUDENCIAL;00051750;00080879;n2;2;16;BRASILIA;DF;03/2026;20.091;0;15.076;3.798;0;16.293;3.042;2;0
COOPERATIVA DE CRÉDITO DOS EMPREGADOS DE ELEVADORES ATLAS;43730498;;;;b3S;2;9;SAO PAULO;SP;03/2026;20.000;12.501;1.855;1.116;0;18.884;473;0;0
WNT CAPITAL DISTRIBUIDORA DE TÍTULOS E VALORES MOBILIÁRIOS S.A.;45854066;WNT CAPITAL DTVM - PRUDENCIAL;;00086392;n2;2;16;SAO PAULO;SP;03/2026;19.967;0;11.628;7.725;6.916;12.242;324;2;0
COOPERATIVA DE ECONOMIA E CRÉDITO MÚTUO DOS SERVIDORES PÚBLICOS MUNICIPAIS EM JOÃO MONLEVADE LTDA. - COPREMON;18310649;;;;b3S;2;9;JOAO MONLEVADE;MG;03/2026;19.627;14.936;3.780;1.232;0;18.394;530;0;0
COOPERATIVA DE ECONOMIA E CRÉDITO MÚTUO DOS FUNCIONÁRIOS DA TICKET SERVIÇOS COMÉRCIO E ADMINISTRAÇÃO;57440521;;;;b3S;2;9;SAO PAULO;SP;03/2026;19.617;3.376;14.808;4.111;0;15.506;412;0;0
COOPERATIVA DE CREDITO RURAL DE GUACUI - CREDIGUAÇUÍ;32422628;;;;b3S;2;9;GUACUI;ES;03/2026;19.522;5.482;12.147;9.507;7.074;10.015;294;0;0
COOPERATIVA DE ECONOMIA E CRÉDITO MÚTUO DOS COLABORADORES DA CEBRACE;53184438;;;;b3S;2;9;JACAREI;SP;03/2026;19.517;16.344;3.025;311;0;19.206;427;0;2
A55 SOCIEDADE DE CRÉDITO DIRETO S.A.;48756121;A55 SCD - PRUDENCIAL;;00086512;n1;2;43;SAO PAULO;SP;03/2026;19.500;530;2.481;7.895;4.843;11.605;2.184;2;0
PROTOTYPE INSTITUICAO DE PAGAMENTO S.A.;35713491;PROTOTYPE IP - PRUDENCIAL;;00088431;n4;2;41;SAO PAULO;SP;03/2026;19.419;0;11.659;11.502;6.256;7.918;-509;1;0
COOPERATIVA DE ECONOMIA E CREDITO MUTUO DOS EMPREGADOS DE CHOCOLATES GAROTO LTDA. - CREDI-GAROTO;30949267;;;;b3S;2;9;VILA VELHA;ES;03/2026;19.199;7.856;9.324;16.266;15.559;2.934;0;0;0
HEDGE INVESTMENTS DISTRIBUIDORA DE TÍTULOS E VALORES MOBILIÁRIOS LTDA.;7253654;HEDGE INVESTMENTS - PRUDENCIAL;;00083986;n2;2;16;SAO PAULO;SP;03/2026;19.113;0;10.573;5.005;157;14.108;805;2;0
TORRA SOCIEDADE DE CRÉDITO DIRETO S.A.;60717928;TORRA SCD - PRUDENCIAL;;00088321;n1;2;43;SAO PAULO;SP;03/2026;19.061;0;18.650;407;0;18.654;412;2;0
COOPERATIVA DE ECONOMIA E CRÉDITO MÚTUO DOS EMPREGADOS DA CEMIG E DAS INDÚSTRIAS METALÚRGICAS E DE MATERIAL ELÉTRICO E DOS SERVIDORES PÚBLICOS MUNICIPAIS DE JUIZ DE FORA LTDA. - SICOOB CECREMEC;17502881;;;;b3S;2;9;BELO HORIZONTE;MG;03/2026;18.826;7.676;1.572;9.445;8.250;9.380;-205;0;0
COOPERATIVA DE ECONOMIA E CRÉDÍTO MÚTUO DOS FUNCIONÁRIOS DA MWM TUPY DO BRASIL;59620708;;;;b3S;2;9;SAO PAULO;SP;03/2026;18.757;13.739;4.157;1.451;0;17.306;473;0;0
FAMÍLIA PAULISTA COMPANHIA HIPOTECÁRIA;53146221;FAMILIA PAULISTA CI S.A. - PRUDENCIAL;;00083429;n1;2;29;SANTOS;SP;03/2026;18.737;107;8.218;8.543;0;10.194;13;2;0
BONUSPAGO SOCIEDADE DE CRÉDITO DIRETO S.A.;36586946;BONUSPAGO SCD - PRUDENCIAL;;00085128;n1;2;43;CASCAVEL;PR;03/2026;18.628;1.338;1.493;11.896;10.464;6.732;446;2;0
COOPERATIVA DE ECONOMIA E CRÉDITO MÚTUO DOS EMPREGADOS DA UNIÃO MARISTA DO BRASIL E SUAS ASSOCIADAS, PROVÍNCIA MARISTA BRASIL CENTRO-NORTE E UNIÃO BRASILEIRA DE EDUCAÇÃO CATÓLICA.;2588819;;;;b3S;2;9;BELO HORIZONTE;MG;03/2026;18.560;9.756;8.504;2.761;0;15.799;237;0;0
UP.P SOCIEDADE DE EMPRÉSTIMO ENTRE PESSOAS S.A.;35977097;UP.P SEP - PRUDENCIAL;;00085087;n1;2;44;SAO PAULO;SP;03/2026;18.458;0;5.587;10.454;3.666;8.005;1.326;2;0
COOPERATIVA DE ECONOMIA E CRÉDITO MÚTUO DOS EMPREGADOS DO GRUPO SBF LTDA. - COOPER ATIVA SBF;2232228;;;;b3S;2;9;SAO PAULO;SP;03/2026;18.345;12.922;4.073;1.523;0;16.822;632;0;0
LIMINE TRUST DISTRIBUIDORA DE TÍTULOS E VALORES MOBILIÁRIOS S.A.;24361690;LIMINE TRUST DTVM  - PRUDENCIAL;;00084617;n2;2;16;SAO PAULO;SP;03/2026;18.301;0;7.442;5.181;0;13.120;2.587;2;0
COOPERATIVA DE ECONOMIA E CRÉDITO MÚTUO DOS FUNCIONÁRIOS PÚBLICOS MUNICIPAIS DE ITAPIRA - CREDITA;2115870;;;;b3S;2;9;ITAPIRA;SP;03/2026;18.176;13.295;3.771;498;0;17.678;445;0;0
SISPAY INSTITUIÇÃO DE PAGAMENTO LTDA.;12651789;SISPAY IP - PRUDENCIAL;;00087528;n4;2;41;SAO PAULO;SP;03/2026;17.919;0;5.451;14.557;9.259;3.362;275;1;0
COOPERATIVA DE CRÉDITO MÚTUO DOS POLICIAIS FEDERAIS E SERVIDORES PÚBLICOS NO ESPÍRITO SANTO - CREDFEDERAL;2083914;;;;b3S;2;9;VILA VELHA;ES;03/2026;17.865;10.333;7.225;12.529;11.932;5.337;65;0;1
WASU - WALLET SUPPORT INSTITUIÇÃO DE PAGAMENTO LTDA;49686505;WASU IP - PRUDENCIAL;;00088280;n4;2;41;BALNEARIO CAMBORIU;SC;03/2026;17.856;0;2.465;13.064;12.157;4.792;-442;1;0
PARTNERBANK INSTITUICAO DE PAGAMENTO S.A.;28979546;PARTNERBANK IP - PRUDENCIAL;;00087391;n4;2;41;SAO PAULO;SP;03/2026;17.590;0;8.770;7.954;5.122;9.636;169;1;0
BNK DIGITAL SOCIEDADE DE CRÉDITO DIRETO S.A.;45331622;BNK DIGITAL SCD - PRUDENCIAL;;00086031;n1;2;43;SAO JOSE DO RIO PRETO;SP;03/2026;17.492;978;2.394;12.250;12.067;5.242;140;2;0
COOPERATIVA DE ECONOMIA E CRÉDITO MÚTUO DOS EMPREGADOS DO SISTEMA FIERGS - CRESUL;92675578;;;;b3S;2;9;PORTO ALEGRE;RS;03/2026;17.462;10.450;0;774;0;16.688;557;0;0
COOPERATIVA DE ECONOMIA E CRÉDITO MÚTUO DOS EMPREGADOS DA SAMARCO MINERAÇÃO S.A. LTDA - CREDISAM;20622809;;;;b3S;2;9;BELO HORIZONTE;MG;03/2026;17.427;7.389;9.783;765;0;16.662;361;0;0
AGENCIA DE FOMENTO DO AMAPA S.A.;2929977;AG. FOMENTO AMAPA S.A. - PRUDENCIAL;;00081098;n1;1;30;MACAPA;AP;03/2026;17.388;12.401;1.495;5.281;3.101;12.107;225;2;0
OPPORTUNITY DISTRIBUIDORA DE TÍTULOS E VALORES MOBILIÁRIOS LTDA;1582158;OPPORTUNITY - PRUDENCIAL;;00080518;n2;2;16;RIO DE JANEIRO;RJ;03/2026;17.356;0;12.014;2.272;0;15.084;1.400;3;0
COOPERATIVA DE CRÉDITO DOS SERVIDORES PÚBLICOS MUNICIPAIS DE TIMÓTEO LTDA. - COOPERTIM;20833976;;;;b3S;2;9;TIMOTEO;MG;03/2026;17.248;13.436;0;1.073;0;16.175;52;0;0
HONDA LEASING S.A. - ARRENDAMENTO MERCANTIL;3634239;HONDA - PRUDENCIAL;00051396;00080611;n1;3;19;SAO PAULO;SP;03/2026;17.170;0;0;182;0;16.988;357;2;0
WARREN CORRETORA DE VALORES MOBILIÁRIOS E CÂMBIO LTDA.;92875780;WARREN CCVM LTDA - PRUDENCIAL;00052333;00082664;n2;2;15;PORTO ALEGRE;RS;03/2026;17.160;0;352;173;0;16.987;-71;2;0
CONECTA CORRETORA DE CÂMBIO LTDA.;18287740;CONECTA CC LTDA - PRUDENCIAL;;00082406;n2;2;21;SAO PAULO;SP;03/2026;17.133;0;0;13.910;0;3.223;-562;2;0
UZZIPAY INSTITUIÇÃO DE PAGAMENTO S.A.;32192325;UZZIPAY IP - PRUDENCIAL;;00086763;n4;2;41;PORTO VELHO;RO;03/2026;17.129;0;0;9.464;4.208;7.665;-388;1;0
BNQI SOCIEDADE DE CREDITO DIRETO S.A.;43167610;BANQI IP - PRUDENCIAL;;00085829;n1;2;43;SAO PAULO;SP;03/2026;17.048;0;16.201;628;0;16.420;693;2;0
COOPERATIVA DE CRÉDITO COOPHARMA;2814832;;;;b3S;2;9;SAO PAULO;SP;03/2026;17.019;11.458;4.670;231;0;16.788;322;0;0
BMG S.A. DISTRIBUIDORA DE TÍTULOS E VALORES MOBILIÁRIOS;8030215;BMG - PRUDENCIAL;00030290;00080178;n2;2;16;SAO PAULO;SP;03/2026;16.950;0;0;2.319;0;14.631;173;2;0
V3 INSTITUICAO DE PAGAMENTO S.A.;38320462;V3 IP - PRUDENCIAL;;00088644;n4;2;41;FORTALEZA;CE;03/2026;16.891;0;262;10.591;6.755;6.301;817;1;0
COOPERATIVA DE ECONOMIA E CREDITO MUTUO DOS SERVIDORES DA COMLURB LTDA;29341260;;;;b3S;2;9;RIO DE JANEIRO;RJ;03/2026;16.421;1.920;9.921;1.328;0;15.094;433;0;0
COOPERATIVA DE ECONOMIA E CRÉDITO MÚTUO DOS SERVIDORES MUNICIPAIS DE POÇOS DE CALDAS LTDA. - COOPOÇOS;41791005;;;;b3S;2;9;POCOS DE CALDAS;MG;03/2026;16.418;12.945;1.387;3.944;1.042;12.474;-313;0;0
COOPERATIVA DE CRÉDITO E SERVIÇOS FINANCEIROS DE CURITIBA E REGIÃO METROPOLITANA;5097757;;;;b3S;2;9;CURITIBA;PR;03/2026;16.324;12.434;229;8.719;8.418;7.605;-514;0;1
FACEBOOK INSTITUIÇÃO DE PAGAMENTO DO BRASIL LTDA.;39321657;FACEBOOK INSTITUICAO PAGAMENTO - PRUDENCIAL;;00085692;n4;3;41;SAO PAULO;SP;03/2026;16.318;0;4.427;3.001;0;13.316;359;1;0
GALLERIA - SOCIEDADE DE CRÉDITO DIRETO S/A;51604356;GALLERIA SCD - PRUDENCIAL;;00087078;n1;2;43;VOTORANTIM;SP;03/2026;16.284;0;6.702;7.998;0;8.286;1.099;2;0
RJI CORRETORA DE TITULOS E VALORES MOBILIARIOS LTDA;42066258;RJI CTVM - PRUDENCIAL;;00082798;n2;2;15;RIO DE JANEIRO;RJ;03/2026;16.260;0;6.581;4.717;1.351;11.542;106;3;0
HARMOS S.A. - SOCIEDADE DE CRÉDITO, FINANCIAMENTO E INVESTIMENTO;56392166;HARMOS SCFI - PRUDENCIAL;;00088352;n1;2;14;SAO PAULO;SP;03/2026;16.254;117;13.452;1.953;1.436;14.301;-1.447;2;0
OZ CORRETORA DE CÂMBIO S.A.;4062902;OZ CC - PRUDENCIAL;;00081892;n2;2;21;SAO PAULO;SP;03/2026;16.107;0;3;11.583;0;4.524;339;2;0
COOPERATIVA DE ECONOMIA E CRÉDITO MÚTUO DOS FUNCIONÁRIOS DA ASTRAZENECA DO BRASIL;1288797;;;;b3S;2;9;COTIA;SP;03/2026;15.950;10.618;5.328;329;0;15.622;342;0;0
ATF SOCIEDADE DE CRÉDITO DIRETO S.A.;44728700;ATF SCD - PRUDENCIAL;;00085915;n1;2;43;PORTO ALEGRE;RS;03/2026;15.943;591;0;5.253;3.494;10.689;450;2;0
EWALLY INSTITUIÇÃO DE PAGAMENTO S.A.;714671;EWALLY IP - PRUDENCIAL;;00086495;n4;2;41;SAO PAULO;SP;03/2026;15.748;0;141;7.427;5.177;8.321;-2.440;1;0
SER FINANCE SOCIEDADE DE CRÉDITO DIRETO S.A.;47873449;SER FINANCE SCD - PRUDENCIAL;;00086378;n1;2;43;RECIFE;PE;03/2026;15.740;3.357;0;9.558;8.129;6.182;-8.442;2;0
SUDACRED SOCIEDADE DE CRÉDITO DIRETO S.A.;20251847;SUDACRED SCD - PRUDENCIAL;;00084428;n1;2;43;CURITIBA;PR;03/2026;15.736;12.063;266;4.147;79;11.590;-20;2;0
MÉRITO SOCIEDADE DE CRÉDITO, FINANCIAMENTO E INVESTIMENTO S.A.;57771416;MÉRITO DTVM - PRUDENCIAL;00085874;00085874;n1;2;14;SAO PAULO;SP;03/2026;15.730;5.586;8.304;5.779;5.691;9.951;-105;2;0
IDEA MAKER INSTITUICAO DE PAGAMENTO LTDA;45860531;IDEA MAKER IP - PRUDENCIAL;;00086914;n4;2;41;SAO PAULO;SP;03/2026;15.668;0;13.086;9.840;5.063;5.829;-2.137;1;0
COOPERATIVA DE ECONOMIA E CREDITO MUTUO DOS EMPREGADOS DE ELEVADORES ATLAS SCHINDLER LTDA.;42107706;;;;b3S;2;9;RIO DE JANEIRO;RJ;03/2026;15.567;11.145;1.814;1.028;0;14.540;518;0;0
COOPERATIVA DE ECONOMIA E CRÉDITO MÚTUO DOS EMPREGADOS DO GRUPO BAYER E EMPRESAS QUÍMICAS E FARMACÊUTICAS DO ESTADO DO RIO DE JANEIRO LTDA.;73631483;;;;b3S;2;9;BELFORD ROXO;RJ;03/2026;15.560;7.425;5.465;984;0;14.576;352;0;0
BEETELLER INSTITUIÇÃO DE PAGAMENTO LTDA.;32074986;BEETELLERPAY IP - PRUDENCIAL;;00086718;n4;2;41;CAMPO GRANDE;MS;03/2026;15.375;0;4.144;5.849;5.387;9.526;1.422;1;0
COOPERATIVA DE ECONOMIA E CRÉDITO MÚTUO DOS APOSENTADOS, PENSIONISTAS E IDOSOS - SICOOB COOPERNAPI;16564240;;;;b3S;2;9;SAO PAULO;SP;03/2026;15.218;11.006;3.461;13.322;13.153;1.896;-313;0;15
LABOR SOCIEDADE CORRETORA DE CÂMBIO LTDA.;6132348;LABOR CC - PRUDENCIAL;;00082073;n2;2;21;RECIFE;PE;03/2026;14.971;0;800;7.955;0;7.015;-246;13;0
COOPERATIVA DE ECONOMIA E CRÉDITO MÚTUO DOS EMPREGADOS DA NOVELIS;57545436;;;;b3S;2;9;SANTO ANDRE;SP;03/2026;14.867;8.809;5.402;878;0;13.989;25;0;0
COOPERATIVA DE ECONOMIA E CRÉDITO MÚTUO DOS  EMPREGADOS DA TUPY MINAS GERAIS LTDA. E NEMAK ALUMÍNIO DO BRASIL LTDA.;4249235;;;;b3S;2;9;BETIM;MG;03/2026;14.730;4.895;9.818;531;0;14.198;315;0;0
CORRETORA DE CÂMBIO AÇORIANA LIMITADA.;15761217;CC AÇORIANA LTDA. - PRUDENCIAL;;00082341;n2;2;21;MANAUS;AM;03/2026;14.416;0;1.137;11.676;0;2.740;143;2;0
OMNI S.A. ARRENDAMENTO MERCANTIL;18846364;OMNI - PRUDENCIAL;00050940;00080460;n1;2;19;SAO PAULO;SP;03/2026;14.273;0;0;115;0;14.158;296;2;0
FOURTRADE CORRETORA DE CÂMBIO LTDA.;40353377;FOURTRADE COR. DE CAMBIO LTDA - PRUDENCIAL;;00081957;n2;2;21;RIO DE JANEIRO;RJ;03/2026;14.200;0;0;10.037;0;4.164;170;3;0
PAGARE INSTITUICAO DE PAGAMENTO S.A.;25104230;PAGARE IP - PRUDENCIAL;;00087607;n4;2;41;SAO PAULO;SP;03/2026;14.116;313;0;10.037;1.605;4.078;-1.520;1;0
COOPERATIVA DE ECONOMIA E CRÉDITO MÚTUO DOS SERVIDORES MUNICIPAIS DE ITABIRA LTDA. - SICOOB COSEMI;16651002;;;;b3S;2;9;ITABIRA;MG;03/2026;13.996;11.076;1.631;4.760;2.606;9.237;-32;0;0
COOPERATIVA DE ECONOMIA E CRÉDITO MÚTUO DOS SERVIDORES PÚBLICOS DOS PODERES EXECUTIVOS NO ESTADO DO ESPÍRITO SANTO;3639902;;;;b3S;2;9;VITORIA;ES;03/2026;13.906;5.846;5.250;1.307;314;12.600;102;0;0
RIO BRAVO INVESTIMENTOS - DISTRIBUIDORA DE TÍTULOS E VALORES MOBILIÁRIOS LTDA.;72600026;RIO BRAVO INVESTIMENTOS DTVM - PRUDENCIAL;;00087975;n2;3;16;SAO PAULO;SP;03/2026;13.865;0;6.146;5.880;2.968;7.985;-183;2;0
ZM SOCIEDADE DE CRÉDITO DIRETO S.A.;49947715;ZM SCD PRUDENCIAL;;00086828;n1;2;43;AGUAS LINDAS DE GOIAS;GO;03/2026;13.783;8.318;4.787;1.100;0;12.683;889;2;0
INTEGRAL ACCESS DISTRIBUIDORA DE TÍTULOS E VALORES MOBILIÁRIOS LTDA.;34978626;INTEGRAL ACCESS DTVM - PRUDENCIAL;;00085049;n2;2;16;SAO PAULO;SP;03/2026;13.771;0;538;13.085;0;686;63;2;0
INVEST CORRETORA DE CÂMBIO LTDA.;17508380;INVEST CC - PRUDENCIAL;;00082396;n2;2;21;PORTO ALEGRE;RS;03/2026;13.615;0;27;6.766;0;6.849;45;2;0
COOPERATIVA DE ECONOMIA E CRÉDITO MÚTUO DOS SERVIDORES PÚBLICOS DA REGIÃO METROPOLITANA DE BELÉM - CREDISIS CREDBEM METROPOLITANA;991739;;;;b3S;2;9;BELEM;PA;03/2026;13.459;9.094;1.693;1.519;0;11.940;-12;0;0
COOPERATIVA DE ECONOMIA E CRÉDITO MÚTUO DOS MEMBROS DO MINISTÉRIO PÚBLICO DE SÃO PAULO - PROMOCRED;4478231;;;;b3S;2;9;SAO PAULO;SP;03/2026;13.366;5.500;7.236;963;0;12.403;209;0;0
A27 INSTITUICAO DE PAGAMENTOS S/A;35534511;A27 IP - PRUDENCIAL;;00087504;n4;2;41;FLORES DA CUNHA;RS;03/2026;13.107;0;7.548;7.826;7.804;5.282;100;1;0
COOPERATIVA DE ECONOMIA E CRÉDITO MÚTUO DOS EMPREGADOS DA CONFAB;59305565;;;;b3S;2;9;PINDAMONHANGABA;SP;03/2026;12.897;8.949;3.851;275;0;12.622;330;0;0
INTERCAM CORRETORA DE CÂMBIO LTDA.;34265629;INTERCAM CC LTDA - PRUDENCIAL;;00081926;n2;2;21;SAO PAULO;SP;03/2026;12.628;0;6.223;8.535;0;4.093;-107;2;0
DILLON S/A DISTRIBUIDORA DE TITULOS E VALORES MOBILIARIOS;33851064;DILLON S/A DTVM - PRUDENCIAL;;00083807;n2;2;16;RIO DE JANEIRO;RJ;03/2026;12.587;0;6.394;4.048;1.800;8.539;-70;3;0
COOPERATIVA DE ECONOMIA E CRÉDITO MÚTUO DOS FUNCIONÁRIOS DO GRUPO COMOLATTI - SÃO PAULO;47196084;;;;b3S;2;9;SAO PAULO;SP;03/2026;12.452;6.613;5.397;1.201;0;11.251;349;0;0
COOPERATIVA DE ECONOMIA E CRÉDITO MÚTUO DOS PETROLEIROS NO ESTADO DE MINAS GERAIS LTDA. - COPETRO;26758433;;;;b3S;2;9;BELO HORIZONTE;MG;03/2026;12.380;10.936;269;1.752;0;10.628;-829;0;0
COOPERATIVA DE CRÉDITO MÚTUO DOS EMPREGADOS DA SKF E COLIGADAS;49091119;;;;b3S;2;9;CAJAMAR;SP;03/2026;12.297;7.238;5.056;191;0;12.106;457;0;0
VERT DISTRIBUIDORA DE TÍTULOS E VALORES MOBILIÁRIOS LTDA;48967968;VERT DTVM - PRUDENCIAL;;00087171;n2;2;16;SAO PAULO;SP;03/2026;12.241;0;1.179;7.182;5.148;5.058;1.874;2;0
PAY BROKERS IP INSTITUICAO DE PAGAMENTO LTDA.;40820176;PAY BROKERS IP - PRUDENCIAL;;00087762;n4;2;41;CURITIBA;PR;03/2026;12.065;0;1.675;6.799;598;5.266;-208;1;0
DELTA GLOBAL SOCIEDADE DE CRÉDITO DIRETO S.A.;55823094;DELTA GLOBAL SCD - PRUDENCIAL;;00087937;n1;2;43;SAO PAULO;SP;03/2026;12.002;11.188;353;4.788;185;7.214;1.485;2;0
AMARIL FRANKLIN CORRETORA DE TÍTULOS E VALORES LTDA;17312661;AMARIL FRANKLIN CTV LTDA - PRUDENCIAL;;00082516;n2;2;15;BELO HORIZONTE;MG;03/2026;11.905;0;2.030;2.609;937;9.296;-165;2;0
ONCRED - SOCIEDADE DE CRÉDITO DIRETO S.A.;44650156;ONCRED SCD - PRUDENCIAL;;00086000;n1;2;43;SAO CAETANO DO SUL;SP;03/2026;11.794;1.876;7.702;1.998;0;9.797;-526;2;0
COOPERATIVA DE ECONOMIA E CRÉDITO MÚTUO DOS FUNCIONÁRIOS DO FLEURY;71965313;;;;b3S;2;9;SAO PAULO;SP;03/2026;11.729;6.066;4.867;136;0;11.593;275;0;0
DAUX SOCIEDADE DE CRÉDITO DIRETO S.A.;34846868;DAUX SCD - PRUDENCIAL;;00084992;n1;2;43;LINS;SP;03/2026;11.715;9.063;2.527;1.132;0;10.582;500;2;0
COOPERATIVA DE ECONOMIA E CREDITO MUTUO DOS SERVIDORES ESTATUTARIOS DA ADMINISTRAÇÃO DIRETA DO ESTADO DO ESPIRITO SANTO - COOPSERVIDOR ES;2475222;;;;b3S;2;9;VITORIA;ES;03/2026;11.650;8.903;761;4.803;3.297;6.847;21;0;0
COOPERATIVA DE ECONOMIA E CRÉDITO MÚTUO DOS FUNCIONÁRIOS DA BOMBRIL;57038408;;;;b3S;2;9;SAO BERNARDO DO CAMPO;SP;03/2026;11.587;10.423;1.119;944;0;10.643;230;0;0
CREDJUST - COOPERATIVA DE CRÉDITO MÚTUO DOS INTEGRANTES DA JUSTIÇA DO TRABALHO DA 13- REGIÃO LTDA.;4608925;;;;b3S;2;9;JOAO PESSOA;PB;03/2026;11.539;9.474;1.179;4.518;3.964;7.021;25;0;1
FINAXIS CORRETORA DE TÍTULOS E VALORES MOBILIÁRIOS S.A.;3317692;FINAXIS - PRUDENCIAL;00051688;00080790;n2;2;15;CURITIBA;PR;03/2026;11.525;0;0;4.380;1.543;7.145;1.833;2;0
ACTIVTRADES CORRETORA DE CÂMBIO, TÍTULOS E VALORES MOBILIÁRIOS LTDA.;43050917;ACTIVTRADES CCTVM - PRUDENCIAL;;00085977;n2;3;15;FLORIANOPOLIS;SC;03/2026;11.479;0;1.012;1.501;242;9.978;-912;2;0
VX PAVARINI DISTRIBUIDORA DE TÍTULOS E VALORES MOBILIÁRIOS LTDA;15227994;VORTX DTVM - PRUDENCIAL;00052364;00084538;n2;2;16;SAO PAULO;SP;03/2026;11.378;0;15;3.348;0;8.030;1.012;3;0
H.COMMCOR DISTRIBUIDORA DE TÍTULOS E VALORES MOBILIÁRIOS LTDA.;1788147;H.COMMCOR DTVM LTDA. - PRUDENCIAL;;00084222;n2;2;16;SAO PAULO;SP;03/2026;11.315;0;7.089;1.259;0;10.056;-525;2;0
INSTITUIÇÃO DE PAGAMENTOS MAPS LTDA.;45548763;INSTITUIÇÃO DE PAGAMENTOS MAPS - PRUDENCIAL;;00087308;n4;2;41;SAO PAULO;SP;03/2026;11.275;0;236;6.146;4.782;5.130;-668;1;0
TRADERS DISTRIBUIDORA DE TÍTULOS E VALORES MOBILIÁRIOS LTDA.;62280490;TRADERS DTVM - PRUDENCIAL;;00083845;n2;2;16;SAO PAULO;SP;03/2026;11.174;0;8.703;777;0;10.397;-5.346;2;0
COOPERATIVA DE ECONOMIA E CRÉDITO MÚTUO DOS EMPREGADOS DA JOYSON SAFETY SYSTEMS - COOPERJSS;47944277;;;;b3S;2;9;JUNDIAI;SP;03/2026;11.039;112;16;2.315;0;8.724;-317;0;0
KIWIFY INSTITUICAO DE PAGAMENTO LTDA;53908413;KIWIFY IP - PRUDENCIAL;;00088266;n4;2;41;BALNEARIO CAMBORIU;SC;03/2026;11.030;0;9.391;758;470;10.272;-345;1;0
COOPERATIVA DE CRÉDITO MÚTUO DOS EMPREGADOS DA PILKINGTON BRASIL;2104058;;;;b3S;2;9;CACAPAVA;SP;03/2026;10.944;7.724;2.763;324;0;10.620;289;0;0
KIKAI SOCIEDADE DE CRÉDITO DIRETO S.A.;43978697;KIKAI SCD PRUDENCIAL;;00085836;n1;2;43;BARUERI;SP;03/2026;10.929;0;273;5.466;4.887;5.463;-427;2;0
COOPERATIVA DE CRÉDITO RURAL DOS PLANTADORES DE CANA DA REGIÃO DE IGARAPAVA;52623311;;;;b3S;2;9;IGARAPAVA;SP;03/2026;10.862;6.432;0;1.684;0;9.178;94;0;0
ASAAS SOCIEDADE DE CRÉDITO, FINANCIAMENTO E INVESTIMENTO S.A.;48786608;ASAAS GESTAO FINANCEIRA IP - PRUDENCIAL;;00085771;n1;2;14;JOINVILLE;SC;03/2026;10.689;267;9.908;246;0;10.443;167;2;0
MULTICRED SOCIEDADE DE CRÉDITO DIRETO S.A.;38593706;MULTICRED SCD - PRUDENCIAL;;00085355;n1;2;43;SALVADOR;BA;03/2026;10.584;5.624;4.216;512;0;10.071;577;2;0
CREDI-SHOP - SOCIEDADE DE CRÉDITO DIRETO S.A.;54733010;CREDI SHOP S.A. - PRUDENCIAL;;00084923;n1;2;43;TERESINA;PI;03/2026;10.580;558;9.905;114;0;10.466;132;2;0
PAYFACE INSTITUICAO DE PAGAMENTO S.A.;32982245;PAYFACE IP - PRUDENCIAL;;00088132;n4;2;41;FLORIANOPOLIS;SC;03/2026;10.483;0;7.701;1.999;0;8.484;-2.929;1;0
COOPERATIVA DE ECONOMIA E CRÉDITO MÚTUO DOS FABRICANTES DE CALÇADOS DE SAPIRANGA LTDA.;5841967;;;;b3S;2;9;SAPIRANGA;RS;03/2026;10.464;6.576;573;4.609;3.642;5.855;-104;0;0
SCB CRÉDITO SOCIEDADE DE CRÉDITO AO MICROEMPREENDEDOR E À EMPRESA DE PEQUENO PORTE LTDA.;8430732;SCB CRÉDITO SCMEPP - PRUDENCIAL;;00083230;n1;2;10;FORTALEZA;CE;03/2026;10.341;8.272;0;6.604;0;3.737;415;2;0
ZIPDIN SOLUÇÕES DIGITAIS SOCIEDADE DE CRÉDITO DIRETO S/A;37414009;ZIPDIN SCD - PRUDENCIAL;;00085221;n1;2;43;SAO PAULO;SP;03/2026;10.282;434;0;7.377;0;2.905;80;2;0
COOPERATIVA DE ECONOMIA E CRÉDITO MÚTUO DOS FUNCIONÁRIOS DA ELGIN;45045671;;;;b3S;2;9;MOGI DAS CRUZES;SP;03/2026;10.137;6.318;3.285;657;0;9.480;169;0;0
HSCM - SOCIEDADE DE CRÉDITO AO MICROEMPREENDEDOR E À EMPRESA DE PEQUENO PORTE LTDA.;7693858;HSCM SCMEPP LTDA. - PRUDENCIAL;;00083089;n1;2;10;IBIA;MG;03/2026;10.118;6.783;428;2.178;0;7.940;289;2;0
MONEE SOCIEDADE DE CREDITO, FINANCIAMENTO E INVESTIMENTO S.A.;63055668;SHPP BRASIL IP - PRUDENCIAL;00086275;00086275;n1;3;14;SAO PAULO;SP;03/2026;10.103;0;0;35;0;10.068;68;2;0
LEVYCAM - CORRETORA DE CAMBIO E VALORES LTDA.;50579044;LEVYCAM CCV LTDA - PRUDENCIAL;;00082592;n2;2;15;SAO PAULO;SP;03/2026;9.967;0;0;6.876;0;3.091;60;4;0
COOPERATIVA DE ECONOMIA E CRÉDITO MÚTUO DOS SERVIDORES DA SECRETARIA DE DEFESA SOCIAL DO ESTADO DE MINAS GERAIS LTDA. - COOPSESP;5746715;;;;b3S;2;9;BELO HORIZONTE;MG;03/2026;9.912;3.926;5.552;727;0;9.184;36;0;0
G5 SOCIEDADE DE CRÉDITO DIRETO S.A.;51212088;G5 SCD - PRUDENCIAL;;00087047;n1;2;43;SAO JOSE;SC;03/2026;9.877;4.275;225;804;790;9.073;-111;2;0
SOCIALCRED S/A - SOCIEDADE DE CRÉDITO AO MICROEMPREENDEDOR E À EMPRESA DE PEQUENO PORTE;4316357;SOCIALCRED S/A SCMEPP - PRUDENCIAL;;00083027;n1;2;10;RIO DE JANEIRO;RJ;03/2026;9.831;9.354;0;155;0;9.676;-13;2;0
EXIM CORRETORA DE CAMBIO LTDA;73302408;EXIM CC LTDA - PRUDENCIAL;;00082217;n2;2;21;PORTO ALEGRE;RS;03/2026;9.792;0;0;9.076;0;716;-181;2;0
APROMS NET INSTITUICAO DE PAGAMENTO LTDA.;37168145;APROMS NET IP - PRUDENCIAL;;00087573;n4;2;41;DOURADOS;MS;03/2026;9.745;2.402;5.076;2.688;0;7.057;-227;1;0
BMS SOCIEDADE DE CRÉDITO DIRETO S.A.;17826860;BMS SCD - PRUDENCIAL;;00083333;n1;2;43;FORTALEZA;CE;03/2026;9.690;2.733;1;4.204;1.957;5.486;380;2;0
COOPERATIVA DE ECONOMIA E CRÉDITO MÚTUO DOS FUNCIONÁRIOS DA FACULDADE DE CIÊNCIAS AGRÁRIAS E VETERINÁRIAS - CAMPUS DE JABOTICABAL/SP - COOPERFAC;57259525;;;;b3S;2;9;JABOTICABAL;SP;03/2026;9.621;9.054;236;649;0;8.972;123;0;0
COOPERATIVA DE ECONOMIA E CRÉDITO MÚTUO DOS FUNCIONÁRIOS DO GRUPO AVIBRAS - COOPER AVIBRAS;43268960;;;;b3S;2;9;JACAREI;SP;03/2026;9.530;8.973;15;1.468;0;8.063;0;0;0
COOPERATIVA DE CRÉDITO MÚTUO DOS SERVIDORES DA SEGURANÇA PÚBLICA DE SÃO PAULO - CREDIAFAM;4804353;;;;b3S;2;9;SAO PAULO;SP;03/2026;9.445;3.195;6.196;594;0;8.851;83;0;0
COOPERATIVA DE ECONOMIA E CRÉDITO MÚTUO DOS SERVIDORES DO DISTRITO FEDERAL LTDA. - COOSERVCRED;778858;;;;b3S;2;9;BRASILIA;DF;03/2026;9.402;7.796;33;4.133;3.416;5.268;6;0;0
CRETOVALE - COOPERATIVA DE ECONOMIA E CRÉDITO MÚTUO DOS TRABALHADORES DA VALE;28145589;;;;b3S;2;9;VITORIA;ES;03/2026;9.323;1.775;7.239;1.587;0;7.736;96;0;1
MONETAR DISTRIBUIDORA DE TÍTULOS E VALORES MOBILIÁRIOS LTDA.;12063256;TERRA INVESTIMENTOS DTVM - PRUDENCIAL;00084514;00084514;n2;2;16;SAO PAULO;SP;03/2026;9.268;0;0;1.342;0;7.926;1.415;2;0
COOPERATIVA DE CRÉDITO E INVESTIMENTO COM INTERAÇÃO SOLIDÁRIA DE TOLEDO E REGIÃO - CRESOL PRIMATO CREDI;53575491;;;;b3S;2;9;TOLEDO;PR;03/2026;9.164;689;1;8.555;8.229;609;3;0;2
LEV DISTRIBUIDORA DE TÍTULOS E VALORES MOBILIÁRIOS LTDA.;45457891;LEV DTVM - PRUDENCIAL;;00086347;n2;2;16;SAO PAULO;SP;03/2026;9.153;0;5.983;4.954;1.594;4.199;-853;2;0
ALL IN CRED SOCIEDADE DE CREDITO DIRETO S.A.;51414521;ALL IN CRED SCD - PRUDENCIAL;;00087085;n1;2;43;SAO PAULO;SP;03/2026;9.138;1.256;8;2.541;33;6.597;2.486;2;0
COOPERATIVA DE ECONOMIA E CRÉDITO MÚTUO DOS TRABALHADORES NAS INDÚSTRIAS DE EXTRAÇÃO DE FERRO E METAIS BÁSICOS DA REGIÃO DE CONGONHAS LTDA. - COOFERSE;71384697;;;;b3S;2;9;CONGONHAS;MG;03/2026;9.116;6.618;1.732;859;0;8.257;35;0;0
LP DO BRASIL INSTITUIÇÃO DE PAGAMENTO LTDA.;34669130;LP DO BRASIL IP - PRUDENCIAL;;00088053;n4;3;41;CAMPINAS;SP;03/2026;9.100;0;5.714;4.703;0;4.397;-101;1;0
SETHI SOCIEDADE DE CRÉDITO DIRETO S.A.;50946592;SETHI SCD - PRUDENCIAL;;00087016;n1;2;43;FLORIANOPOLIS;SC;03/2026;9.086;8.006;387;228;0;8.858;406;2;0
NOSSA TERRA BRASIL COOPERATIVA DE CRÉDITO;49204605;;;;b3S;2;9;CAJATI;SP;03/2026;9.064;4.914;3.962;316;0;8.748;-35;0;0
COOPERATIVA DE ECONOMIA E CREDITO MUTUO DOS SERVIDORES DA EMPRESA BRASILEIRA DE CORREIOS E TELEGRAFOS LTDA;42100982;;;;b3S;2;9;RIO DE JANEIRO;RJ;03/2026;9.055;1.088;0;248;142;8.807;21;0;1
COOPERATIVA DE ECONOMIA E CRÉDITO MÚTUO ALIANÇA - COOPERNITRO;52935442;;;;b3S;2;9;SAO PAULO;SP;03/2026;9.031;6.084;2.871;185;0;8.846;169;0;0
HBI SOCIEDADE DE CRÉDITO DIRETO S/A.;4849745;HBI SCD - PRUDENCIAL;;00083041;n1;2;43;LEOPOLDINA;MG;03/2026;9.026;2.355;0;3.352;3;5.674;1.948;2;0
GET MONEY CORRETORA DE CÂMBIO S.A.;10853017;GET MONEY CC - PRUDENCIAL;;00082255;n2;2;21;SAO PAULO;SP;03/2026;8.929;12;436;1.585;0;7.345;-231;2;0
COOPERATIVA DE ECONOMIA E CRÉDITO MÚTUO DOS FUNCIONÁRIOS DA MORLAN - CRED MORLAN;731320;;;;b3S;2;9;ORLANDIA;SP;03/2026;8.882;7.952;336;227;0;8.655;292;0;0
CREDNOVO SOCIEDADE DE EMPRÉSTIMO ENTRE PESSOAS S. A.;38146949;PICPAY - PRUDENCIAL;00052632;00088022;n1;2;44;SAO PAULO;SP;03/2026;8.839;0;2.445;7.131;0;1.709;-218;2;0
MAGNUM SOCIEDADE DE CRÉDITO DIRETO S.A.;44683140;MAGNUM SCD - PRUDENCIAL;;00085984;n1;2;43;SAO PAULO;SP;03/2026;8.775;35;6.040;3.358;680;5.418;-655;2;0
NUMBRS SOCIEDADE DE CRÉDITO DIRETO S.A.;38129006;NUMBRS SCD - PRUDENCIAL;;00085410;n1;2;43;SAO PAULO;SP;03/2026;8.709;0;5.329;3.554;3.091;5.155;111;2;0
COOPERATIVA DE ECONOMIA E CRÉDITO MÚTUO DOS SERVIDORES DA FACULDADE DE ENGENHARIA DE ILHA SOLTEIRA - COOPERFEIS;96409263;;;;b3S;2;9;ILHA SOLTEIRA;SP;03/2026;8.673;6.425;2.212;155;0;8.519;205;0;0
BARU SOCIEDADE DE CRÉDITO, FINANCIAMENTO E INVESTIMENTO S/A;42723848;BARU SCFI - PRUDENCIAL;00052656;00085805;n1;2;14;PORTO ALEGRE;RS;03/2026;8.617;6.116;2.211;721;0;7.897;179;2;0
SENSO CORRETORA DE CAMBIO E VALORES MOBILIARIOS S.A;17352220;SENSO CCVM S.A. - PRUDENCIAL;;00082750;n2;2;15;RIO DE JANEIRO;RJ;03/2026;8.568;0;6.935;11.250;0;-2.682;-1.832;2;0
GERU SOCIEDADE DE CRÉDITO DIRETO S.A.;37763847;GERU SCD - PRUDENCIAL;;00085290;n1;3;43;RIO DE JANEIRO;RJ;03/2026;8.558;525;800;1.651;632;6.906;351;2;0
SQUID SOCIEDADE DE CRÉDITO DIRETO S.A.;56198117;SQUID SCD - PRUDENCIAL;;00087755;n1;2;43;CAXIAS DO SUL;RS;03/2026;8.422;0;5.236;3.128;659;5.294;37;2;0
COOPERATIVA DE ECONOMIA E CRÉDITO MÚTUO DOS EMPREGADOS DO GRUPO TELEFÔNICA;57598120;;;;b3S;2;9;SAO PAULO;SP;03/2026;8.421;5.200;2.674;372;0;8.049;147;0;0
COOPERATIVA DE ECONOMIA E CRÉDITO MÚTUO DOS EMPREGADOS DA SAINT-GOBAIN DO BRASIL PRODUTOS INDUSTRIAIS E PARA CONSTRUÇÃO - DIVISÃO VIDRO PLANO;48140925;;;;b3S;2;9;MAUA;SP;03/2026;8.393;4.461;3.630;564;0;7.829;189;0;0
DGBK CREDIT S.A. - SOCIEDADE DE CRÉDITO DIRETO.;48584954;DGBK CREDIT SCD - PRUDENCIAL;;00086543;n1;2;43;SALVADOR;BA;03/2026;8.364;6.049;108;2.236;1.897;6.128;-34;2;0
SAFRA SOCIEDADE DE CREDITO DIRETO S.A.;58330558;SAFRA - PRUDENCIAL;00010083;00080109;n1;2;43;SAO PAULO;SP;03/2026;8.278;0;8.278;46;0;8.232;226;2;0
COOPSEBRAE - COOPERATIVA DE CRÉDITO MÚTUO DOS EMPREGADOS DO SEBRAE/PB, SEBRAE/RN, SESC/PB, SENAC/PB, SENAR/PB E FAEPA/PB;41219353;;;;b3S;2;9;JOAO PESSOA;PB;03/2026;8.263;4.044;3.941;3.280;2.499;4.983;130;0;0
UNICRED DISTRIBUIDORA DE TITULOS E VALORES MOBILIARIOS LTDA;53899051;UNICRED DTVM - PRUDENCIAL;;00088187;n2;2;16;PORTO ALEGRE;RS;03/2026;8.241;0;7.854;976;0;7.264;-294;1;0
PAGPRIME INSTITUICAO DE PAGAMENTO LTDA;30944783;PAGPRIME IP - PRUDENCIAL;;00086880;n4;2;41;GOIANIA;GO;03/2026;8.195;0;0;2.721;1.409;5.474;80;1;0
COOPERATIVA DE ECONOMIA E CRÉDITO MÚTUO DOS FUNCIONÁRIOS DO GRUPO LORENZETTI;44905255;;;;b3S;2;9;SAO PAULO;SP;03/2026;8.184;2.415;4.989;396;0;7.788;30;0;0
FONTECRED - SOCIEDADE DE CRÉDITO DIRETO S/A;33890605;FONTECRED SCD - PRUDENCIAL;;00084954;n1;2;43;LAGOA DA PRATA;MG;03/2026;7.993;3.918;624;5.227;1.108;2.766;-817;2;0
PINE INVESTIMENTOS DISTRIBUIDORA DE TÍTULOS E VALORES MOBILIÁRIOS LTDA;92236777;PINE - PRUDENCIAL;00050304;00080374;n2;2;16;SAO PAULO;SP;03/2026;7.988;0;4.263;874;0;7.115;78;2;0
GIRO - SOCIEDADE DE CRÉDITO DIRETO S/A;40112555;GIRO SCD - PRUDENCIAL;;00085496;n1;2;43;CURITIBA;PR;03/2026;7.830;0;1.381;6.437;0;1.393;-161;2;0
BCP SECURITIES DISTRIBUIDORA DE TÍTULOS E VALORES MOBILIÁRIOS LTDA.;54541468;BCP SECURITIES DTVM - PRUDENCIAL;;00087418;n2;3;16;RIO DE JANEIRO;RJ;03/2026;7.748;0;5.730;5.457;0;2.291;-553;2;0
TROCKA CORRETORA DE CAMBIO LTDA.;30183111;TROCKA CC  - PRUDENCIAL;;00084796;n2;2;21;RIO DE JANEIRO;RJ;03/2026;7.713;0;1.985;6.029;0;1.684;170;2;0
MAG INSTITUICAO DE PAGAMENTO LTDA;21995256;MAG IP - PRUDENCIAL;;00086385;n4;2;41;RIO DE JANEIRO;RJ;03/2026;7.660;0;2.695;2.012;1.139;5.648;-525;1;0
COOPERATIVA DE ECONOMIA E CRÉDITO MÚTUO DOS EMPREGADOS DA EATON;73077398;;;;b3S;2;9;VALINHOS;SP;03/2026;7.635;4.398;2.880;470;0;7.165;-35;0;1
COOPERATIVA DE ECONOMIA E CRÉDITO MÚTUO DOS FUNCIONÁRIOS DAS EMPRESAS DO GRUPO DANA - COOPDANA;91018408;;;;b3S;2;9;GRAVATAI;RS;03/2026;7.624;6.344;0;172;0;7.453;149;0;0
PENTAGONO S/A DISTRIBUIDORA DE TITULOS E VALORES MOBILIARIOS;17343682;PENTAGONO S/A DTVM - PRUDENCIAL;;00083773;n2;2;16;RIO DE JANEIRO;RJ;03/2026;7.584;0;6.304;2.600;0;4.983;1.696;3;0
COOPERATIVA DE ECONOMIA E CRÉDITO MÚTUO DOS EMPREGADOS DA MOSAIC FERTILIZANTES DE UBERABA - COPERURA LTDA.;17607375;;;;b3S;2;9;UBERABA;MG;03/2026;7.430;3.312;3.575;203;0;7.227;182;0;0
NIKOS DISTRIBUIDORA DE TÍTULOS E VALORES MOBILIÁRIOS LTDA.;87963450;NIKOS DTVM - PRUDENCIAL;;00087621;n2;2;16;RIO DE JANEIRO;RJ;03/2026;7.379;0;20;2.131;0;5.248;-1.069;2;0
ATICCA - SOCIEDADE DE CRÉDITO DIRETO S.A.;44478623;ATICCA SCD PRUDENCIAL;;00085946;n1;2;43;ARARAQUARA;SP;03/2026;7.377;3.838;0;1.696;1.622;5.681;108;2;0
COOPERATIVA DE ECONOMIA E CRÉDITO MÚTUO DOS FUNCIONÁRIOS DAS EMPRESAS DE CERÂMICA - COOPASPACER;2541707;;;;b3S;2;9;SANTA GERTRUDES;SP;03/2026;7.347;3.895;3.216;1.371;974;5.976;206;0;0
MAX INSTITUIÇÃO DE PAGAMENTO LTDA;54024532;MAX IP - PRUDENCIAL;;00088211;n4;2;41;PORTO ALEGRE;RS;03/2026;7.269;0;6.266;1.374;0;5.895;178;1;0
NEON CORRETORA DE TÍTULOS E VALORES MOBILIÁRIOS S.A.;61723847;NEON PAGAMENTOS IP - PRUDENCIAL;00052285;00085702;n2;2;15;SAO PAULO;SP;03/2026;7.258;0;6.796;132;30;7.126;33;2;0
MONETARIE SOCIEDADE DE CRÉDITO DIRETO S.A.;46026562;MONETARIE SCD - PRUDENCIAL;;00085991;n1;2;43;PORTO ALEGRE;RS;03/2026;7.206;916;0;2.191;1.157;5.016;671;2;0
BR-CAPITAL DISTRIBUIDORA DE TÍTULOS E VALORES MOBILIÁRIOS S.A.;44077014;BR-CAPITAL DTVM S.A. - PRUDENCIAL;;00083814;n2;2;16;SAO PAULO;SP;03/2026;7.113;0;3.626;968;0;6.145;595;2;0
BFC SOCIEDADE DE CRÉDITO DIRETO S.A.;59396084;BFC SCD - PRUDENCIAL;;00087982;n1;2;43;RECIFE;PE;03/2026;7.026;0;4.610;1.681;1.449;5.345;49;2;0
PERCAPITAL SOCIEDADE DE CRÉDITO DIRETO S.A.;48707451;PERCAPITAL SCD - PRUDENCIAL;;00086426;n1;2;43;CAMPO GRANDE;MS;03/2026;6.999;230;2.746;5.646;0;1.353;129;2;0
COOPERATIVA DE ECONOMIA E CRÉDITO MÚTUO DOS EMPREGADOS DA MAGNESITA REFRATÁRIOS S.A. LTDA. - CECREM;913314;;;;b3S;2;9;CONTAGEM;MG;03/2026;6.958;1.698;4.853;481;0;6.476;94;0;0
LOAN BRASIL SOCIEDADE DE CRÉDITO DIRETO S.A.;50032584;AVANCARD PROVER IP - PRUDENCIAL;;00087212;n1;2;43;MANAUS;AM;03/2026;6.955;0;0;585;0;6.370;134;2;0
EXECUTIVE SOCIEDADE CORRETORA DE CÂMBIO LTDA.;19086249;EXECUTIVE SCC LTDA - PRUDENCIAL;;00082468;n2;2;21;NOVO HAMBURGO;RS;03/2026;6.908;0;30;2.772;0;4.135;255;3;0
COOPERATIVA DE ECONOMIA E CREDITO MUTUO DOS EMPREGADOS DAS EMPRESAS DE TRANSPORTES COLETIVOS RODOVIÁRIOS DE PASSAGEIROS DO GRANDE RIO LTDA;141155;;;;b3S;2;9;SAO GONCALO;RJ;03/2026;6.885;1.843;3.114;580;0;6.305;26;0;1
COOPERATIVA DE ECONOMIA E CREDITO MÚTUO DOS PROFESSORES ESTADUAIS DA REGIÃO METROPOLITANA DE PORTO ALEGRE - EDUCREDI;5419025;;;;b3S;2;9;PORTO ALEGRE;RS;03/2026;6.884;917;0;1.120;0;5.764;63;0;0
SAYGO CORRETORA DE CÂMBIO S.A.;40333582;SAYGO CC - PRUDENCIAL;;00085795;n2;2;21;JUNDIAI;SP;03/2026;6.862;0;112;5.543;0;1.319;-138;2;0
MICROCASH SOCIEDADE DE CRÉDITO AO MICROEMPREENDEDOR E À EMPRESA DE PEQUENO PORTE LTDA.;45756448;MICROCASH SCMEPP - PRUDENCIAL;;00086079;n1;2;10;SAO PAULO;SP;03/2026;6.856;0;0;1.734;0;5.122;-707;2;0
SEDONA SOCIEDADE DE CRÉDITO DIRETO S.A.;57173208;CREFISA S.A. CFI - PRUDENCIAL;00052010;00083632;n1;2;43;SAO PAULO;SP;03/2026;6.827;3;6.706;23;0;6.804;184;2;0
VÓRTX SOCIEDADE DE CRÉDITO DIRETO S.A.;53385390;VORTX DTVM - PRUDENCIAL;00052364;00084538;n1;2;43;SAO PAULO;SP;03/2026;6.779;0;5.468;407;0;6.372;-103;2;0
COOPERATIVA DE CRÉDITO DOS EMPREGADOS DA COMPANHIA INDUSTRIAL CATAGUASES E DA BAUMINAS LTDA. - COOPECIC;19495266;;;;b3S;2;9;CATAGUASES;MG;03/2026;6.735;4.132;2.305;1.171;0;5.564;-110;0;0
VR DISTRIBUIDORA DE TÍTULOS E VALORES MOBILIÁRIOS LTDA.;64835226;VR - PRUDENCIAL;00050524;00080408;n2;2;16;SAO PAULO;SP;03/2026;6.686;0;0;72;0;6.615;114;2;0
COOPERATIVA DE CRÉDITO MÚTUO DOS FUNCIONÁRIOS DA RICLAN;6077760;;;;b3S;2;9;RIO CLARO;SP;03/2026;6.681;2.984;3.401;466;0;6.215;93;0;0
COOPERATIVA DE CRÉDITO MÚTUO DOS EMPREGADOS DA FIAÇÃO ALPINA - COOPERALPINA;55319370;;;;b3S;2;9;MORUNGABA;SP;03/2026;6.645;3.198;2.932;264;0;6.381;286;0;0
COOPERATIVA DE ECONOMIA E CRÉDITO MÚTUO DOS EMPREGADOS DAS INDÚSTRIAS UNILEVER DO BRASIL;53272365;;;;b3S;2;9;VALINHOS;SP;03/2026;6.549;3.492;2.912;557;0;5.992;172;0;0
TURCÂMBIO - SOCIEDADE CORRETORA DE CÂMBIO LTDA.;15482499;TURCAMBIO SCC LTDA. - PRUDENCIAL;;00082334;n2;2;21;IMBITUBA;SC;03/2026;6.530;0;0;1.518;0;5.012;-39;10;0
COOPERATIVA DE ECONOMIA E CRÉDITO MÚTUO DOS FUNCIONÁRIOS DO GRUPO MAUÁ E EMPRESAS COLIGADAS LTDA. - COOPMAUÁ;5048575;;;;b3S;2;9;SAO GONCALO;RJ;03/2026;6.528;1.221;4.016;491;0;6.037;124;0;0
EFX CORRETORA DE CÂMBIO LTDA.;94968518;EFX CC LTDA. - PRUDENCIAL;;00082248;n2;2;21;SAO PAULO;SP;03/2026;6.510;0;0;5.299;0;1.211;-181;2;0
COOPERATIVA DE ECONOMIA E CRÉDITO MÚTUO DOS FUNCIONÁRIOS DAS EMPRESAS ITAÚ;43446335;;;;b3S;2;9;ITAU DE MINAS;MG;03/2026;6.503;1.398;5.064;603;0;5.900;127;0;0
TRANSFERO INSTITUICAO DE PAGAMENTO LTDA.;47133056;TRANSFERO IP - PRUDENCIAL;;00087236;n4;2;41;RIO DE JANEIRO;RJ;03/2026;6.478;0;3.605;1.452;1.332;5.026;-7;1;0
DUFRIO FINANCEIRA, CRÉDITO, FINANCIAMENTO E INVESTIMENTOS S.A.;35479592;DUFRIO CFI - PRUDENCIAL;;00085324;n1;2;14;PORTO ALEGRE;RS;03/2026;6.332;1.967;4.132;218;0;6.114;-360;2;0
LB PAY INSTITUIÇÃO DE PAGAMENTO LTDA;52833288;LB PAY IP - PRUDENCIAL;;00088046;n4;3;41;SAO PAULO;SP;03/2026;6.320;0;5.132;1.281;1.102;5.039;-632;1;0
BOA VIAGEM SOCIEDADE CORRETORA DE CÂMBIO LTDA.;6373777;BOA VIAGEM SCC LTDA. - PRUDENCIAL;;00082080;n2;2;21;RECIFE;PE;03/2026;6.271;0;0;645;0;5.627;162;13;0
A COOPERATIVA DE ECONOMIA E CRÉDITO MÚTUO DOS FUNCIONÁRIOS DA BRAZIL GR LTDA.;48172860;;;;b3S;2;9;RIO CLARO;SP;03/2026;6.260;3.002;3.179;989;657;5.271;27;0;0
INTRA INVESTIMENTOS DISTRIBUIDORA DE TÍTULOS E VALORES MOBILIÁRIOS LTDA;15489568;INTRA INVESTIMENTOS DTVM - PRUDENCIAL;;00084301;n2;2;16;SAO PAULO;SP;03/2026;6.241;0;5.038;3.311;0;2.930;65;2;0
BRX SOCIEDADE CORRETORA DE CÂMBIO LTDA.;17904906;BRX SCC LTDA. - PRUDENCIAL;;00082413;n2;2;21;RIO DE JANEIRO;RJ;03/2026;6.210;0;0;4.689;0;1.521;-74;2;0
ÓTIMO SOCIEDADE DE CRÉDITO DIRETO S.A.;34335592;CODEPE CORRETORA DE VAL. S.A. - PRUDENCIAL;00052089;00082712;n1;2;43;BARUERI;SP;03/2026;6.074;0;5.512;300;151;5.774;155;1;0
COOPERATIVA DE ECONOMIA E CRÉDITO MÚTUO DOS EMPREGADOS DA CNC, SESC E SENAC ADMINISTRAÇÕES NACIONAIS LTDA.;30304919;;;;b3S;2;9;RIO DE JANEIRO;RJ;03/2026;6.020;3.821;748;616;0;5.404;166;0;0
COOPERATIVA DE ECONOMIA E CRÉDITO MÚTUO DOS FUNCIONÁRIOS DAS EMPRESAS MELHORAMENTOS DE SÃO PAULO - COOPERMEL;1504952;;;;b3S;2;9;SAO PAULO;SP;03/2026;6.011;2.786;2.879;610;0;5.401;168;0;0
BM4 SOCIEDADE DE CRÉDITO DIRETO S.A.;60236532;BM4 SCD - PRUDENCIAL;;00088462;n1;2;43;RIO DE JANEIRO;RJ;03/2026;5.998;188;5.197;56;0;5.942;-577;2;0
MONERY INSTITUICAO DE PAGAMENTO S.A.;46505612;MONERY IP - PRUDENCIAL;;00087164;n4;2;41;BARUERI;SP;03/2026;5.975;0;5.835;218;0;5.757;65;1;0
LEND INSTITUICAO DE PAGAMENTO LTDA;44154779;LEND SCD - PRUDENCIAL;;00085276;n4;2;41;SAO PAULO;SP;03/2026;5.968;0;4.695;3.433;0;2.535;87;1;0
ARC CORRETORA DE CAMBIO, ASSOCIADOS GOUVEIA, CAMPEDELLI S.A.;4684647;ARC CORRETORA CAMBIO S.A. - PRUDENCIAL;;00082066;n2;2;21;SANTOS;SP;03/2026;5.921;0;726;1.321;0;4.601;126;2;0
MONOPÓLIO CORRETORA DE CÂMBIO LTDA.;34666362;MONOPÓLIO CC - PRUDENCIAL;;00084356;n2;2;21;BELEM;PA;03/2026;5.902;0;714;1.378;0;4.524;-339;2;0
MÉRITO DISTRIBUIDORA DE TÍTULOS E VALORES MOBILIÁRIOS LTDA.;41592532;MÉRITO DTVM - PRUDENCIAL;00085874;00085874;n2;2;16;SAO PAULO;SP;03/2026;5.889;0;2.767;2.707;2.140;3.182;582;2;0
COOPERATIVA DE ECONOMIA E CREDITO MUTUO DOS SERVIDORES MUNICIPAIS DO SUL FLUMINENSE LTDA.;1819799;;;;b3S;2;9;VOLTA REDONDA;RJ;03/2026;5.857;2.684;2.758;661;0;5.197;58;0;0
VUE INSTITUIÇÃO DE PAGAMENTO S.A.;56106523;VUE IP - PRUDENCIAL;;00088297;n4;2;41;BELO HORIZONTE;MG;03/2026;5.851;0;5.367;38;19;5.813;53;1;0
COOPERATIVA DE CRÉDITO MÚTUO DOS FUNCIONÁRIOS DAS EMPRESAS FERROVIÁRIAS NO ESTADO DE SÃO PAULO;53932869;;;;b3S;2;9;OSASCO;SP;03/2026;5.837;3.903;1.533;83;0;5.754;142;0;0
VBS SOCIEDADE DE CRÉDITO DIRETO S.A.;54264235;VBS SCD - PRUDENCIAL;;00087377;n1;3;43;SAO PAULO;SP;03/2026;5.799;0;5.560;359;221;5.440;164;2;0
4UM DISTRIBUIDORA DE TÍTULOS E VALORES MOBILIÁRIOS S.A.;76621457;PARANÁ BANCO - PRUDENCIAL;00030881;00080233;n2;2;16;CURITIBA;PR;03/2026;5.736;0;0;309;0;5.427;-219;2;0
DAPPER - SOCIEDADE DE CRÉDITO DIRETO S/A;48529228;DAPPER SCD - PRUDENCIAL;;00086402;n1;2;43;BLUMENAU;SC;03/2026;5.712;5.424;72;728;0;4.984;-49;2;0
NIXFIN SOCIEDADE DE CRÉDITO DIRETO S.A.;44921281;NIXFIN SCD - PRUDENCIAL;;00085922;n1;2;43;FLORIANOPOLIS;SC;03/2026;5.706;5;5.146;571;505;5.135;107;2;0
MOTTU SOCIEDADE DE CRÉDITO DIRETO S.A.;42622791;MOTTU SCD - PRUDENCIAL;;00085757;n1;3;43;SAO PAULO;SP;03/2026;5.703;0;0;291;0;5.413;-90;2;0
COOPERATIVA DE CRÉDITO DOS BANCÁRIOS DE SÃO PAULO E MUNICÍPIOS LIMÍTROFES;3422007;;;;b3S;2;9;SAO PAULO;SP;03/2026;5.671;2.219;2.912;3.497;3.101;2.174;-61;0;4
COOPERATIVA DE ECONOMIA E CRÉDITO MÚTUO DOS FUNCIONÁRIOS DO GRUPO GERDAU - AÇOS FINOS PIRATINI;88952130;;;;b3S;2;9;CHARQUEADAS;RS;03/2026;5.589;1.882;3.560;615;0;4.975;66;0;0
COOPERATIVA DE ECONOMIA E CRÉDITO MÚTUO DOS EMPREGADOS DA RECKITT BENCKISER;44223196;;;;b3S;2;9;SAO PAULO;SP;03/2026;5.558;4.294;464;69;0;5.488;141;0;0
RAPIDIUM SOCIEDADE DE CRÉDITO AO MICROEMPREENDEDOR E À EMPRESA DE PEQUENO PORTE S.A.;40269467;RAPIDIUM SCMEPP - PRUDENCIAL;;00085575;n1;2;10;TOLEDO;PR;03/2026;5.508;4.191;823;3.073;2.972;2.435;-338;2;0
COOPERATIVA DE ECONOMIA E CREDITO MUTUO DOS EMPREGADOS DOS LABORATORIOS B.BRAUN LTDA;30586895;;;;b3S;2;9;SAO GONCALO;RJ;03/2026;5.469;3.053;2.203;165;0;5.304;157;0;0
BRCONDOS SOCIEDADE DE CRÉDITO DIRETO S.A.;49933388;BRCONDOS SCD - PRUDENCIAL;;00086921;n1;2;43;JOINVILLE;SC;03/2026;5.450;56;5.379;56;1;5.393;65;2;0
INDUSTRIAL DO BRASIL DISTRIBUIDORA DE TÍTULOS E VALORES MOBILIÁRIOS LTDA.;999403;INDUSTRIAL DO BRASIL - PRUDENCIAL;00050988;00080477;n2;2;16;SAO PAULO;SP;03/2026;5.433;0;0;73;0;5.361;83;2;0
BELVO INSTITUICAO DE PAGAMENTO LTDA;43215815;BELVO IP - PRUDENCIAL;;00086433;n4;3;41;SAO PAULO;SP;03/2026;5.430;0;0;13.709;0;-8.280;-787;1;0
IUPI INSTITUICAO DE PAGAMENTO S.A.;8323197;IUPI IP - PRUDENCIAL;;00087195;n4;2;41;UBERLANDIA;MG;03/2026;5.402;0;200;125;0;5.277;-19;1;0
COOPERATIVA DE CRÉDITO DOS METALÚRGICOS DO ABC - CREDABC;5740092;;;;b3S;2;9;SAO BERNARDO DO CAMPO;SP;03/2026;5.326;30;0;923;590;4.404;124;0;0
GO SOCIEDADE DE CRÉDITO DIRETO S.A.;61637240;GO SCD - PRUDENCIAL;;00088424;n1;2;43;GUARULHOS;SP;03/2026;5.316;2.236;3.071;26;0;5.290;44;2;0
APUSDIGITAL INSTITUICAO DE PAGAMENTO LTDA;57654096;APUSDIGITAL IP - PRUDENCIAL;;00088565;n4;2;41;SAO PAULO;SP;03/2026;5.291;0;5.281;59;0;5.231;43;1;0
VUON SOCIEDADE DE CRÉDITO DIRETO S.A.;57523215;VUON SCD - PRUDENCIAL;;00087872;n1;2;43;SAO PAULO;SP;03/2026;5.266;156;13;182;0;5.084;-447;2;0
COOPERATIVA DE ECONOMIA E CREDITO MUTUO DOS SERVIDORES PUBLICOS MUNICIPAIS DE PORTO ALEGRE;3990888;;;;b3S;2;9;PORTO ALEGRE;RS;03/2026;5.258;3.180;0;658;0;4.600;-98;0;0
WX INSTITUICAO DE PAGAMENTO LTDA;57824223;WX IP - PRUDENCIAL;;00088503;n4;2;41;SAO BERNARDO DO CAMPO;SP;03/2026;5.258;0;5.107;52;1;5.206;28;1;0
SOCRED S.A. - SOCIEDADE DE CRÉDITO AO MICROEMPREENDEDOR E À EMPRESA DE PEQUENO PORTE;9210106;SOCRED S.A. SCM - PRUDENCIAL;;00083247;n1;2;10;BELEM;PA;03/2026;5.196;2.982;0;316;180;4.880;-201;2;0
COOPERATIVA DE ECONOMIA E CRÉDITO MÚTUO DOS SERVIDORES DA UNESP - COOPUNESP;69136075;;;;b3S;2;9;RIO CLARO;SP;03/2026;5.149;2.213;2.418;904;680;4.244;72;0;0
COOPERATIVA DE CRÉDITO DOS SERVIDORES DO MUNICIPIO DE SANTO ANDRÉ - SP - CECRESA;512839;;;;b3S;2;9;SANTO ANDRE;SP;03/2026;5.097;4.594;54;2.460;2.311;2.637;-290;0;0
DASCAM CORRETORA DE CÂMBIO LTDA.;65645137;DASCAM CC LTDA - PRUDENCIAL;;00081964;n2;2;21;SAO PAULO;SP;03/2026;5.093;0;1.104;1.449;0;3.644;462;2;0
COOPERATIVA DE ECONOMIA E CRÉDITO MÚTUO DOS FUNCIONÁRIOS DA SELENE;72952138;;;;b3S;2;9;CERQUILHO;SP;03/2026;5.013;2.482;2.259;192;0;4.822;142;0;0
COOPERATIVA DE CRÉDITO DOS EMPREGADOS DO GRUPO AKZO NOBEL BRASIL - COOP AKZONOBEL;57996878;;;;b3S;2;9;MAUA;SP;03/2026;4.883;2.097;1.834;527;0;4.356;-39;0;0
MERCADO PAGO DISTRIBUIDORA DE TÍTULOS E VALORES MOBILIÁRIOS LTDA.;57671443;MERCADO PAGO IP - PRUDENCIAL;00084820;00084820;n2;3;16;OSASCO;SP;03/2026;4.835;0;4.705;144;0;4.691;83;2;0
BANSUR JM SOCIEDADE DE CRÉDITO DIRETO S/A;42963742;BANSUR JM SCD - PRUDENCIAL;;00085812;n1;2;43;BELO HORIZONTE;MG;03/2026;4.763;4.202;10;203;0;4.560;-110;2;0
AWX BRASIL  INSTITUICAO DE PAGAMENTO LTDA;52076716;AWX BRASIL IP - PRUDENCIAL;;00088242;n4;3;41;SAO PAULO;SP;03/2026;4.740;0;0;486;0;4.254;-1.504;1;0
PÓLOCRED   SOCIEDADE DE CRÉDITO AO MICROEMPREENDEDOR E À EMPRESA DE PEQUENO PORTE LTDA.;7945233;PINBANK BRASIL IP - PRUDENCIAL;;00086361;n1;3;10;SAO PAULO;SP;03/2026;4.729;133;0;261;0;4.468;-23;2;0
QORE DISTRIBUIDORA DE TITULOS E VALORES MOBILIÁRIOS LTDA;62264924;QORE DTVM LTDA - PRUDENCIAL;;00083838;n2;2;16;SAO PAULO;SP;03/2026;4.673;0;1.286;2.662;0;2.011;3.231;2;0
CUMBUCA INSTITUIÇÃO DE PAGAMENTO LTDA.;44353942;CUMBUCA IP - PRUDENCIAL;;00086866;n4;2;41;SAO PAULO;SP;03/2026;4.650;0;3.842;446;0;4.204;112;1;0
NVIO BRASIL SOCIEDADE DE CRÉDITO DIRETO S.A.;51118718;NVIO BRASIL BITSO IP - PRUDENCIAL;;00086945;n1;3;43;SAO PAULO;SP;03/2026;4.596;0;0;39;0;4.557;-54;2;0
CV INVESTIMENTOS DISTRIBUIDORA DE TÍTULOS E VALORES MOBILIÁRIOS LTDA.;50286774;CV INVESTIMENTOS DTVM - PRUDENCIAL;;00087865;n2;2;16;SAO PAULO;SP;03/2026;4.562;0;2.212;1.053;0;3.509;-494;2;0
COOPERATIVA DE ECONOMIA E CRÉDITO MÚTUO DOS COLABORADORES DA COOPEDER LTDA - COOPCREDER;21130869;;;;b3S;2;9;BELO HORIZONTE;MG;03/2026;4.544;872;3.227;728;0;3.816;-41;0;0
PALMA SOCIEDADE DE CRÉDITO DIRETO S.A.;49889190;PALMA SCD - PRUDENCIAL;;00086873;n1;2;43;SAO PAULO;SP;03/2026;4.477;159;3.928;243;0;4.234;59;2;0
CASA DO CRÉDITO S.A. SOCIEDADE DE CRÉDITO AO MICROEMPREENDEDOR;5442029;CASA CREDITO S.A. SCM - PRUDENCIAL;;00083175;n1;2;10;SAO PAULO;SP;03/2026;4.145;57;0;3.123;1.847;1.022;-304;2;0
COOPERATIVA DE ECONOMIA E CREDITO MUTUO DOS EMPREGADOS DE ESTABELECIMENTOS HOSPITALARES DO SUL DO ESTADO DO ESPIRITO SANTO - SULCRED;31746993;;;;b3S;2;9;CACHOEIRO DE ITAPEMIRIM;ES;03/2026;4.139;3.815;90;201;0;3.938;-7;0;0
BAMAQ CAPITAL - SOCIEDADE DE CRÉDITO DIRETO S/A;48528314;BAMAQ CAPITAL SCD - PRUDENCIAL;;00086691;n1;2;43;CONTAGEM;MG;03/2026;4.089;3;2.671;38;0;4.050;-192;2;0
COOPERATIVA DE ECONOMIA E CREDITO MUTUO DOS SERVIDORES DA ASCAR/EMATER-RS LTDA-CRESAL;90278987;;;;b3S;2;9;PORTO ALEGRE;RS;03/2026;4.038;1.574;2.286;608;271;3.430;117;0;0
P R DO BRASIL INSTITUICAO DE PAGAMENTOS LTDA;46996177;P R DO BRASIL IP - PRUDENCIAL;;00087614;n4;3;41;SAO PAULO;SP;03/2026;3.964;0;3.778;35;0;3.929;78;1;0
COOPERATIVA DE ECONOMIA E CRÉDITO MÚTUO DOS EMPREGADOS DA EMPRESA SUPERMERCADOS JAU SERVE - COOPERJS;3400651;;;;b3S;2;9;JAU;SP;03/2026;3.925;1.543;1.522;307;0;3.619;-17;0;0
MUEVY INSTITUICAO DE PAGAMENTO SA;46297307;MUEVY IP - PRUDENCIAL;;00087487;n4;2;41;BARUERI;SP;03/2026;3.862;0;285;209;0;3.654;-580;1;0
TBANKS INSTITUICAO DE PAGAMENTO SA;46004634;TBANKS IP - PRUDENCIAL;;00088194;n4;2;41;SAO PAULO;SP;03/2026;3.855;0;3.636;152;0;3.703;27;1;0
COOPERATIVA DE CRÉDITO MÚTUO DOS SERVIDORES DE ÓRGAOS GESTORES DE RECURSOS HÍDRICOS DO ESTADO DE SÃO PAULO - COOPERHIDRO;53800488;;;;b3S;2;9;SAO PAULO;SP;03/2026;3.852;1.986;1.231;405;0;3.447;-99;0;0
DOURADA CORRETORA DE CÂMBIO LTDA.;76641497;DOURADA CORRETORA - PRUDENCIAL;;00082224;n2;2;21;CURITIBA;PR;03/2026;3.837;0;1.299;1.046;0;2.792;212;3;0
COOPERATIVA DE ECONOMIA E CREDITO MUTUO DOS FUNCIONARIOS DO EXPRESSO PRINCESA DOS CAMPOS;1551820;;;;b3S;2;9;PONTA GROSSA;PR;03/2026;3.763;3.083;0;335;0;3.428;70;0;0
COOPERATIVA DE CRÉDITO MÚTUO DOS FUNCIONÁRIOS DA FIEPB, SESI, SENAI, IEL E DO CONDOMÍNIO EDIFÍCIO AGOSTINHO VELLOSO DA SILVEIRA (CEAVS  - CREDFISP LTDA.;5747018;;;;b3S;2;9;CAMPINA GRANDE;PB;03/2026;3.750;1.255;2.259;598;0;3.151;49;0;0
ATLANTA SOCIEDADE DE CRÉDITO AO MICROEMPREENDEDOR LTDA;4772908;ATLANTA SCM LTDA - PRUDENCIAL;;00083034;n1;2;10;PASSOS;MG;03/2026;3.710;0;1.654;2.142;0;1.568;70;2;0
COOPERATIVA DE ECONOMIA E CRÉDITO MÚTUO DOS FUNCIONÁRIOS DO GRUPO SUGGAR LTDA.;548980;;;;b3S;2;9;BELO HORIZONTE;MG;03/2026;3.694;2.792;363;88;0;3.606;99;0;0
TINO SOCIEDADE DE CRÉDITO DIRETO S.A.;62469998;TINO SCD - PRUDENCIAL;;00088084;n1;3;43;SAO PAULO;SP;03/2026;3.680;0;0;1;0;3.678;-48;2;0
PERSONAL SOCIEDADE DE CRÉDITO DIRETO S.A.;57905133;PERSONAL SCD - PRUDENCIAL;;00087803;n1;2;43;FLORIANOPOLIS;SC;03/2026;3.656;311;3.338;36;0;3.620;94;2;0
GURU CORRETORA DE TÍTULOS E VALORES MOBILIÁRIOS LTDA.;57707777;GURU CTVM - PRUDENCIAL;;00088857;n2;2;15;SAO PAULO;SP;03/2026;3.606;0;3.556;8;0;3.598;-31;2;0
COOPERATIVA DE ECONOMIA E CREDITO MUTUO DOS SERVIDORES DA UERJ LTDA. - COOPUERJ;28885036;;;;b3S;2;9;RIO DE JANEIRO;RJ;03/2026;3.559;2.189;709;853;0;2.705;-10;0;0
COOPERATIVA DE ECONOMIA E CRÉDITO MÚTUO DOS FUNCIONÁRIOS DA ACUMENT BRASIL;45068632;;;;b3S;2;9;ATIBAIA;SP;03/2026;3.532;2.512;683;164;0;3.368;-53;0;0
BIT SOCIEDADE DE CRÉDITO DIRETO S.A.;58367961;BIT SCD - PRUDENCIAL;;00088077;n1;2;43;CAMPINAS;SP;03/2026;3.440;0;3.439;13;0;3.427;-56;2;0
COOPERATIVA DE ECONOMIA E CRÉDITO MUTUO DOS FUNCIONÁRIOS DE INSTITUIÇÕES FINANCEIRAS PUBLICAS E PRIVADAS NO TERRITÓRIO NACIONAL - CREDBRASIL;2869663;;;;b3S;2;9;VITORIA;ES;03/2026;3.405;1.475;1.616;643;0;2.762;-27;0;0
COOPERATIVA DE ECONOMIA E CRÉDITO MÚTUO DOS FUNCIONÁRIOS DA USINA SANTA MARIA - PILONCRED;1107759;;;;b3S;2;9;CERQUILHO;SP;03/2026;3.361;952;2.228;137;0;3.224;80;0;0
DATANOMIK BRASIL INSTITUICAO DE PAGAMENTO LTDA;47438068;DATANOMIK BRASIL IP - PRUDENCIAL;;00087470;n4;3;41;SAO PAULO;SP;03/2026;3.359;0;2.562;1.035;0;2.324;-32;1;0
CAROL DISTRIBUIDORA DE TITULOS E VALORES MOBILIARIOS LTDA.;62237649;CAROL DTVM LTDA. - PRUDENCIAL;;00084095;n2;2;16;SAO PAULO;SP;03/2026;3.312;0;0;111;0;3.201;-233;2;0
COOPSERJ - COOPERATIVA DE CRÉDITO MÚTUO DOS SERVIDORES PÚBLICOS DO PODER EXECUTIVO DO ESTADO DO RIO DE JANEIRO LTDA.;2723075;;;;b3S;2;9;RIO DE JANEIRO;RJ;03/2026;3.297;2.094;681;572;0;2.725;72;0;0
COOPERATIVA DE ECONOMIA E CRÉDITO MÚTUO DOS EMPREGADOS DA BECTON DICKINSON INDÚSTRIAS CIRÚRGICAS LTDA., LTDA.;21597133;;;;b3S;2;9;JUIZ DE FORA;MG;03/2026;3.274;1.284;0;418;0;2.856;36;0;0
RV2 SOCIEDADE DE EMPRÉSTIMO ENTRE PESSOAS S.A.;52690487;RV2 SEP - PRUDENCIAL;;00086976;n1;2;44;FORTALEZA;CE;03/2026;3.249;0;2.897;31;0;3.218;3;2;0
FRIDAY INSTITUIÇÃO DE PAGAMENTOS LTDA.;42926025;FRIDAY IP - PRUDENCIAL;;00086062;n4;2;41;RIO DE JANEIRO;RJ;03/2026;3.223;0;3.063;79;0;3.144;-53;1;0
LIQUIDO INSTITUICAO DE PAGAMENTO LTDA;48552108;LIQUIDO IP - PRUDENCIAL;;00087339;n4;3;41;SAO PAULO;SP;03/2026;3.212;0;0;1.980;0;1.232;-347;1;0
KLAVI INSTITUIÇÃO DE PAGAMENTOS E GESTÃO DE DADOS LTDA.;44459799;KLAVI IP - PRUDENCIAL;;00086794;n4;3;41;SAO PAULO;SP;03/2026;3.196;0;2.816;113;0;3.084;89;1;0
COOPERATIVA DE ECONOMIA E CRÉDITO MÚTUO DOS EMPREGADOS DAS EMPRESAS SIDERÚRGICAS, METALÚRGICAS E ELETRO-MECÂNICAS DE JOÃO MONLEVADE LTDA. - CREDIBELGO;24235459;;;;b3S;2;9;JOAO MONLEVADE;MG;03/2026;3.176;1.369;117;421;290;2.755;-93;0;0
FISERV SOCIEDADE DE CRÉDITO DIRETO S.A.;50053267;FISERV DO BRASIL IP - PRUDENCIAL;;00086457;n1;3;43;SAO PAULO;SP;03/2026;3.163;645;0;797;0;2.367;460;2;0
FREEX SOCIEDADE CORRETORA DE CÂMBIO S.A.;55428859;FREEX CC - PRUDENCIAL;;00087652;n2;3;21;SAO PAULO;SP;03/2026;3.150;0;2.659;108;0;3.043;-304;2;0
COOPERATIVA DE ECONOMIA E CRÉDITO MÚTUO DOS EMPREGADOS DA JOLIMODE ROUPAS E EMPRESAS COLIGADAS LTDA;28244622;;;;b3S;2;9;RIO DE JANEIRO;RJ;03/2026;3.131;988;1.666;145;0;2.986;28;0;0
MOMENTO DISTRIBUIDORA DE TITULOS E VALORES MOBILIARIOS LTDA;97447304;MOMENTO DTVM LTDA. - PRUDENCIAL;;00084181;n2;2;16;RIO DE JANEIRO;RJ;03/2026;3.125;0;2.417;443;0;2.682;-106;2;0
COOPERATIVA DE ECONOMIA E CREDITO MUTUO DOS FUNCIONARIOS DA VIACAO NOSSA SENHORA DO AMPARO LTDA. - COPERFAMP;2192115;;;;b3S;2;9;MARICA;RJ;03/2026;3.119;1.203;1.605;408;0;2.711;68;0;0
RED SOCIEDADE DE CRÉDITO DIRETO S.A.;47593544;RED SCD - PRUDENCIAL;;00086316;n1;2;43;SAO PAULO;SP;03/2026;3.090;0;0;72;0;3.018;-570;2;0
E.SIGA SOCIEDADE DE CRÉDITO DIRETO S.A.;56030613;E.SIGA SCD - PRUDENCIAL;;00087676;n1;2;43;SAO JOSE DOS PINHAIS;PR;03/2026;3.077;2.056;0;29;0;3.048;13;2;0
COOPERATIVA DE ECONOMIA E CRÉDITO MÚTUO DOS EMPREGADOS DE KYN COMÉRCIO VAREJISTA E ATACADISTA - COOPER KYN;2230138;;;;b3S;2;9;JUNDIAI;SP;03/2026;3.050;1.508;1.300;418;0;2.632;2;0;0
NAGRO SOCIEDADE DE CRÉDITO DIRETO S.A.;56047774;NAGRO SCD - PRUDENCIAL;;00087669;n1;2;43;UBERLANDIA;MG;03/2026;3.048;0;970;293;0;2.756;94;2;0
COOPERATIVA DE ECONOMIA E CRÉDITO MÚTUO DOS EMPREGADOS DO SEBRAE BAHIA LTDA.;5658367;;;;b3S;2;9;SALVADOR;BA;03/2026;3.030;813;2.205;60;0;2.969;46;0;0
COOPERATIVA DE ECONOMIA E CREDITO MUTUO DOS FUNCIONARIOS DA GKN DO BRASIL LTDA;5331882;;;;b3S;2;9;PORTO ALEGRE;RS;03/2026;2.999;151;0;449;0;2.550;-35;0;0
B3 INSTITUICAO DE PAGAMENTO LTDA;47825528;BANCO B3 - PRUDENCIAL;;00081225;n4;2;41;SAO PAULO;SP;03/2026;2.955;0;2.093;110;2;2.845;-282;1;0
CATÁLISE DISTRIBUIDORA DE TÍTULOS E VALORES MOBILIÁRIOS LTDA;47215387;CATÁLISE DTVM PRUDENCIAL;;00086952;n2;2;16;CURITIBA;PR;03/2026;2.953;0;2.427;853;0;2.100;176;1;0
TRINUS CAPITAL DISTRIBUIDORA DE TÍTULOS E VALORES MOBILIÁRIOS S.A.;2276653;TRINUS CAPITAL DTVM - PRUDENCIAL;00052223;00084631;n2;2;16;GOIANIA;GO;03/2026;2.859;0;0;452;0;2.407;-677;2;0
CONLIFE SOCIEDADE DE CRÉDITO DIRETO S/A;62451088;CONLIFE SCD - PRUDENCIAL;;00088125;n1;2;43;SAO JOSE DOS CAMPOS;SP;03/2026;2.857;69;0;1.826;0;1.031;26;2;0
FINLEV SOCIEDADE DE CRÉDITO DIRETO S.A.;44564204;FINLEV SCD PRUDENCIAL;;00085850;n1;2;43;BELEM;PA;03/2026;2.834;2.709;25;660;0;2.173;185;2;0
NUMBER ONE SOCIEDADE CORRETORA DE CAMBIO LTDA.;68742204;BANCO TRAVELEX - PRUDENCIAL;00051671;00080783;n2;3;21;SAO PAULO;SP;03/2026;2.805;0;0;714;0;2.092;402;3;0
EUROINVEST S.A. CORRETORA DE CÂMBIO, TÍTULOS E VALORES MOBILIÁRIOS;34190991;EUROINVEST S/A CCTVM - PRUDENCIAL;;00082781;n2;2;15;RIO DE JANEIRO;RJ;03/2026;2.748;0;2.322;325;0;2.423;123;2;0
GOOD SOCIEDADE CORRETORA DE CÂMBIO LTDA.;23010182;GOOD SCC - PRUDENCIAL;;00084521;n2;2;21;PORTO ALEGRE;RS;03/2026;2.703;0;0;361;0;2.342;19;2;0
FINAZO SOCIEDADE DE CRÉDITO DIRETO S.A.;48703302;FINAZO SCD - PRUDENCIAL;;00086567;n1;2;43;FLORIANOPOLIS;SC;03/2026;2.702;0;2.678;1.034;0;1.668;175;2;0
COOPERATIVA DE ECONOMIA E CREDITO MUTUO DOS SERVIDORES DO COLEGIO PEDRO II;2910387;;;;b3S;2;9;RIO DE JANEIRO;RJ;03/2026;2.692;1.349;751;67;0;2.625;24;0;0
COOPERATIVA DE ECONOMIA E CRÉDITO MÚTUO DOS EMPREGADOS DA PONTIFÍCIA UNIVERSIDADE CATÓLICA DO RIO DE JANEIRO E EMPREGADOS EM ESTABELECIMENTOS PRIVADOS DE ENSINO DO MUNICÍPIO DO RIO DE JANEIRO LTDA.;42445122;;;;b3S;2;9;RIO DE JANEIRO;RJ;03/2026;2.574;1.247;0;1.136;0;1.438;-2;0;1
COOPERATIVA DE CRÉDITO DOS EMPREGADOS DAS EMPRESAS DO GRUPO INDORAMA NO BRASIL;62605290;;;;b3S;2;9;POCOS DE CALDAS;MG;03/2026;2.555;1.226;10;235;0;2.320;-27;0;0
GLOBAL FINANÇAS SOCIEDADE DE CRÉDITO AO MICROEMPREENDEDOR E À EMPRESA DE PEQUENO PORTE LTDA.;11165756;GLOBAL SCM LTDA - PRUDENCIAL;;00083278;n1;2;10;AMERICANA;SP;03/2026;2.533;145;12;639;501;1.894;18;2;0
BULLLA SOCIEDADE DE CRÉDITO DIRETO S.A.;58513168;BULLLA IP - PRUDENCIAL;00084985;00084985;n1;2;43;SAO PAULO;SP;03/2026;2.520;2.470;0;26;0;2.493;12;2;0
PROFITTO - SOCIEDADE DE CRÉDITO AO MICROEMPREENDEDOR E À EMPRESA DE PEQUENO PORTE LTDA.;3635061;PROFITTO - SCMEPP LTDA - PRUDENCIAL;;00083003;n1;2;10;RIBEIRAO PRETO;SP;03/2026;2.475;600;1.222;57;0;2.418;15;2;0
AVS CORRETORA DE CÂMBIO LTDA.;25280945;AVS CORRETORA DE CÂMBIO LTDA - PRUDENCIAL;;00084590;n2;2;21;CURITIBA;PR;03/2026;2.418;0;683;1.143;0;1.275;97;3;0
NUMATUR CORRETORA DE CÂMBIO LTDA.;18145784;NUMATUR CC LTDA - PRUDENCIAL;;00082451;n2;2;21;SAO PAULO;SP;03/2026;2.379;0;1.371;53;0;2.326;-51;3;0
NEXOOS SOCIEDADE DE EMPRÉSTIMO ENTRE PESSOAS S.A.;34254279;NEXOOS SEP - PRUDENCIAL;;00084947;n1;2;44;SAO PAULO;SP;03/2026;2.364;0;653;1.533;0;831;-216;2;0
COOPERATIVA DE CRÉDITO MÚTUO DOS EMPREGADOS EM INSTITUIÇÕES DO SISTEMA FINANCEIRO NAS REGIÕES DE SÃO PAULO E CAMPINAS (SP) - CREDISCOOP;3674133;;;;b3S;2;9;SAO PAULO;SP;03/2026;2.339;1.062;1.260;1.481;1.355;858;21;0;1
DEBONI DISTRIBUIDORA DE TITULOS E VALORES MOBILIARIOS LTDA;77162881;DEBONI DTVM LTDA - PRUDENCIAL;;00084150;n2;2;16;CURITIBA;PR;03/2026;2.280;0;0;1.456;0;823;-209;2;0
QUEROCRED SOCIEDADE DE CRÉDITO DIRETO S.A.;49035310;QUEROCRED SCD - PRUDENCIAL;;00086615;n1;2;43;CANOAS;RS;03/2026;2.273;262;0;30;0;2.244;-130;2;0
LASTRO RDV DISTRIBUIDORA DE TÍTULOS E VALORES MOBILIÁRIOS LTDA.;71590442;LASTRO RDV DTVM LTDA - PRUDENCIAL;;00084129;n2;2;16;ARARAS;SP;03/2026;2.215;0;162;239;26;1.976;9;2;0
BRCARD SOCIEDADE DE CRÉDITO DIRETO S/A;39431423;BRCARD SCD - PRUDENCIAL;;00085159;n1;2;43;CALDAS NOVAS;GO;03/2026;2.207;1.078;556;205;95;2.002;136;2;0
VNK SOCIEDADE DE CRÉDITO AO MICROEMPREENDEDOR E À EMPRESA DE PEQUENO PORTE LTDA.;20269566;VNK SCMEPP - PRUDENCIAL;;00084404;n1;2;10;FORTALEZA;CE;03/2026;2.186;803;1.033;885;0;1.302;137;2;0
COOPERATIVA DE ECONOMIA E CREDITO MUTUO DOS TRABALHADORES EM CONSELHOS DE FISCALIZACAO PROFISSIONAL NO MUNICIPIO DO RIO DE JANEIRO LTDA.;2850075;;;;b3S;2;9;RIO DE JANEIRO;RJ;03/2026;2.141;1.128;0;120;0;2.020;-20;0;0
PAGBRASIL TECNOLOGIA INSTITUIÇÃO DE PAGAMENTO LTDA.;55251092;PAGBRASIL TECNOLOGIA IP - PRUDENCIAL;;00088228;n4;2;41;PORTO ALEGRE;RS;03/2026;2.124;0;2.123;18;0;2.106;52;1;0
DIVI SOCIEDADE DE CREDITO DIRETO S.A.;58526733;DIVI SCD - PRUDENCIAL;;00087999;n1;2;43;SAO PAULO;SP;03/2026;2.120;0;2.108;575;0;1.545;40;2;0
COOPERATIVA DE ECONOMIA E CRÉDITO MÚTUO DOS EMPREGADOS DAS EMPRESAS DE DIVERSÕES DO ESTADO DE SÃO PAULO;68314921;;;;b3S;2;9;SAO PAULO;SP;03/2026;2.108;1.705;0;210;0;1.898;2;0;0
GLOBAL INVESTMENT SERVICES DISTRIBUIDORA DE TÍTULOS E VALORES MOBILIÁRIOS LTDA.;47227569;GLOBAL INV SERVICES DTVM - PRUDENCIAL;;00086859;n2;2;16;SAO PAULO;SP;03/2026;2.095;0;1.572;456;6;1.639;-663;2;0
EASY MONEY SOCIEDADE DE CRÉDITO DIRETO S.A.;56606230;EASY MONEY SCD - PRUDENCIAL;;00087645;n1;2;43;SAO LEOPOLDO;RS;03/2026;2.089;2.042;0;799;769;1.289;54;2;0
COOPERATIVA DE ECONOMIA E CRÉDITO MÚTUO DOS EMPREGADOS DA PROLEC GE BRASIL TRANSMISSÃO DE ENERGIA S.A.;88043187;;;;b3S;2;9;CANOAS;RS;03/2026;2.071;1.344;617;514;446;1.557;22;0;0
PLUGGY BRASIL INSTITUICAO DE PAGAMENTO LTDA;37943755;PLUGGY BRASIL IP - PRUDENCIAL;;00087683;n4;2;41;SAO PAULO;SP;03/2026;2.060;0;136;506;0;1.554;587;1;0
COOPERATIVA DE ECONOMIA E CRÉDITO MÚTUO DOS EMPREGADOS DA FUNDAÇÃO ARTHUR BERNARDES LTDA. - COOFAB;2738981;;;;b3S;2;9;VICOSA;MG;03/2026;2.051;1.460;515;237;0;1.814;62;0;0
ANDBANK DISTRIBUIDORA DE TÍTULOS E VALORES MOBILIÁRIOS LTDA.;67600379;ANDBANK - PRUDENCIAL;00051949;00081256;n2;3;16;SAO PAULO;SP;03/2026;1.998;0;1.822;101;0;1.897;-60;2;0
CREDPAR - SOCIEDADE DE CRÉDITO DIRETO S/A;48721937;CREDPAR SCD - PRUDENCIAL;;00086550;n1;2;43;UBERLANDIA;MG;03/2026;1.964;0;0;434;0;1.530;86;2;0
FIDO SOCIEDADE DE EMPRÉSTIMO ENTRE PESSOAS S.A.;40819834;FIDO SEP - PRUDENCIAL;;00085609;n1;2;44;BRASILIA;DF;03/2026;1.936;0;0;2.156;0;-221;421;2;0
GUARDIAN SOCIEDADE DE CRÉDITO DIRETO S.A.;63822040;GUARDIAN SCD - PRUDENCIAL;;00088730;n1;2;43;SAO PAULO;SP;03/2026;1.929;293;970;325;0;1.604;93;2;0
PACIFIC INVEST DISTRIBUIDORA DE TITULOS E VALORES MOBILIARIOS LTDA;73279093;PACIFIC INVEST DTVM LTDA - PRUDENCIAL;;00084143;n2;2;16;JOACABA;SC;03/2026;1.916;0;0;519;0;1.397;-306;8;0
COOPERATIVA DE ECONOMIA E CRÉDITO MÚTUO DOS EMPREGADOS DA INDÚSTRIA DE PAPÉIS SUDESTE LTDA . - CREDESTE;18340695;;;;b3S;2;9;JUIZ DE FORA;MG;03/2026;1.909;1.310;414;149;0;1.760;-28;0;0
COOPERATIVA DE CRÉDITO MÚTUO DOS TRABALHADORES DO SISTEMA FINANCEIRO DE CURITIBA E REGIÃO - COOPCREFI;6942423;;;;b3S;2;9;CURITIBA;PR;03/2026;1.874;694;1.081;70;0;1.804;10;0;0
COOPERATIVA DE CRÉDITO DOS EMPREGADOS DA CBA ITAPISSUMA E EMPREGADOS DE EMPRESAS PRESTADORA DE SERVIÇOS INDUSTRIAIS, NO ESTADO DE PERNAMBUCO - CREDCOOPE;8931800;;;;b3S;2;9;ITAPISSUMA;PE;03/2026;1.853;606;1.009;49;0;1.805;-13;0;0
VIPS CORRETORA DE CÂMBIO S.A.;17772370;VIPS CC LTDA. - PRUDENCIAL;;00082444;n2;2;21;SAO PAULO;SP;03/2026;1.830;0;1;384;0;1.446;40;2;0
SRM DISTRIBUIDORA DE TÍTULOS E VALORES MOBILIÁRIOS LTDA.;59394633;SRM BANK IP - PRUDENCIAL;;00086024;n2;2;16;SAO PAULO;SP;03/2026;1.819;0;1.665;377;223;1.442;-21;2;0
COOPERATIVA DE ECONOMIA E CRÉDITO MÚTUO DOS SERVIDORES DA PREFEITURA MUNICIPAL DE VOTORANTIM;52137361;;;;b3S;2;9;VOTORANTIM;SP;03/2026;1.803;1.435;292;49;0;1.753;26;0;0
EMCASH SERVIÇOS FINANCEIROS SOCIEDADE DE EMPRÉSTIMO ENTRE PESSOAS S.A.;34139916;EMCASH SERVICOS FINANCEIROS SEP - PRUDENCIAL;;00085283;n1;2;44;BELO HORIZONTE;MG;03/2026;1.796;0;658;248;0;1.549;-39;2;0
FIDEM SOCIEDADE DE CRÉDITO DIRETO S/A;45716916;FIDEM SCD - PRUDENCIAL;;00086141;n1;2;43;SANTA MARIA;RS;03/2026;1.792;490;0;973;0;819;-101;2;0
COOPERATIVA DE ECONOMIA E CRÉDITO MÚTUO DOS SERVIDORES DA POLÍCIA MILITAR DO ESTADO DE SÃO PAULO DA REGIÃO CENTRO-OESTE PAULISTA - CREDMIL;4152107;;;;b3S;2;9;BAURU;SP;03/2026;1.784;1.093;494;732;0;1.051;-18;0;0
GDC PARTNERS SERVIÇOS FIDUCIÁRIOS DISTRIBUIDORA DE TÍTULOS E VALORES MOBILIÁRIOS LTDA.;10749264;GDC PART SERV FIDUC DTVM LTDA - PRUDENCIAL;;00084208;n2;2;16;RIO DE JANEIRO;RJ;03/2026;1.783;0;1.365;857;0;926;206;3;0
FINANCRED - SOCIEDADE DE CRÉDITO AO MICROEMPREENDEDOR E A EMPRESA DE PEQUENO PORTE LTDA.;27348513;FINANCRED SCMEPP LTDA. - PRUDENCIAL;;00084679;n1;2;10;CAMPO GRANDE;MS;03/2026;1.751;1.539;28;112;0;1.639;20;2;0
COOPERATIVA DE CRÉDITO DE SERVIDORES DA UESC - UESCOOP;10548608;;;;b3S;2;9;ILHEUS;BA;03/2026;1.664;1.315;319;64;0;1.600;6;0;0
LAMARA SOCIEDADE DE CRÉDITO DIRETO S.A.;19324634;LAMARA SCD - PRUDENCIAL;;00084394;n1;2;43;FORTALEZA;CE;03/2026;1.648;528;33;35;0;1.614;46;2;0
JM CORRETORA DE CÂMBIO LTDA.;45056494;JM CC - PRUDENCIAL;;00086660;n2;2;21;SAO PAULO;SP;03/2026;1.630;0;341;961;0;669;138;2;0
CORPORE SOCIEDADE DE CRÉDITO DIRETO S.A.;7327045;CORPORE SCD - PRUDENCIAL;;00083216;n1;2;43;DOURADOS;MS;03/2026;1.621;1.347;1;30;0;1.591;-77;2;0
DELEND INSTITUICAO DE PAGAMENTO LTDA;51982600;DELEND IP - PRUDENCIAL;;00087748;n4;2;41;SAO PAULO;SP;03/2026;1.611;0;399;6;0;1.605;-17;1;0
LÚMINA CORRETORA DE CÂMBIO LTDA.;15122605;LUMINA CC - PRUDENCIAL;;00082310;n2;2;21;SALVADOR;BA;03/2026;1.526;0;0;348;0;1.178;24;2;0
COOPERATIVA DE ECONOMIA E CREDITO MUTUO DOS TRABALHADORES DO GRUPO EMPRESARIAL ITATIAIA LTDA. - COOPERITA;20177390;;;;b3S;2;9;UBA;MG;03/2026;1.501;904;365;173;0;1.328;17;0;0
COOPERATIVA DE CRÉDITO MÚTUO DOS EMPREGADOS DAS INDÚSTRIAS DO PAPEL, PAPELÃO E CORTIÇA DE OTACÍLIO COSTA, LAGES E CORREA PINTO - PAPELCREDI;6369729;;;;b3S;2;9;OTACILIO COSTA;SC;03/2026;1.478;1.148;52;672;659;806;79;0;0
OXY DISTRIBUIDORA DE TÍTULOS E VALORES MOBILIÁRIOS S.A.;62667674;OXY CH - PRUDENCIAL;00085520;00085520;n2;2;16;PORTO ALEGRE;RS;03/2026;1.467;0;0;54;0;1.413;-154;2;0
SINGRATUR CORRETORA DE CÂMBIO LTDA;16854999;SINGRATUR CC LTDA. - PRUDENCIAL;;00082389;n2;2;21;MARINGA;PR;03/2026;1.462;0;0;152;0;1.310;-88;2;0
OMIE INSTITUICAO DE PAGAMENTO LTDA.;43010260;OMIE IP - PRUDENCIAL;;00087157;n4;3;41;SAO PAULO;SP;03/2026;1.441;0;1.347;4;0;1.437;-8;1;0
GREEN ALTERNATIVE INVESTMENTS DISTRIBUIDORA DE TÍTULOS E VALORES MOBILIÁRIOS S.A.;37800856;GREEN ALTERNATIVE INVESTMENTS DTVM - PRUDENCIAL;;00085568;n2;2;16;SAO PAULO;SP;03/2026;1.436;0;284;190;0;1.246;-82;2;0
COOPERATIVA DE ECONOMIA E CRÉDITO MÚTUO DOS FUNCIONÁRIOS DA EDUCAÇÃO E COMUNICAÇÃO;43438662;;;;b3S;2;9;SAO PAULO;SP;03/2026;1.423;1.317;1;955;0;468;-63;0;0
COOPERATIVA DE CRÉDITO DOS EMPREGADOS DO GRUPO NEFFA E DEMAIS ESTABELECIMENTOS DO SETOR DE ALIMENTOS DA GRANDE VITÓRIA.;29985421;;;;b3S;2;9;VITORIA;ES;03/2026;1.406;553;524;34;0;1.372;-16;0;0
COOPERATIVA DE ECONOMIA E CREDITO MUTUO DOS FUNCIONARIOS DA FMC LTDA;42258376;;;;b3S;2;9;RIO DE JANEIRO;RJ;03/2026;1.406;973;10;55;0;1.351;18;0;0
NG CASH SOCIEDADE DE CRÉDITO DIRETO S.A.;45597546;NG CASH IP - PRUDENCIAL;;00088448;n1;3;43;SAO PAULO;SP;03/2026;1.398;0;1.369;115;0;1.283;-21;2;0
COOPERATIVA DE CRÉDITO DOS FUNCIONÁRIOS DO GRUPO PPG;3657230;;;;b3S;2;9;SUMARE;SP;03/2026;1.377;433;787;11;0;1.367;9;0;0
JV BTG SENIOR SOCIEDADE DE CRÉDITO DIRETO S.A.;59149941;BTG PACTUAL - PRUDENCIAL;00049944;00080336;n1;2;43;RIO DE JANEIRO;RJ;03/2026;1.375;0;0;8;0;1.367;-62;2;0
CREDFC SOCIEDADE DE CRÉDITO DIRETO S.A.;42627615;CREDFC SCD - PRUDENCIAL;;00085764;n1;2;43;SAO PAULO;SP;03/2026;1.369;0;1.202;319;0;1.049;9;2;0
INFINIA BRASIL INSTITUICAO DE PAGAMENTO LTDA;51982465;INFINIA BRASIL IP - PRUDENCIAL;;00087951;n4;2;41;SAO PAULO;SP;03/2026;1.327;0;1.047;17;0;1.310;-14;1;0
BEZZ SOCIEDADE DE CRÉDITO DIRETO S.A.;46130566;BEZZ SCD - PRUDENCIAL;;00086127;n1;2;43;RIO DE JANEIRO;RJ;03/2026;1.326;445;413;47;0;1.279;-102;2;0
EASYCREDITO SOCIEDADE DE CREDITO DIRETO S.A.;60057265;FITS IP - PRUDENCIAL;;00085726;n1;2;43;SAO PAULO;SP;03/2026;1.307;0;0;0;0;1.307;0;2;0
COOPERATIVA DE ECONOMIA E CRÉDITO MÚTUO SERVIDORES PÚBLICOS ATIVOS, INATIVOS E PENSIONISTAS DA ADMINISTRAÇÃO DIRETA, INDIRETA E ASSEMBLÉIA LEGISLATIVA DO ESTADO DO RIO GRANDE SUL - COOPSERGS;5591437;;;;b3S;2;9;PORTO ALEGRE;RS;03/2026;1.287;778;0;908;0;379;-253;0;0
HR SOCIEDADE DE CRÉDITO AO MICROEMPREENDEDOR E À EMPRESA DE PEQUENO PORTE LTDA.;20158571;HR SCMEPP LTDA. - PRUDENCIAL;;00084411;n1;2;10;MACEIO;AL;03/2026;1.271;88;154;30;0;1.241;-41;1;0
BULLLA SOCIEDADE DE EMPRÉSTIMO ENTRE PESSOAS S.A.;34831910;BULLLA IP - PRUDENCIAL;00084985;00084985;n1;2;44;SAO PAULO;SP;03/2026;1.254;0;0;128;0;1.125;22;2;0
EFEX INSTITUIÇÃO DE PAGAMENTO S.A.;32820711;EFEX IP - PRUDENCIAL;;00087779;n4;2;41;SAO PAULO;SP;03/2026;1.251;0;387;562;0;690;476;1;0
COOPERATIVA DE CRÉDITO DE CAPITAL E EMPRÉSTIMO DOS EMPREGADOS CELETISTAS DE COOPERATIVAS DOS ESTADOS DE SÃO PAULO E MINAS GERAIS - COCREUNI;57987273;;;;b3S;2;9;RIBEIRAO PRETO;SP;03/2026;1.216;573;533;131;0;1.086;15;0;0
LARCA CAPITAL - SOCIEDADE DE CRÉDITO DIRETO S.A.;61971803;LARCA CAPITAL SCD - PRUDENCIAL;;00088486;n1;2;43;PORTO ALEGRE;RS;03/2026;1.215;127;785;32;0;1.183;-307;2;0
XP DISTRIBUIDORA DE TÍTULOS E VALORES MOBILIÁRIOS LTDA.;44475245;XP - PRUDENCIAL;00052120;00082475;n2;2;16;RIO DE JANEIRO;RJ;03/2026;1.214;0;1.093;66;0;1.148;-68;2;0
COOPERATIVA DE ECONOMIA E CREDITO MUTUO DOS EMPREGADOS DA CIA DE ELETRICIDADE DO ESTADO DO RJ CREDICERJ LTDA;30138226;;;;b3S;2;9;NITEROI;RJ;03/2026;1.196;965;50;90;0;1.106;-4;0;0
OPPENS SOCIEDADE DE EMPRESTIMO ENTRE PESSOAS S.A;44064068;OPPENS SEP - PRUDENCIAL;;00086639;n1;2;44;BRASILIA;DF;03/2026;1.160;0;1.074;6;0;1.154;-44;2;0
COOPERATIVA DE CRÉDITO DE CAPITAL E EMPRÉSTIMO DOS TRABALHADORES NAS EMPRESAS DE TECNOLOGIA E INFORMÁTICA DE BELO HORIZONTE E CIDADES LIMÍTROFES LTDA - COOPERINFOR;28435685;;;;b3S;2;9;BELO HORIZONTE;MG;03/2026;1.136;1.052;0;31;0;1.104;43;0;0
CREDIMÓVEL SOCIEDADE DE CRÉDITO DIRETO S.A.;45341994;CREDIMÓVEL SCD - PRUDENCIAL;;00086055;n1;2;43;GOIANIA;GO;03/2026;1.120;35;1.016;22;0;1.099;-23;2;0
COOPERATIVA DE ECONOMIA E CRÉDITO MÚTUO DOS EMPREGADOS DA MOSAIC FERTILIZANTES DO BRASIL - COCRESGO LTDA.;968834;;;;b3S;2;9;CATALAO;GO;03/2026;1.110;592;160;42;0;1.067;19;0;0
CF GROUP SOCIEDADE DE EMPRÉSTIMO ENTRE PESSOAS S.A.;41349521;CF GROUP SEP - PRUDENCIAL;;00085551;n1;2;44;PORTO ALEGRE;RS;03/2026;1.105;0;935;106;0;1.000;-23;2;0
PRONANCE SOCIEDADE CORRETORA DE CÂMBIO LTDA;41560568;PRONANCE SCC - PRUDENCIAL;;00086804;n2;2;21;CURITIBA;PR;03/2026;1.097;0;916;120;0;977;-23;2;0
PB SOCIEDADE DE CREDITO DIRETO S.A.;58674454;PB SCD - PRUDENCIAL;;00088149;n1;2;43;SAO BERNARDO DO CAMPO;SP;03/2026;1.043;27;0;47;0;996;-14;2;0
DM SOCIEDADE DE CRÉDITO DIRETO S.A.;37555231;DM SCFI - PRUDENCIAL;00052357;00083467;n1;2;43;SAO JOSE DOS CAMPOS;SP;03/2026;1.042;0;912;11;0;1.031;9;2;0
COOPERATIVA DE ECONOMIA E CRÉDITO MÚTUO DOS BANCÁRIOS DO TRIÂNGULO LTDA.;1301541;;;;b3S;2;9;UBERLANDIA;MG;03/2026;1.038;132;818;252;0;786;9;0;0
ATUAL CORRETORA DE CÂMBIO LTDA.;44323831;ATUAL CC - PRUDENCIAL;;00087858;n2;2;21;SOROCABA;SP;03/2026;1.038;0;438;591;0;447;-130;2;0
ÓPERA SOCIEDADE DE CRÉDITO DIRETO S.A.;55841657;ÓPERA SCD  - PRUDENCIAL;;00087638;n1;2;43;JARAGUA DO SUL;SC;03/2026;1.022;0;0;0;0;1.022;-45;2;0
ONNIX CORRETORA DE CÂMBIO LTDA.;7333726;ONNIX CC LTDA. - PRUDENCIAL;;00082011;n2;2;21;PORTO ALEGRE;RS;03/2026;992;0;0;250;0;742;72;2;0
FATORI SOCIEDADE DE CRÉDITO AO MICROEMPREENDEDOR E À EMPRESA DE PEQUENO PORTE LTDA.;5669150;FATORI SCMEPP - PRUDENCIAL;;00083065;n1;2;10;JOINVILLE;SC;03/2026;977;520;0;16;0;961;-52;2;0
SOL CORRETORA DE CÂMBIO S.A.;8520517;SOL CC - PRUDENCIAL;;00082097;n2;2;21;NATAL;RN;03/2026;957;0;0;722;0;235;-106;2;0
COOPERATIVA DE ECONOMIA E CRÉDITO MÚTUO DOS TRABALHADORES DAS INDÚSTRIAS METALÚRGICAS DE PORTO ALEGRE E GRANDE PORTO ALEGRE;90560434;;;;b3S;2;9;CACHOEIRINHA;RS;03/2026;951;721;0;23;0;929;-5;0;0
COOPERATIVA DE ECONOMIA E CREDITO MUTUO DOS EMPREGADOS NAS INDUSTRIAS QUIMICAS, FARMACEUTICAS E SIMILARES DA REGIAO METROPOLITANA DO RIO DE JANEIRO LTDA;5424088;;;;b3S;2;9;SAO GONCALO;RJ;03/2026;856;305;318;16;0;840;-9;0;0
NGO ASSOCIADOS CORRETORA DE CÂMBIO LTDA.;65635377;NGO ASSOCIADOS CC LTDA. - PRUDENCIAL;;00082152;n2;2;21;SAO PAULO;SP;03/2026;851;0;0;432;0;419;-72;2;0
FIDUCIAL DISTRIBUIDORA DE TÍTULOS E VALORES MOBILIÁRIOS LTDA.;10280601;FIDUCIAL DTVM LTDA - PRUDENCIAL;;00084198;n2;2;16;BELO HORIZONTE;MG;03/2026;850;0;507;70;0;781;138;2;0
EURO17 SOCIEDADE DE CRÉDITO DIRETO S.A.;59855096;EURO17 SCD - PRUDENCIAL;;00088314;n1;2;43;SAO PAULO;SP;03/2026;845;813;28;10;0;835;-89;2;0
SADOC SOCIEDADE CORRETORA DE CÂMBIO LTDA.;28762249;SADOC CC - PRUDENCIAL;;00084758;n2;2;21;FORTALEZA;CE;03/2026;838;0;0;375;0;463;-473;2;0
BARU DISTRIBUIDORA DE TÍTULOS E VALORES MOBILIÁRIOS LTDA.;58006471;BARU SCFI - PRUDENCIAL;00052656;00085805;n2;2;16;PORTO ALEGRE;RS;03/2026;823;0;630;278;0;545;-544;2;0
COOPERATIVA DE ECONOMIA E CRÉDITO MÚTUO DOS BANCÁRIOS DE BELO HORIZONTE E REGIÃO METROPOLITANA LTDA. - COOPEB;71502181;;;;b3S;2;9;BELO HORIZONTE;MG;03/2026;793;601;37;45;0;748;-9;0;0
CORREPARTI SOCIEDADE CORRETORA DE CÂMBIO LTDA.;80202872;CORREPARTI CC LTDA - PRUDENCIAL;;00082231;n2;2;21;SAO JOSE DOS PINHAIS;PR;03/2026;762;0;209;152;0;610;-45;2;0
CRYSTAL BMC - INSTITUICAO DE PAGAMENTO LTDA.;43561343;CRYSTAL BMC IP - PRUDENCIAL;;00086196;n4;2;41;BARUERI;SP;03/2026;743;0;68;6;0;737;-55;1;0
COOPERATIVA DE ECONOMIA E CRÉDITO MÚTUO DOS EMPREGADOS DAS EMPRESAS SOMART LTDA.;129753;;;;b3S;2;9;URUCANIA;MG;03/2026;727;16;629;412;0;315;-17;0;0
COOPERATIVA DE ECONOMIA E CREDITO MUTUO DOS EMPREGADOS DO COLEGIO SANTO INACIO - COESI;2447184;;;;b3S;2;9;RIO DE JANEIRO;RJ;03/2026;703;417;44;247;0;456;-46;0;0
AVIPAM CORRETORA DE CAMBIO LTDA;3443143;AVIPAM CC LTDA. - PRUDENCIAL;;00082042;n2;2;21;RIO DE JANEIRO;RJ;03/2026;648;0;390;37;0;612;11;2;0
CONSEGTUR CORRETORA DE CÂMBIO LTDA.;15168152;CONSEGTUR CC - PRUDENCIAL;;00082303;n2;2;21;SAO PAULO;SP;03/2026;647;0;495;345;0;302;-98;2;0
EBADIVAL - E. BAGGIO DISTRIBUIDORA DE TÍTULOS E VALORES MOBILIÁRIOS LTDA.;89784367;EBADIVAL - E BAGGIO DTVM LTDA - PRUDENCIAL;;00083876;n2;2;16;CURITIBA;PR;03/2026;602;0;420;5;0;597;-39;2;0
COOPERATIVA DE ECONOMIA E CREDITO MUTUO DOS FUNCIONARIOS DA SANEPAR - CREDISANEPAR;3165497;;;;b3S;2;9;CASCAVEL;PR;03/2026;566;320;227;37;0;528;0;0;0
COOPERATIVA DE ECONOMIA E CRÉDITO MÚTUO DOS FUNCIONÁRIOS DO BANESPA DE BOTUCATU E CIDADES LIMÍTROFES;3219207;;;;b3S;2;9;BOTUCATU;SP;03/2026;557;190;0;10;0;547;3;0;0
COOPERATIVA DE ECONOMIA E CRÉDITO MÚTUO DOS BANCÁRIOS DE JUIZ DE FORA LTDA. - COCBAN;4158581;;;;b3S;2;9;JUIZ DE FORA;MG;03/2026;488;333;0;19;0;469;-5;0;0
ÍCARO CORRETORA DE CÂMBIO LTDA;72556996;ICARO CC LTDA - PRUDENCIAL;;00082190;n2;2;21;CURITIBA;PR;03/2026;475;0;0;17;0;459;42;2;0
COOPERATIVA DE ECONOMIA E CRÉDITO MÚTUO DOS BANCÁRIOS DE SOROCABA E REGIÃO;71491609;;;;b3S;2;9;SOROCABA;SP;03/2026;414;151;169;90;0;323;15;0;0
BRB - BANCO DE BRASILIA S.A.;208;BRB - PRUDENCIAL;00031976;00080288;b1;1;8;BRASILIA;DF;03/2026;NI;NI;NI;NI;NI;NI;NI;65;200
COOPERATIVA DE CREDITO RURAL SEARA - CREDISEARA;204963;;;;b3S;2;9;SEARA;SC;03/2026;NI;NI;NI;NI;NI;NI;NI;0;5
BANCO RIBEIRAO PRETO S.A.;517645;BANCO RIBEIRÃO PRETO - PRUDENCIAL;;00084349;b1;3;8;RIBEIRAO PRETO;SP;03/2026;NI;NI;NI;NI;NI;NI;NI;2;0
BRASIL CARD INSTITUIÇÃO DE PAGAMENTOS LTDA;3130170;COBUCCIO SCFI - PRUDENCIAL;;00085173;n4;2;41;MONTE BELO;MG;03/2026;NI;NI;NI;NI;NI;NI;NI;1;0
COOPERATIVA DE ECONOMIA E CRÉDITO MÚTUO DOS SERVIDORES PÚBLICOS DO ESTADO DE SÃO PAULO - CREDIPAULISTA;3139644;;;;b3S;2;9;SAO PAULO;SP;03/2026;NI;NI;NI;NI;NI;NI;NI;0;0
TERRA INVESTIMENTOS DISTRIBUIDORA DE TÍTULOS E VALORES MOBILIÁRIOS LTDA.;3751794;TERRA INVESTIMENTOS DTVM - PRUDENCIAL;00084514;00084514;n2;2;16;SAO PAULO;SP;03/2026;NI;NI;NI;NI;NI;NI;NI;4;0
COOPERATIVA DE ECONOMIA E CREDITO MUTUO DOS TRABALHADORES PORTUARIOS DA GRANDE VITORIA - CREDESTIVA.;3844699;;;;b3S;2;9;VITORIA;ES;03/2026;NI;NI;NI;NI;NI;NI;NI;0;0
CREDILON SOCIEDADE DE CRÉDITO AO MICROEMPREENDEDOR DA REGIÃO DE LONDRINA LTDA.;4223451;CREDILON SCM REG. LONDRINA LTD - PRUDENCIAL;;00083120;n1;2;10;LONDRINA;PR;03/2026;NI;NI;NI;NI;NI;NI;NI;2;0
COOPESTADO - COOPERATIVA DE ECONOMIA E CRÉDITO MÚTUO DOS SERVIDORES PÚBLICOS NA REGIÃO METROPOLITANA DO ESTADO DO RIO DE JANEIRO LIMITADA;4995006;;;;b3S;2;9;RIO DE JANEIRO;RJ;03/2026;NI;NI;NI;NI;NI;NI;NI;0;0
COOPERATIVA DE CRÉDITO, POUPANÇA E SERVIÇOS FINANCEIROS - EM LIQUIDAÇÃO EXTRAJUDICIAL;5491616;;;;b3S;2;9;MINEIROS;GO;03/2026;NI;NI;NI;NI;NI;NI;NI;0;1
ATRIA S.A.- CRÉDITO, FINANCIAMENTO E INVESTIMENTO;5956581;ATRIA S.A. - CFI - PRUDENCIAL;;00083508;n1;2;14;ARAUCARIA;PR;03/2026;NI;NI;NI;NI;NI;NI;NI;1;0
COOPERATIVA DE CRÉDITO MÚTUO DOS SERVIDORES MUNICIPAIS DE BEBEDOURO - COOCRESB.;5969937;;;;b3S;2;9;BEBEDOURO;SP;03/2026;NI;NI;NI;NI;NI;NI;NI;0;0
COOPERATIVA DE ECONOMIA E CRÉDITO MÚTUO DOS FUNCIONÁRIOS DO PODER JUDICIÁRIO E SERVIDORES PÚBLICOS DO ESTADO DE SÃO PAULO - SPCRED;7651495;;;;b3S;2;9;SAO PAULO;SP;03/2026;NI;NI;NI;NI;NI;NI;NI;0;0
COOPERATIVA DE CRÉDITO RURAL DO AGRESTE ALAGOANO - COOPERAGRE;8482873;;;;b3S;2;9;IGACI;AL;03/2026;NI;NI;NI;NI;NI;NI;NI;0;0
LEBES FINANCEIRA S.A. - SOCIEDADE DE CRÉDITO, FINANCIAMENTO E INVESTIMENTO;11271860;LEBES FINANCEIRA SCFI - PRUDENCIAL;;00083656;n1;2;14;ELDORADO;RS;03/2026;NI;NI;NI;NI;NI;NI;NI;2;0
COOPERATIVA DE CRÉDITO DOS FUNCIONÁRIOS DA PERPART, DO IPA E DA ADAGRO - COOPEMATER;11356599;;;;b3S;2;9;RECIFE;PE;03/2026;NI;NI;NI;NI;NI;NI;NI;0;0
COOPERATIVA DE CRÉDITO MÚTUO DOS EMPREGADOS DO CENTRO UNIVERSITÁRIO NEWTON PAIVA LTDA. - CREDIPAIVA;20833992;;;;b3S;2;9;BELO HORIZONTE;MG;03/2026;NI;NI;NI;NI;NI;NI;NI;0;0
TYCOON TECHNOLOGY INSTITUICAO DE PAGAMENTO S.A;26615279;TYCOON TECHNOLOGY IP - PRUDENCIAL;;00087274;n4;2;41;CURITIBA;PR;03/2026;NI;NI;NI;NI;NI;NI;NI;1;0
COOPERATIVA DE CRÉDITO DOS SERVIDORES DA UNIVERSIDADE FEDERAL DO ESPIRITO SANTO;27302181;;;;b3S;2;9;VITORIA;ES;03/2026;NI;NI;NI;NI;NI;NI;NI;0;4
QESH INSTITUICAO DE PAGAMENTO LTDA;31818873;QESH IP - PRUDENCIAL;;00087030;n4;2;41;NOVA LIMA;MG;03/2026;NI;NI;NI;NI;NI;NI;NI;1;0
BRB - CREDITO, FINANCIAMENTO E INVESTIMENTO S/A;33136888;BRB - PRUDENCIAL;00031976;00080288;n1;1;14;BRASILIA;DF;03/2026;NI;NI;NI;NI;NI;NI;NI;2;0
COOPERATIVA DE ECONOMIA E CREDITO MUTUO JOHN F. KENNEDY LTDA;33735192;;;;b3S;2;9;RIO DE JANEIRO;RJ;03/2026;NI;NI;NI;NI;NI;NI;NI;0;2
Z1 INSTITUIÇÃO DE PAGAMENTO LTDA.;35810871;Z1 INSTITUIÇÃO DE PAGAMENTO - PRUDENCIAL;;00087102;n4;3;41;SAO PAULO;SP;03/2026;NI;NI;NI;NI;NI;NI;NI;1;0
3X INSTITUIÇÃO DE PAGAMENTO LTDA;36010822;3X IP - PRUDENCIAL;;00087597;n4;2;41;BELO HORIZONTE;MG;03/2026;NI;NI;NI;NI;NI;NI;NI;1;0
FINVEST DISTRIBUIDORA DE TÍTULOS E VALORES MOBILIÁRIOS LTDA.;36266751;FINVEST DTVM - PRUDENCIAL;;00085544;n2;2;16;SAO PAULO;SP;03/2026;NI;NI;NI;NI;NI;NI;NI;2;0
COOPERATIVA DE ECONOMIA E CRÉDITO MÚTUO DOS FUNCIONÁRIOS DA ASSEMBLÉIA LEGISLATIVA DO ESTADO DA PARAÍBA LTDA. -  COOPERLEGIS;41146382;;;;b3S;2;9;JOAO PESSOA;PB;03/2026;NI;NI;NI;NI;NI;NI;NI;0;0
QUANTO NETWORK INSTITUICAO DE PAGAMENTO LTDA.;42064545;QUANTO NETWORK IP - PRUDENCIAL;;00085939;n4;2;41;SAO PAULO;SP;03/2026;NI;NI;NI;NI;NI;NI;NI;1;0
PEAK SOCIEDADE DE EMPRÉSTIMO ENTRE PESSOAS S.A.;44019481;PEAK SEP - PRUDENCIAL;;00085881;n1;2;44;SAO PAULO;SP;03/2026;NI;NI;NI;NI;NI;NI;NI;2;0
FEATBANK INSTITUICAO DE PAGAMENTO LTDA;44663846;FEATBANK IP - PRUDENCIAL;;00088204;n4;2;41;SAO PAULO;SP;03/2026;NI;NI;NI;NI;NI;NI;NI;1;0
QUADRA SOCIEDADE DE CRÉDITO DIRETO S.A.;49555647;QUADRA SCD - PRUDENCIAL;;00086646;n1;2;43;SAO PAULO;SP;03/2026;NI;NI;NI;NI;NI;NI;NI;2;0
KONECT SOCIEDADE DE CRÉDITO DIRETO S/A;50626276;KONECT SCD - PRUDENCIAL;;00087009;n1;2;43;SAO PAULO;SP;03/2026;NI;NI;NI;NI;NI;NI;NI;2;0
MH SOCIEDADE DE CRÉDITO DIRETO S.A.;51834986;MH SCD - PRUDENCIAL;;00087188;n1;2;43;CIANORTE;PR;03/2026;NI;NI;NI;NI;NI;NI;NI;2;0
COOPERATIVA DE CRÉDITO E INVESTIMENTO UNINDÚSTRIA;53841911;;;;b3S;2;9;CONCORDIA;SC;03/2026;NI;NI;NI;NI;NI;NI;NI;0;2
FATURACRED SOCIEDADE DE CRÉDITO DIRETO S.A.;58859402;FATURACRED SCD - PRUDENCIAL;;00088091;n1;2;43;VILA VELHA;ES;03/2026;NI;NI;NI;NI;NI;NI;NI;2;0
FIRST SOCIEDADE DE CRÉDITO DIRETO S.A.;62198637;FIRST SCD - PRUDENCIAL;;00088572;n1;2;43;RIO DE JANEIRO;RJ;03/2026;NI;NI;NI;NI;NI;NI;NI;2;0
COOPERATIVA DE CRÉDITO DE SERVIDORES DO PODER JUDICIÁRIO DA BAHIA LTDA. - COOPEJUS BAHIA;62223733;;;;b3S;2;9;SALVADOR;BA;03/2026;NI;NI;NI;NI;NI;NI;NI;0;0
COOPERATIVA DE ECONOMIA E CRÉDITO MÚTUO DOS EMPREGADOS DA PRODAM/SP - CREDIPRODAM;67031757;;;;b3S;2;9;SAO PAULO;SP;03/2026;NI;NI;NI;NI;NI;NI;NI;0;0
FRENTE SOCIEDADE CORRETORA DE CÂMBIO S.A. - EM LIQUIDAÇÃO EXTRAJUDICIAL;71677850;FRENTE CC - PRUDENCIAL;;00084387;n2;2;21;SAO PAULO;SP;03/2026;NI;NI;NI;NI;NI;NI;NI;2;0
COOPERATIVA DE ECONOMIA E CRÉDITO MÚTUO DOS FUNCIONÁRIOS DO GRUPO VOTORANTIM LIMITADA.;75174953;;;;b3S;2;9;RIO BRANCO DO SUL;PR;03/2026;NI;NI;NI;NI;NI;NI;NI;0;0
COOPERATIVA DE ECONOMIA E CRÉDITO MÚTUO DOS ELETRICITÁRIOS E DOS TRABALHADORES DAS EMPRESAS DO SETOR DE ENERGIA - COOPCRECE;92825397;;;;b3S;2;9;PORTO ALEGRE;RS;03/2026;NI;NI;NI;NI;NI;NI;NI;0;1
TCB - Tipo de Consolidado Bancário
b1 - Banco Comercial, Banco Múltiplo com Carteira Comercial ou Caixa Econômica;;;;;;;;;;;14.136.404.524;5.415.919.525;3.314.578.475;13.021.617.866;11.358.352.182;1.114.786.658;38.280.634;13.732;8.029;
b1 - Banco Comercial, Banco Múltiplo com Carteira Comercial ou Caixa Econômica;;;;;;;;;;;73,98%;74,64%;80,39%;76,17%;81,84%;55,38%;52,99%;89,96%;44,70%;
b2 - Banco Múltiplo sem Carteira Comercial ou Banco de Investimento ou Banco de Câmbio;;;;;;;;;;;896.421.595;428.411.713;95.671.788;626.222.180;392.267.261;270.199.415;13.821.441;108;7;
b2 - Banco Múltiplo sem Carteira Comercial ou Banco de Investimento ou Banco de Câmbio;;;;;;;;;;;4,69%;5,90%;2,32%;3,66%;2,83%;13,42%;19,13%;0,71%;0,04%;
b3S - Cooperativa de Crédito Singulares;;;;;;;;;;;956.115.490;536.297.259;163.812.010;819.375.603;637.499.276;136.739.886;3.848.308;0;9.903;
b3S - Cooperativa de Crédito Singulares;;;;;;;;;;;5,00%;7,39%;3,97%;4,79%;4,59%;6,79%;5,33%;0,00%;55,14%;
b3C - Central e Confederação de Cooperativas de Crédito;;;;;;;;;;;238.803.157;2.857.961;92.396.964;219.469.276;27.115.193;19.333.880;384.759;0;11;
b3C - Central e Confederação de Cooperativas de Crédito;;;;;;;;;;;1,25%;0,04%;2,24%;1,28%;0,20%;0,96%;0,53%;0,00%;0,06%;
b4 - Banco de Desenvolvimento;;;;;;;;;;;1.039.918.650;400.306.699;192.418.137;839.697.906;658.587.844;200.220.744;3.946.906;13;0;
b4 - Banco de Desenvolvimento;;;;;;;;;;;5,44%;5,52%;4,67%;4,91%;4,75%;9,95%;5,46%;0,09%;0,00%;
n1 - Não Bancário de Crédito;;;;;;;;;;;691.062.906;368.589.072;126.563.573;587.019.930;489.619.401;104.042.975;4.338.806;655;0;
n1 - Não Bancário de Crédito;;;;;;;;;;;3,62%;5,08%;3,07%;3,43%;3,53%;5,17%;6,01%;4,29%;0,00%;
n2 - Não Bancário de Mercado de Capitais;;;;;;;;;;;278.570.528;14.500;59.848.471;229.530.335;126.497.293;49.040.193;2.712.358;567;10;
n2 - Não Bancário de Mercado de Capitais;;;;;;;;;;;1,46%;0,00%;1,45%;1,34%;0,91%;2,44%;3,75%;3,71%;0,06%;
n4 - Instituições de Pagamento;;;;;;;;;;;872.002.027;103.664.204;77.940.386;753.492.168;188.644.510;118.509.859;4.911.194;189;0;
n4 - Instituições de Pagamento;;;;;;;;;;;4,56%;1,43%;1,89%;4,41%;1,36%;5,89%;6,80%;1,24%;0,00%;
TC - Tipo de Controle
1 - Público;;;;;;;;;;;6.293.677.246;2.946.540.796;1.501.641.561;5.726.749.160;4.950.924.785;566.928.086;12.381.043;8.320;1.528;
1 - Público;;;;;;;;;;;32,94%;40,61%;36,42%;33,50%;35,67%;28,17%;17,14%;54,51%;8,51%;
2 - Privado Nacional;;;;;;;;;;;9.514.987.842;3.204.855.246;1.964.366.067;8.406.407.906;6.644.186.739;1.108.579.936;46.495.871;5.121;13.601;
2 - Privado Nacional;;;;;;;;;;;49,79%;44,17%;47,64%;49,17%;47,87%;55,07%;64,36%;33,55%;75,73%;
3 - Privado com Controle Estrangeiro;;;;;;;;;;;3.300.633.786;1.104.664.891;657.222.176;2.963.268.198;2.283.471.437;337.365.588;13.367.492;1.823;2.831;
3 - Privado com Controle Estrangeiro;;;;;;;;;;;17,27%;15,22%;15,94%;17,33%;16,45%;16,76%;18,50%;11,94%;15,76%;
TI - Tipo de Instituição
1 - Banco do Brasil - Banco Múltiplo;;;;;;;;;;;2.494.074.552;1.058.106.636;704.481.403;2.307.554.277;1.993.079.683;186.520.275;3.032.862;3.946;316;
1 - Banco do Brasil - Banco Múltiplo;;;;;;;;;;;13,05%;14,58%;17,09%;13,50%;14,36%;9,27%;4,20%;25,85%;1,76%;
2 - Banco Comercial;;;;;;;;;;;132.998.841;77.328.253;30.853.740;119.406.529;61.365.820;13.592.313;333.069;159;1.487;
2 - Banco Comercial;;;;;;;;;;;0,70%;1,07%;0,75%;0,70%;0,44%;0,68%;0,46%;1,04%;8,28%;
3 - Banco Comercial Cooperativo;;;;;;;;;;;0;0;0;0;0;0;0;0;0;
3 - Banco Comercial Cooperativo;;;;;;;;;;;0,00%;0,00%;0,00%;0,00%;0,00%;0,00%;0,00%;0,00%;0,00%;
4 - BNDES;;;;;;;;;;;992.991.682;367.321.096;181.951.385;800.966.232;623.709.476;192.025.450;3.748.910;5;0;
4 - BNDES;;;;;;;;;;;5,20%;5,06%;4,41%;4,68%;4,49%;9,54%;5,19%;0,03%;0,00%;
5 - Banco de Desenvolvimento;;;;;;;;;;;46.926.968;32.985.603;10.466.752;38.731.673;34.878.369;8.195.294;197.997;8;0;
5 - Banco de Desenvolvimento;;;;;;;;;;;0,25%;0,45%;0,25%;0,23%;0,25%;0,41%;0,27%;0,05%;0,00%;
6 - Caixa Econômica Federal;;;;;;;;;;;2.341.423.338;1.326.305.265;434.891.894;2.226.534.922;2.046.609.674;114.888.417;3.093.792;3.008;865;
6 - Caixa Econômica Federal;;;;;;;;;;;12,25%;18,28%;10,55%;13,02%;14,75%;5,71%;4,28%;19,71%;4,82%;
7 - Caixa Econômica Estadual;;;;;;;;;;;0;0;0;0;0;0;0;0;0;
7 - Caixa Econômica Estadual;;;;;;;;;;;0,00%;0,00%;0,00%;0,00%;0,00%;0,00%;0,00%;0,00%;0,00%;
8 - Banco Múltiplo;;;;;;;;;;;9.554.727.397;3.285.425.206;2.096.757.074;8.511.903.387;7.231.827.854;1.042.824.010;45.250.330;6.667;5.368;
8 - Banco Múltiplo;;;;;;;;;;;50,00%;45,28%;50,85%;49,79%;52,11%;51,81%;62,64%;43,68%;29,89%;
9 - Cooperativa de Crédito;;;;;;;;;;;1.193.755.730;539.155.220;256.079.463;1.038.141.822;664.614.470;155.613.908;4.181.145;0;9.914;
9 - Cooperativa de Crédito;;;;;;;;;;;6,25%;7,43%;6,21%;6,07%;4,79%;7,73%;5,79%;0,00%;55,20%;
10 - Sociedade de Crédito ao Microempreendedor;;;;;;;;;;;2.468.130;202.483;51.401;2.107.493;1.727.465;360.638;16.671;43;0;
10 - Sociedade de Crédito ao Microempreendedor;;;;;;;;;;;0,01%;0,00%;0,00%;0,01%;0,01%;0,02%;0,02%;0,28%;0,00%;
11 - Banco Múltiplo Cooperativo;;;;;;;;;;;431.753.769;90.900.221;112.140.576;420.199.150;367.460.349;11.554.619;247.443;11;0;
11 - Banco Múltiplo Cooperativo;;;;;;;;;;;2,26%;1,25%;2,72%;2,46%;2,65%;0,57%;0,34%;0,07%;0,00%;
13 - Banco de Investimento;;;;;;;;;;;51.968.453;6.150.170;28.585.051;42.460.270;37.189.842;9.508.183;-3.109;32;0;
13 - Banco de Investimento;;;;;;;;;;;0,27%;0,08%;0,69%;0,25%;0,27%;0,47%;0,00%;0,21%;0,00%;
14 - Sociedade de Crédito, Financiamento e Investimento;;;;;;;;;;;586.332.050;328.175.712;99.907.711;535.216.350;449.914.036;51.115.700;3.242.806;182;0;
14 - Sociedade de Crédito, Financiamento e Investimento;;;;;;;;;;;3,07%;4,52%;2,42%;3,13%;3,24%;2,54%;4,49%;1,19%;0,00%;
15 - Sociedade Corretora de TVM;;;;;;;;;;;238.833.631;14.488;53.157.130;204.052.843;111.595.782;34.780.788;1.065.206;155;10;
15 - Sociedade Corretora de TVM;;;;;;;;;;;1,25%;0,00%;1,29%;1,19%;0,80%;1,73%;1,47%;1,02%;0,06%;
16 - Sociedade Distribuidora de TVM;;;;;;;;;;;37.649.461;0;5.957.263;24.653.058;14.783.269;12.996.403;1.609.311;241;0;
16 - Sociedade Distribuidora de TVM;;;;;;;;;;;0,20%;0,00%;0,14%;0,14%;0,11%;0,65%;2,23%;1,58%;0,00%;
19 - Sociedade de Arrendamento Mercantil;;;;;;;;;;;56.915.162;21.716.532;14.494.053;30.913.895;25.144.669;26.001.267;494.711;38;0;
19 - Sociedade de Arrendamento Mercantil;;;;;;;;;;;0,30%;0,30%;0,35%;0,18%;0,18%;1,29%;0,68%;0,25%;0,00%;
21 - Sociedade Corretora de Câmbio;;;;;;;;;;;2.087.436;12;734.079;824.434;118.243;1.263.002;37.841;171;0;
21 - Sociedade Corretora de Câmbio;;;;;;;;;;;0,01%;0,00%;0,02%;0,00%;0,00%;0,06%;0,05%;1,12%;0,00%;
25 - Associação de Poupança e Empréstimo;;;;;;;;;;;11.111.609;5.199.559;1.156.545;3.423.122;3.283.569;7.688.486;45.471;61;0;
25 - Associação de Poupança e Empréstimo;;;;;;;;;;;0,06%;0,07%;0,03%;0,02%;0,02%;0,38%;0,06%;0,40%;0,00%;
28 - Banco Comercial Estrangeiro - Filial no país;;;;;;;;;;;24.943.531;115.487;2.294.213;19.197.652;12.883.896;5.745.879;134.334;8;0;
28 - Banco Comercial Estrangeiro - Filial no país;;;;;;;;;;;0,13%;0,00%;0,06%;0,11%;0,09%;0,29%;0,19%;0,05%;0,00%;
29 - Companhia Hipotecária;;;;;;;;;;;1.216.886;932.254;68.305;1.042.241;809.129;174.645;7.065;11;0;
29 - Companhia Hipotecária;;;;;;;;;;;0,01%;0,01%;0,00%;0,01%;0,01%;0,01%;0,01%;0,07%;0,00%;
30 - Agência de Fomento;;;;;;;;;;;18.033.801;9.912.902;7.082.858;5.918.608;4.732.411;12.115.193;188.258;25;0;
30 - Agência de Fomento;;;;;;;;;;;0,09%;0,14%;0,17%;0,03%;0,03%;0,60%;0,26%;0,16%;0,00%;
31 - Sociedade de Crédito Imobiliário - Repassadora;;;;;;;;;;;0;0;0;0;0;0;0;0;0;
31 - Sociedade de Crédito Imobiliário - Repassadora;;;;;;;;;;;0,00%;0,00%;0,00%;0,00%;0,00%;0,00%;0,00%;0,00%;0,00%;
39 - Banco de Câmbio;;;;;;;;;;;936.236;0;246.312;583.859;202.325;352.377;13.354;9;0;
39 - Banco de Câmbio;;;;;;;;;;;0,00%;0,00%;0,01%;0,00%;0,00%;0,02%;0,02%;0,06%;0,00%;
41 - Instituições de Pagamento;;;;;;;;;;;872.002.027;103.664.204;77.940.386;753.492.168;188.644.510;118.509.859;4.911.194;189;0;
41 - Instituições de Pagamento;;;;;;;;;;;4,56%;1,43%;1,89%;4,41%;1,36%;5,89%;6,80%;1,24%;0,00%;
43 - Sociedades de Crédito Direto;;;;;;;;;;;14.814.664;2.449.630;3.780.886;8.296.674;3.967.031;6.517.990;341.975;271;0;
43 - Sociedades de Crédito Direto;;;;;;;;;;;0,08%;0,03%;0,09%;0,05%;0,03%;0,32%;0,47%;1,78%;0,00%;
44 - Sociedades de Empréstimo entre Pessoas;;;;;;;;;;;170.604;0;21.814;101.548;41.091;69.056;1.849;24;0;
44 - Sociedades de Empréstimo entre Pessoas;;;;;;;;;;;0,00%;0,00%;0,00%;0,00%;0,00%;0,00%;0,00%;0,16%;0,00%;
